2025-10-06 10:08:33,968 - __main__ - INFO - Trading Bot initialized
2025-10-06 10:08:33,968 - __main__ - INFO - Starting Kite Trading Bot...
2025-10-06 10:08:33,968 - __main__ - INFO - Authenticating with Kite Connect...
2025-10-06 10:08:34,326 - kite_client - INFO - Successfully authenticated as: Muralinathan Natarajan
2025-10-06 10:08:34,326 - __main__ - INFO - Authentication successful
2025-10-06 10:08:34,689 - __main__ - INFO - Logged in as: Muralinathan Natarajan
2025-10-06 10:08:34,689 - __main__ - INFO - Trading bot started. Press Ctrl+C to stop.
2025-10-06 10:13:34,761 - __main__ - INFO - Starting trading cycle...
2025-10-06 10:13:37,840 - portfolio_manager - ERROR - Error calculating portfolio value: 'list' object has no attribute 'get'
2025-10-06 10:13:40,296 - portfolio_manager - ERROR - Error calculating portfolio value: 'list' object has no attribute 'get'
2025-10-06 10:13:40,296 - __main__ - INFO - Portfolio value: ₹0.00
2025-10-06 10:13:40,297 - __main__ - INFO - Day PnL: ₹0.00
2025-10-06 10:13:41,001 - kite_client - ERROR - Failed to get historical data: Insufficient permission for that call.
2025-10-06 10:13:41,005 - trading_strategies - WARNING - Analysis failed for NSE:RELIANCE: Insufficient data
2025-10-06 10:13:41,644 - kite_client - ERROR - Failed to get historical data: Insufficient permission for that call.
2025-10-06 10:13:41,647 - trading_strategies - WARNING - Analysis failed for NSE:TCS: Insufficient data
2025-10-06 10:13:42,369 - kite_client - ERROR - Failed to get historical data: Insufficient permission for that call.
2025-10-06 10:13:42,371 - trading_strategies - WARNING - Analysis failed for NSE:HDFCBANK: Insufficient data
2025-10-06 10:13:43,085 - kite_client - ERROR - Failed to get historical data: Insufficient permission for that call.
2025-10-06 10:13:43,089 - trading_strategies - WARNING - Analysis failed for NSE:INFY: Insufficient data
2025-10-06 10:13:43,754 - kite_client - ERROR - Failed to get historical data: Insufficient permission for that call.
2025-10-06 10:13:43,756 - trading_strategies - WARNING - Analysis failed for NSE:HINDUNILVR: Insufficient data
2025-10-06 10:13:44,387 - kite_client - ERROR - Failed to get historical data: Insufficient permission for that call.
2025-10-06 10:13:44,388 - trading_strategies - WARNING - Analysis failed for NSE:ITC: Insufficient data
2025-10-06 10:13:45,023 - kite_client - ERROR - Failed to get historical data: Insufficient permission for that call.
2025-10-06 10:13:45,025 - trading_strategies - WARNING - Analysis failed for NSE:KOTAKBANK: Insufficient data
2025-10-06 10:13:45,735 - kite_client - ERROR - Failed to get historical data: Insufficient permission for that call.
2025-10-06 10:13:45,738 - trading_strategies - WARNING - Analysis failed for NSE:LT: Insufficient data
2025-10-06 10:13:46,384 - kite_client - ERROR - Failed to get historical data: Insufficient permission for that call.
2025-10-06 10:13:46,387 - trading_strategies - WARNING - Analysis failed for NSE:SBIN: Insufficient data
2025-10-06 10:13:47,054 - kite_client - ERROR - Failed to get historical data: Insufficient permission for that call.
2025-10-06 10:13:47,056 - trading_strategies - WARNING - Analysis failed for NSE:BHARTIARTL: Insufficient data
2025-10-06 10:13:49,222 - portfolio_manager - ERROR - Error calculating portfolio value: 'list' object has no attribute 'get'
2025-10-06 10:13:49,223 - __main__ - INFO - Portfolio rebalancing suggestions:
2025-10-06 10:13:49,223 - __main__ - INFO -   - {'type': 'diversify', 'current_positions': 0, 'suggested_positions': 8, 'reason': 'Portfolio under-diversified'}
2025-10-06 10:13:49,223 - __main__ - INFO - Trading cycle completed
2025-10-06 10:18:49,612 - __main__ - INFO - Starting trading cycle...
2025-10-06 10:18:52,503 - portfolio_manager - ERROR - Error calculating portfolio value: 'list' object has no attribute 'get'
2025-10-06 10:18:54,873 - portfolio_manager - ERROR - Error calculating portfolio value: 'list' object has no attribute 'get'
2025-10-06 10:18:54,873 - __main__ - INFO - Portfolio value: ₹0.00
2025-10-06 10:18:54,873 - __main__ - INFO - Day PnL: ₹0.00
2025-10-06 10:18:55,647 - kite_client - ERROR - Failed to get historical data: Insufficient permission for that call.
2025-10-06 10:18:55,650 - trading_strategies - WARNING - Analysis failed for NSE:RELIANCE: Insufficient data
2025-10-06 10:18:56,287 - kite_client - ERROR - Failed to get historical data: Insufficient permission for that call.
2025-10-06 10:18:56,291 - trading_strategies - WARNING - Analysis failed for NSE:TCS: Insufficient data
2025-10-06 10:18:57,727 - kite_client - ERROR - Failed to get historical data: Insufficient permission for that call.
2025-10-06 10:18:57,730 - trading_strategies - WARNING - Analysis failed for NSE:HDFCBANK: Insufficient data
2025-10-06 10:18:58,446 - kite_client - ERROR - Failed to get historical data: Insufficient permission for that call.
2025-10-06 10:18:58,449 - trading_strategies - WARNING - Analysis failed for NSE:INFY: Insufficient data
2025-10-06 10:18:59,261 - kite_client - ERROR - Failed to get historical data: Insufficient permission for that call.
2025-10-06 10:18:59,265 - trading_strategies - WARNING - Analysis failed for NSE:HINDUNILVR: Insufficient data
2025-10-06 10:19:00,086 - kite_client - ERROR - Failed to get historical data: Insufficient permission for that call.
2025-10-06 10:19:00,091 - trading_strategies - WARNING - Analysis failed for NSE:ITC: Insufficient data
2025-10-06 10:19:00,815 - kite_client - ERROR - Failed to get historical data: Insufficient permission for that call.
2025-10-06 10:19:00,817 - trading_strategies - WARNING - Analysis failed for NSE:KOTAKBANK: Insufficient data
2025-10-06 10:19:01,514 - kite_client - ERROR - Failed to get historical data: Insufficient permission for that call.
2025-10-06 10:19:01,515 - trading_strategies - WARNING - Analysis failed for NSE:LT: Insufficient data
2025-10-06 10:19:02,333 - kite_client - ERROR - Failed to get historical data: Insufficient permission for that call.
2025-10-06 10:19:02,335 - trading_strategies - WARNING - Analysis failed for NSE:SBIN: Insufficient data
2025-10-06 10:19:03,068 - kite_client - ERROR - Failed to get historical data: Insufficient permission for that call.
2025-10-06 10:19:03,069 - trading_strategies - WARNING - Analysis failed for NSE:BHARTIARTL: Insufficient data
2025-10-06 10:19:05,741 - portfolio_manager - ERROR - Error calculating portfolio value: 'list' object has no attribute 'get'
2025-10-06 10:19:05,741 - __main__ - INFO - Portfolio rebalancing suggestions:
2025-10-06 10:19:05,741 - __main__ - INFO -   - {'type': 'diversify', 'current_positions': 0, 'suggested_positions': 8, 'reason': 'Portfolio under-diversified'}
2025-10-06 10:19:05,741 - __main__ - INFO - Trading cycle completed
2025-10-06 10:24:05,855 - __main__ - INFO - Starting trading cycle...
2025-10-06 10:24:08,104 - portfolio_manager - ERROR - Error calculating portfolio value: 'list' object has no attribute 'get'
2025-10-06 10:24:10,330 - portfolio_manager - ERROR - Error calculating portfolio value: 'list' object has no attribute 'get'
2025-10-06 10:24:10,331 - __main__ - INFO - Portfolio value: ₹0.00
2025-10-06 10:24:10,331 - __main__ - INFO - Day PnL: ₹0.00
2025-10-06 10:24:11,743 - kite_client - ERROR - Failed to get historical data: Insufficient permission for that call.
2025-10-06 10:24:11,746 - trading_strategies - WARNING - Analysis failed for NSE:RELIANCE: Insufficient data
2025-10-06 10:24:12,508 - kite_client - ERROR - Failed to get historical data: Insufficient permission for that call.
2025-10-06 10:24:12,512 - trading_strategies - WARNING - Analysis failed for NSE:TCS: Insufficient data
2025-10-06 10:24:13,240 - kite_client - ERROR - Failed to get historical data: Insufficient permission for that call.
2025-10-06 10:24:13,244 - trading_strategies - WARNING - Analysis failed for NSE:HDFCBANK: Insufficient data
2025-10-06 10:24:14,049 - kite_client - ERROR - Failed to get historical data: Insufficient permission for that call.
2025-10-06 10:24:14,052 - trading_strategies - WARNING - Analysis failed for NSE:INFY: Insufficient data
2025-10-06 10:24:14,780 - kite_client - ERROR - Failed to get historical data: Insufficient permission for that call.
2025-10-06 10:24:14,784 - trading_strategies - WARNING - Analysis failed for NSE:HINDUNILVR: Insufficient data
2025-10-06 10:24:15,432 - kite_client - ERROR - Failed to get historical data: Insufficient permission for that call.
2025-10-06 10:24:15,436 - trading_strategies - WARNING - Analysis failed for NSE:ITC: Insufficient data
2025-10-06 10:24:16,088 - kite_client - ERROR - Failed to get historical data: Insufficient permission for that call.
2025-10-06 10:24:16,093 - trading_strategies - WARNING - Analysis failed for NSE:KOTAKBANK: Insufficient data
2025-10-06 10:24:16,784 - kite_client - ERROR - Failed to get historical data: Insufficient permission for that call.
2025-10-06 10:24:16,788 - trading_strategies - WARNING - Analysis failed for NSE:LT: Insufficient data
2025-10-06 10:24:17,526 - kite_client - ERROR - Failed to get historical data: Insufficient permission for that call.
2025-10-06 10:24:17,530 - trading_strategies - WARNING - Analysis failed for NSE:SBIN: Insufficient data
2025-10-06 10:24:18,342 - kite_client - ERROR - Failed to get historical data: Insufficient permission for that call.
2025-10-06 10:24:18,347 - trading_strategies - WARNING - Analysis failed for NSE:BHARTIARTL: Insufficient data
2025-10-06 10:24:20,813 - portfolio_manager - ERROR - Error calculating portfolio value: 'list' object has no attribute 'get'
2025-10-06 10:24:20,814 - __main__ - INFO - Portfolio rebalancing suggestions:
2025-10-06 10:24:20,814 - __main__ - INFO -   - {'type': 'diversify', 'current_positions': 0, 'suggested_positions': 8, 'reason': 'Portfolio under-diversified'}
2025-10-06 10:24:20,814 - __main__ - INFO - Trading cycle completed
2025-10-06 10:29:20,910 - __main__ - INFO - Starting trading cycle...
2025-10-06 10:29:23,139 - portfolio_manager - ERROR - Error calculating portfolio value: 'list' object has no attribute 'get'
2025-10-06 10:29:25,448 - portfolio_manager - ERROR - Error calculating portfolio value: 'list' object has no attribute 'get'
2025-10-06 10:29:25,448 - __main__ - INFO - Portfolio value: ₹0.00
2025-10-06 10:29:25,449 - __main__ - INFO - Day PnL: ₹0.00
2025-10-06 10:29:26,983 - kite_client - ERROR - Failed to get historical data: Insufficient permission for that call.
2025-10-06 10:29:26,988 - trading_strategies - WARNING - Analysis failed for NSE:RELIANCE: Insufficient data
2025-10-06 10:29:27,682 - kite_client - ERROR - Failed to get historical data: Insufficient permission for that call.
2025-10-06 10:29:27,686 - trading_strategies - WARNING - Analysis failed for NSE:TCS: Insufficient data
2025-10-06 10:29:28,391 - kite_client - ERROR - Failed to get historical data: Insufficient permission for that call.
2025-10-06 10:29:28,395 - trading_strategies - WARNING - Analysis failed for NSE:HDFCBANK: Insufficient data
2025-10-06 10:29:29,091 - kite_client - ERROR - Failed to get historical data: Insufficient permission for that call.
2025-10-06 10:29:29,097 - trading_strategies - WARNING - Analysis failed for NSE:INFY: Insufficient data
2025-10-06 10:29:29,761 - kite_client - ERROR - Failed to get historical data: Insufficient permission for that call.
2025-10-06 10:29:29,765 - trading_strategies - WARNING - Analysis failed for NSE:HINDUNILVR: Insufficient data
2025-10-06 10:29:30,526 - kite_client - ERROR - Failed to get historical data: Insufficient permission for that call.
2025-10-06 10:29:30,531 - trading_strategies - WARNING - Analysis failed for NSE:ITC: Insufficient data
2025-10-06 10:29:31,192 - kite_client - ERROR - Failed to get historical data: Insufficient permission for that call.
2025-10-06 10:29:31,197 - trading_strategies - WARNING - Analysis failed for NSE:KOTAKBANK: Insufficient data
2025-10-06 10:29:32,109 - kite_client - ERROR - Failed to get historical data: Insufficient permission for that call.
2025-10-06 10:29:32,114 - trading_strategies - WARNING - Analysis failed for NSE:LT: Insufficient data
2025-10-06 10:29:32,957 - kite_client - ERROR - Failed to get historical data: Insufficient permission for that call.
2025-10-06 10:29:32,960 - trading_strategies - WARNING - Analysis failed for NSE:SBIN: Insufficient data
2025-10-06 10:29:33,742 - kite_client - ERROR - Failed to get historical data: Insufficient permission for that call.
2025-10-06 10:29:33,747 - trading_strategies - WARNING - Analysis failed for NSE:BHARTIARTL: Insufficient data
2025-10-06 10:29:36,302 - portfolio_manager - ERROR - Error calculating portfolio value: 'list' object has no attribute 'get'
2025-10-06 10:29:36,303 - __main__ - INFO - Portfolio rebalancing suggestions:
2025-10-06 10:29:36,303 - __main__ - INFO -   - {'type': 'diversify', 'current_positions': 0, 'suggested_positions': 8, 'reason': 'Portfolio under-diversified'}
2025-10-06 10:29:36,303 - __main__ - INFO - Trading cycle completed
2025-10-06 10:34:36,394 - __main__ - INFO - Starting trading cycle...
2025-10-06 10:34:38,489 - portfolio_manager - ERROR - Error calculating portfolio value: 'list' object has no attribute 'get'
2025-10-06 10:34:40,845 - portfolio_manager - ERROR - Error calculating portfolio value: 'list' object has no attribute 'get'
2025-10-06 10:34:40,845 - __main__ - INFO - Portfolio value: ₹0.00
2025-10-06 10:34:40,845 - __main__ - INFO - Day PnL: ₹0.00
2025-10-06 10:34:41,625 - kite_client - ERROR - Failed to get historical data: Insufficient permission for that call.
2025-10-06 10:34:41,630 - trading_strategies - WARNING - Analysis failed for NSE:RELIANCE: Insufficient data
2025-10-06 10:34:42,380 - kite_client - ERROR - Failed to get historical data: Insufficient permission for that call.
2025-10-06 10:34:42,383 - trading_strategies - WARNING - Analysis failed for NSE:TCS: Insufficient data
2025-10-06 10:34:43,100 - kite_client - ERROR - Failed to get historical data: Insufficient permission for that call.
2025-10-06 10:34:43,104 - trading_strategies - WARNING - Analysis failed for NSE:HDFCBANK: Insufficient data
2025-10-06 10:34:43,821 - kite_client - ERROR - Failed to get historical data: Insufficient permission for that call.
2025-10-06 10:34:43,826 - trading_strategies - WARNING - Analysis failed for NSE:INFY: Insufficient data
2025-10-06 10:34:44,634 - kite_client - ERROR - Failed to get historical data: Insufficient permission for that call.
2025-10-06 10:34:44,639 - trading_strategies - WARNING - Analysis failed for NSE:HINDUNILVR: Insufficient data
2025-10-06 10:34:45,327 - kite_client - ERROR - Failed to get historical data: Insufficient permission for that call.
2025-10-06 10:34:45,332 - trading_strategies - WARNING - Analysis failed for NSE:ITC: Insufficient data
2025-10-06 10:34:46,079 - kite_client - ERROR - Failed to get historical data: Insufficient permission for that call.
2025-10-06 10:34:46,083 - trading_strategies - WARNING - Analysis failed for NSE:KOTAKBANK: Insufficient data
2025-10-06 10:34:46,989 - kite_client - ERROR - Failed to get historical data: Insufficient permission for that call.
2025-10-06 10:34:46,994 - trading_strategies - WARNING - Analysis failed for NSE:LT: Insufficient data
2025-10-06 10:34:47,809 - kite_client - ERROR - Failed to get historical data: Insufficient permission for that call.
2025-10-06 10:34:47,813 - trading_strategies - WARNING - Analysis failed for NSE:SBIN: Insufficient data
2025-10-06 10:34:48,627 - kite_client - ERROR - Failed to get historical data: Insufficient permission for that call.
2025-10-06 10:34:48,632 - trading_strategies - WARNING - Analysis failed for NSE:BHARTIARTL: Insufficient data
2025-10-06 10:34:51,076 - portfolio_manager - ERROR - Error calculating portfolio value: 'list' object has no attribute 'get'
2025-10-06 10:34:51,077 - __main__ - INFO - Portfolio rebalancing suggestions:
2025-10-06 10:34:51,077 - __main__ - INFO -   - {'type': 'diversify', 'current_positions': 0, 'suggested_positions': 8, 'reason': 'Portfolio under-diversified'}
2025-10-06 10:34:51,077 - __main__ - INFO - Trading cycle completed
2025-10-06 10:39:51,229 - __main__ - INFO - Starting trading cycle...
2025-10-06 10:39:53,203 - portfolio_manager - ERROR - Error calculating portfolio value: 'list' object has no attribute 'get'
2025-10-06 10:39:55,151 - portfolio_manager - ERROR - Error calculating portfolio value: 'list' object has no attribute 'get'
2025-10-06 10:39:55,151 - __main__ - INFO - Portfolio value: ₹0.00
2025-10-06 10:39:55,151 - __main__ - INFO - Day PnL: ₹0.00
2025-10-06 10:39:55,934 - kite_client - ERROR - Failed to get historical data: Insufficient permission for that call.
2025-10-06 10:39:55,939 - trading_strategies - WARNING - Analysis failed for NSE:RELIANCE: Insufficient data
2025-10-06 10:39:56,651 - kite_client - ERROR - Failed to get historical data: Insufficient permission for that call.
2025-10-06 10:39:56,656 - trading_strategies - WARNING - Analysis failed for NSE:TCS: Insufficient data
2025-10-06 10:39:57,471 - kite_client - ERROR - Failed to get historical data: Insufficient permission for that call.
2025-10-06 10:39:57,475 - trading_strategies - WARNING - Analysis failed for NSE:HDFCBANK: Insufficient data
2025-10-06 10:39:58,292 - kite_client - ERROR - Failed to get historical data: Insufficient permission for that call.
2025-10-06 10:39:58,296 - trading_strategies - WARNING - Analysis failed for NSE:INFY: Insufficient data
2025-10-06 10:39:59,213 - kite_client - ERROR - Failed to get historical data: Insufficient permission for that call.
2025-10-06 10:39:59,221 - trading_strategies - WARNING - Analysis failed for NSE:HINDUNILVR: Insufficient data
2025-10-06 10:40:00,134 - kite_client - ERROR - Failed to get historical data: Insufficient permission for that call.
2025-10-06 10:40:00,138 - trading_strategies - WARNING - Analysis failed for NSE:ITC: Insufficient data
2025-10-06 10:40:00,953 - kite_client - ERROR - Failed to get historical data: Insufficient permission for that call.
2025-10-06 10:40:00,957 - trading_strategies - WARNING - Analysis failed for NSE:KOTAKBANK: Insufficient data
2025-10-06 10:40:01,771 - kite_client - ERROR - Failed to get historical data: Insufficient permission for that call.
2025-10-06 10:40:01,776 - trading_strategies - WARNING - Analysis failed for NSE:LT: Insufficient data
2025-10-06 10:40:02,693 - kite_client - ERROR - Failed to get historical data: Insufficient permission for that call.
2025-10-06 10:40:02,698 - trading_strategies - WARNING - Analysis failed for NSE:SBIN: Insufficient data
2025-10-06 10:40:03,339 - kite_client - ERROR - Failed to get historical data: Insufficient permission for that call.
2025-10-06 10:40:03,343 - trading_strategies - WARNING - Analysis failed for NSE:BHARTIARTL: Insufficient data
2025-10-06 10:40:05,698 - portfolio_manager - ERROR - Error calculating portfolio value: 'list' object has no attribute 'get'
2025-10-06 10:40:05,699 - __main__ - INFO - Portfolio rebalancing suggestions:
2025-10-06 10:40:05,699 - __main__ - INFO -   - {'type': 'diversify', 'current_positions': 0, 'suggested_positions': 8, 'reason': 'Portfolio under-diversified'}
2025-10-06 10:40:05,699 - __main__ - INFO - Trading cycle completed
2025-10-06 10:49:39,302 - __main__ - INFO - Starting trading cycle...
2025-10-06 10:49:39,917 - kite_client - ERROR - Failed to get positions: ('Connection aborted.', ConnectionResetError(54, 'Connection reset by peer'))
2025-10-06 10:49:43,537 - portfolio_manager - ERROR - Error calculating portfolio value: 'list' object has no attribute 'get'
2025-10-06 10:49:43,537 - __main__ - INFO - Portfolio value: ₹0.00
2025-10-06 10:49:43,538 - __main__ - INFO - Day PnL: ₹0.00
2025-10-06 10:49:44,900 - kite_client - ERROR - Failed to get historical data: Insufficient permission for that call.
2025-10-06 10:49:44,906 - trading_strategies - WARNING - Analysis failed for NSE:RELIANCE: Insufficient data
2025-10-06 10:49:45,564 - kite_client - ERROR - Failed to get historical data: Insufficient permission for that call.
2025-10-06 10:49:45,568 - trading_strategies - WARNING - Analysis failed for NSE:TCS: Insufficient data
2025-10-06 10:49:46,249 - kite_client - ERROR - Failed to get historical data: Insufficient permission for that call.
2025-10-06 10:49:46,253 - trading_strategies - WARNING - Analysis failed for NSE:HDFCBANK: Insufficient data
2025-10-06 10:49:46,880 - kite_client - ERROR - Failed to get historical data: Insufficient permission for that call.
2025-10-06 10:49:46,883 - trading_strategies - WARNING - Analysis failed for NSE:INFY: Insufficient data
2025-10-06 10:49:47,656 - kite_client - ERROR - Failed to get historical data: Insufficient permission for that call.
2025-10-06 10:49:47,660 - trading_strategies - WARNING - Analysis failed for NSE:HINDUNILVR: Insufficient data
2025-10-06 10:49:48,269 - kite_client - ERROR - Failed to get historical data: Insufficient permission for that call.
2025-10-06 10:49:48,272 - trading_strategies - WARNING - Analysis failed for NSE:ITC: Insufficient data
2025-10-06 10:49:49,038 - kite_client - ERROR - Failed to get historical data: Insufficient permission for that call.
2025-10-06 10:49:49,042 - trading_strategies - WARNING - Analysis failed for NSE:KOTAKBANK: Insufficient data
2025-10-06 10:49:49,704 - kite_client - ERROR - Failed to get historical data: Insufficient permission for that call.
2025-10-06 10:49:49,707 - trading_strategies - WARNING - Analysis failed for NSE:LT: Insufficient data
2025-10-06 10:49:50,366 - kite_client - ERROR - Failed to get historical data: Insufficient permission for that call.
2025-10-06 10:49:50,371 - trading_strategies - WARNING - Analysis failed for NSE:SBIN: Insufficient data
2025-10-06 10:49:50,982 - kite_client - ERROR - Failed to get historical data: Insufficient permission for that call.
2025-10-06 10:49:50,986 - trading_strategies - WARNING - Analysis failed for NSE:BHARTIARTL: Insufficient data
2025-10-06 10:49:53,264 - portfolio_manager - ERROR - Error calculating portfolio value: 'list' object has no attribute 'get'
2025-10-06 10:49:53,264 - __main__ - INFO - Portfolio rebalancing suggestions:
2025-10-06 10:49:53,264 - __main__ - INFO -   - {'type': 'diversify', 'current_positions': 0, 'suggested_positions': 8, 'reason': 'Portfolio under-diversified'}
2025-10-06 10:49:53,265 - __main__ - INFO - Trading cycle completed
2025-10-06 10:54:53,386 - __main__ - INFO - Starting trading cycle...
2025-10-06 10:54:55,828 - portfolio_manager - ERROR - Error calculating portfolio value: 'list' object has no attribute 'get'
2025-10-06 10:54:58,592 - portfolio_manager - ERROR - Error calculating portfolio value: 'list' object has no attribute 'get'
2025-10-06 10:54:58,593 - __main__ - INFO - Portfolio value: ₹0.00
2025-10-06 10:54:58,593 - __main__ - INFO - Day PnL: ₹0.00
2025-10-06 10:54:59,735 - kite_client - ERROR - Failed to get historical data: Insufficient permission for that call.
2025-10-06 10:54:59,740 - trading_strategies - WARNING - Analysis failed for NSE:RELIANCE: Insufficient data
2025-10-06 10:55:00,538 - kite_client - ERROR - Failed to get historical data: Insufficient permission for that call.
2025-10-06 10:55:00,544 - trading_strategies - WARNING - Analysis failed for NSE:TCS: Insufficient data
2025-10-06 10:55:01,357 - kite_client - ERROR - Failed to get historical data: Insufficient permission for that call.
2025-10-06 10:55:01,362 - trading_strategies - WARNING - Analysis failed for NSE:HDFCBANK: Insufficient data
2025-10-06 10:55:02,382 - kite_client - ERROR - Failed to get historical data: Insufficient permission for that call.
2025-10-06 10:55:02,387 - trading_strategies - WARNING - Analysis failed for NSE:INFY: Insufficient data
2025-10-06 10:55:03,201 - kite_client - ERROR - Failed to get historical data: Insufficient permission for that call.
2025-10-06 10:55:03,206 - trading_strategies - WARNING - Analysis failed for NSE:HINDUNILVR: Insufficient data
2025-10-06 10:55:03,952 - kite_client - ERROR - Failed to get historical data: Insufficient permission for that call.
2025-10-06 10:55:03,956 - trading_strategies - WARNING - Analysis failed for NSE:ITC: Insufficient data
2025-10-06 10:55:04,739 - kite_client - ERROR - Failed to get historical data: Insufficient permission for that call.
2025-10-06 10:55:04,743 - trading_strategies - WARNING - Analysis failed for NSE:KOTAKBANK: Insufficient data
2025-10-06 10:55:05,497 - kite_client - ERROR - Failed to get historical data: Insufficient permission for that call.
2025-10-06 10:55:05,501 - trading_strategies - WARNING - Analysis failed for NSE:LT: Insufficient data
2025-10-06 10:55:06,182 - kite_client - ERROR - Failed to get historical data: Insufficient permission for that call.
2025-10-06 10:55:06,187 - trading_strategies - WARNING - Analysis failed for NSE:SBIN: Insufficient data
2025-10-06 10:55:06,886 - kite_client - ERROR - Failed to get historical data: Insufficient permission for that call.
2025-10-06 10:55:06,892 - trading_strategies - WARNING - Analysis failed for NSE:BHARTIARTL: Insufficient data
2025-10-06 10:55:09,242 - portfolio_manager - ERROR - Error calculating portfolio value: 'list' object has no attribute 'get'
2025-10-06 10:55:09,243 - __main__ - INFO - Portfolio rebalancing suggestions:
2025-10-06 10:55:09,243 - __main__ - INFO -   - {'type': 'diversify', 'current_positions': 0, 'suggested_positions': 8, 'reason': 'Portfolio under-diversified'}
2025-10-06 10:55:09,243 - __main__ - INFO - Trading cycle completed
2025-10-06 11:00:09,398 - __main__ - INFO - Starting trading cycle...
2025-10-06 11:00:11,924 - portfolio_manager - ERROR - Error calculating portfolio value: 'list' object has no attribute 'get'
2025-10-06 11:00:15,400 - portfolio_manager - ERROR - Error calculating portfolio value: 'list' object has no attribute 'get'
2025-10-06 11:00:15,401 - __main__ - INFO - Portfolio value: ₹0.00
2025-10-06 11:00:15,401 - __main__ - INFO - Day PnL: ₹0.00
2025-10-06 11:00:16,241 - kite_client - ERROR - Failed to get historical data: Insufficient permission for that call.
2025-10-06 11:00:16,245 - trading_strategies - WARNING - Analysis failed for NSE:RELIANCE: Insufficient data
2025-10-06 11:00:16,962 - kite_client - ERROR - Failed to get historical data: Insufficient permission for that call.
2025-10-06 11:00:16,966 - trading_strategies - WARNING - Analysis failed for NSE:TCS: Insufficient data
2025-10-06 11:00:17,777 - kite_client - ERROR - Failed to get historical data: Insufficient permission for that call.
2025-10-06 11:00:17,779 - trading_strategies - WARNING - Analysis failed for NSE:HDFCBANK: Insufficient data
2025-10-06 11:00:18,526 - kite_client - ERROR - Failed to get historical data: Insufficient permission for that call.
2025-10-06 11:00:18,529 - trading_strategies - WARNING - Analysis failed for NSE:INFY: Insufficient data
2025-10-06 11:00:19,279 - kite_client - ERROR - Failed to get historical data: Insufficient permission for that call.
2025-10-06 11:00:19,283 - trading_strategies - WARNING - Analysis failed for NSE:HINDUNILVR: Insufficient data
2025-10-06 11:00:20,032 - kite_client - ERROR - Failed to get historical data: Insufficient permission for that call.
2025-10-06 11:00:20,036 - trading_strategies - WARNING - Analysis failed for NSE:ITC: Insufficient data
2025-10-06 11:00:20,817 - kite_client - ERROR - Failed to get historical data: Insufficient permission for that call.
2025-10-06 11:00:20,820 - trading_strategies - WARNING - Analysis failed for NSE:KOTAKBANK: Insufficient data
2025-10-06 11:00:21,600 - kite_client - ERROR - Failed to get historical data: Insufficient permission for that call.
2025-10-06 11:00:21,603 - trading_strategies - WARNING - Analysis failed for NSE:LT: Insufficient data
2025-10-06 11:00:22,322 - kite_client - ERROR - Failed to get historical data: Insufficient permission for that call.
2025-10-06 11:00:22,328 - trading_strategies - WARNING - Analysis failed for NSE:SBIN: Insufficient data
2025-10-06 11:00:23,097 - kite_client - ERROR - Failed to get historical data: Insufficient permission for that call.
2025-10-06 11:00:23,101 - trading_strategies - WARNING - Analysis failed for NSE:BHARTIARTL: Insufficient data
2025-10-06 11:00:25,679 - portfolio_manager - ERROR - Error calculating portfolio value: 'list' object has no attribute 'get'
2025-10-06 11:00:25,680 - __main__ - INFO - Portfolio rebalancing suggestions:
2025-10-06 11:00:25,680 - __main__ - INFO -   - {'type': 'diversify', 'current_positions': 0, 'suggested_positions': 8, 'reason': 'Portfolio under-diversified'}
2025-10-06 11:00:25,680 - __main__ - INFO - Trading cycle completed
2025-10-06 11:16:04,468 - __main__ - INFO - Starting trading cycle...
2025-10-06 11:16:04,737 - kite_client - ERROR - Failed to get positions: ('Connection aborted.', ConnectionResetError(54, 'Connection reset by peer'))
2025-10-06 11:16:07,587 - portfolio_manager - ERROR - Error calculating portfolio value: 'list' object has no attribute 'get'
2025-10-06 11:16:07,587 - __main__ - INFO - Portfolio value: ₹0.00
2025-10-06 11:16:07,587 - __main__ - INFO - Day PnL: ₹0.00
2025-10-06 11:16:09,727 - kite_client - ERROR - Failed to get historical data: Insufficient permission for that call.
2025-10-06 11:16:09,731 - trading_strategies - WARNING - Analysis failed for NSE:RELIANCE: Insufficient data
2025-10-06 11:16:10,484 - kite_client - ERROR - Failed to get historical data: Insufficient permission for that call.
2025-10-06 11:16:10,487 - trading_strategies - WARNING - Analysis failed for NSE:TCS: Insufficient data
2025-10-06 11:16:11,186 - kite_client - ERROR - Failed to get historical data: Insufficient permission for that call.
2025-10-06 11:16:11,188 - trading_strategies - WARNING - Analysis failed for NSE:HDFCBANK: Insufficient data
2025-10-06 11:16:11,830 - kite_client - ERROR - Failed to get historical data: Insufficient permission for that call.
2025-10-06 11:16:11,833 - trading_strategies - WARNING - Analysis failed for NSE:INFY: Insufficient data
2025-10-06 11:16:12,443 - kite_client - ERROR - Failed to get historical data: Insufficient permission for that call.
2025-10-06 11:16:12,445 - trading_strategies - WARNING - Analysis failed for NSE:HINDUNILVR: Insufficient data
2025-10-06 11:16:13,214 - kite_client - ERROR - Failed to get historical data: Insufficient permission for that call.
2025-10-06 11:16:13,217 - trading_strategies - WARNING - Analysis failed for NSE:ITC: Insufficient data
2025-10-06 11:16:14,134 - kite_client - ERROR - Failed to get historical data: Insufficient permission for that call.
2025-10-06 11:16:14,137 - trading_strategies - WARNING - Analysis failed for NSE:KOTAKBANK: Insufficient data
2025-10-06 11:16:14,815 - kite_client - ERROR - Failed to get historical data: Insufficient permission for that call.
2025-10-06 11:16:14,818 - trading_strategies - WARNING - Analysis failed for NSE:LT: Insufficient data
2025-10-06 11:16:15,437 - kite_client - ERROR - Failed to get historical data: Insufficient permission for that call.
2025-10-06 11:16:15,438 - trading_strategies - WARNING - Analysis failed for NSE:SBIN: Insufficient data
2025-10-06 11:16:16,071 - kite_client - ERROR - Failed to get historical data: Insufficient permission for that call.
2025-10-06 11:16:16,073 - trading_strategies - WARNING - Analysis failed for NSE:BHARTIARTL: Insufficient data
2025-10-06 11:16:18,522 - portfolio_manager - ERROR - Error calculating portfolio value: 'list' object has no attribute 'get'
2025-10-06 11:16:18,522 - __main__ - INFO - Portfolio rebalancing suggestions:
2025-10-06 11:16:18,522 - __main__ - INFO -   - {'type': 'diversify', 'current_positions': 0, 'suggested_positions': 8, 'reason': 'Portfolio under-diversified'}
2025-10-06 11:16:18,522 - __main__ - INFO - Trading cycle completed
2025-10-06 11:32:03,763 - __main__ - INFO - Starting trading cycle...
2025-10-06 11:32:04,274 - kite_client - ERROR - Failed to get positions: ('Connection aborted.', ConnectionResetError(54, 'Connection reset by peer'))
2025-10-06 11:32:07,697 - portfolio_manager - ERROR - Error calculating portfolio value: 'list' object has no attribute 'get'
2025-10-06 11:32:07,697 - __main__ - INFO - Portfolio value: ₹0.00
2025-10-06 11:32:07,698 - __main__ - INFO - Day PnL: ₹0.00
2025-10-06 11:32:08,842 - kite_client - ERROR - Failed to get historical data: Insufficient permission for that call.
2025-10-06 11:32:08,846 - trading_strategies - WARNING - Analysis failed for NSE:RELIANCE: Insufficient data
2025-10-06 11:32:09,641 - kite_client - ERROR - Failed to get historical data: Insufficient permission for that call.
2025-10-06 11:32:09,645 - trading_strategies - WARNING - Analysis failed for NSE:TCS: Insufficient data
2025-10-06 11:33:10,256 - kite_client - ERROR - Failed to get historical data: HTTPSConnectionPool(host='api.kite.trade', port=443): Read timed out. (read timeout=7)
2025-10-06 11:33:10,257 - trading_strategies - WARNING - Analysis failed for NSE:HDFCBANK: Insufficient data
2025-10-06 11:33:10,261 - kite_client - ERROR - Failed to get instruments: HTTPSConnectionPool(host='api.kite.trade', port=443): Max retries exceeded with url: /instruments/NSE (Caused by NameResolutionError("<urllib3.connection.HTTPSConnection object at 0x12020dbd0>: Failed to resolve 'api.kite.trade' ([Errno 8] nodename nor servname provided, or not known)"))
2025-10-06 11:33:10,261 - trading_strategies - WARNING - Analysis failed for NSE:INFY: Insufficient data
2025-10-06 11:33:10,263 - kite_client - ERROR - Failed to get instruments: HTTPSConnectionPool(host='api.kite.trade', port=443): Max retries exceeded with url: /instruments/NSE (Caused by NameResolutionError("<urllib3.connection.HTTPSConnection object at 0x12020e490>: Failed to resolve 'api.kite.trade' ([Errno 8] nodename nor servname provided, or not known)"))
2025-10-06 11:33:10,263 - trading_strategies - WARNING - Analysis failed for NSE:HINDUNILVR: Insufficient data
2025-10-06 11:33:10,264 - kite_client - ERROR - Failed to get instruments: HTTPSConnectionPool(host='api.kite.trade', port=443): Max retries exceeded with url: /instruments/NSE (Caused by NameResolutionError("<urllib3.connection.HTTPSConnection object at 0x12020e990>: Failed to resolve 'api.kite.trade' ([Errno 8] nodename nor servname provided, or not known)"))
2025-10-06 11:33:10,265 - trading_strategies - WARNING - Analysis failed for NSE:ITC: Insufficient data
2025-10-06 11:33:10,266 - kite_client - ERROR - Failed to get instruments: HTTPSConnectionPool(host='api.kite.trade', port=443): Max retries exceeded with url: /instruments/NSE (Caused by NameResolutionError("<urllib3.connection.HTTPSConnection object at 0x12020ee90>: Failed to resolve 'api.kite.trade' ([Errno 8] nodename nor servname provided, or not known)"))
2025-10-06 11:33:10,266 - trading_strategies - WARNING - Analysis failed for NSE:KOTAKBANK: Insufficient data
2025-10-06 11:33:10,268 - kite_client - ERROR - Failed to get instruments: HTTPSConnectionPool(host='api.kite.trade', port=443): Max retries exceeded with url: /instruments/NSE (Caused by NameResolutionError("<urllib3.connection.HTTPSConnection object at 0x12020f390>: Failed to resolve 'api.kite.trade' ([Errno 8] nodename nor servname provided, or not known)"))
2025-10-06 11:33:10,268 - trading_strategies - WARNING - Analysis failed for NSE:LT: Insufficient data
2025-10-06 11:33:10,270 - kite_client - ERROR - Failed to get instruments: HTTPSConnectionPool(host='api.kite.trade', port=443): Max retries exceeded with url: /instruments/NSE (Caused by NameResolutionError("<urllib3.connection.HTTPSConnection object at 0x12020f890>: Failed to resolve 'api.kite.trade' ([Errno 8] nodename nor servname provided, or not known)"))
2025-10-06 11:33:10,270 - trading_strategies - WARNING - Analysis failed for NSE:SBIN: Insufficient data
2025-10-06 11:33:10,271 - kite_client - ERROR - Failed to get instruments: HTTPSConnectionPool(host='api.kite.trade', port=443): Max retries exceeded with url: /instruments/NSE (Caused by NameResolutionError("<urllib3.connection.HTTPSConnection object at 0x12020fd90>: Failed to resolve 'api.kite.trade' ([Errno 8] nodename nor servname provided, or not known)"))
2025-10-06 11:33:10,271 - trading_strategies - WARNING - Analysis failed for NSE:BHARTIARTL: Insufficient data
2025-10-06 11:33:10,273 - kite_client - ERROR - Failed to get positions: HTTPSConnectionPool(host='api.kite.trade', port=443): Max retries exceeded with url: /portfolio/positions (Caused by NameResolutionError("<urllib3.connection.HTTPSConnection object at 0x1206d42d0>: Failed to resolve 'api.kite.trade' ([Errno 8] nodename nor servname provided, or not known)"))
2025-10-06 11:33:10,274 - kite_client - ERROR - Failed to get positions: HTTPSConnectionPool(host='api.kite.trade', port=443): Max retries exceeded with url: /portfolio/positions (Caused by NameResolutionError("<urllib3.connection.HTTPSConnection object at 0x1206d47d0>: Failed to resolve 'api.kite.trade' ([Errno 8] nodename nor servname provided, or not known)"))
2025-10-06 11:33:10,276 - kite_client - ERROR - Failed to get holdings: HTTPSConnectionPool(host='api.kite.trade', port=443): Max retries exceeded with url: /portfolio/holdings (Caused by NameResolutionError("<urllib3.connection.HTTPSConnection object at 0x1206d4b90>: Failed to resolve 'api.kite.trade' ([Errno 8] nodename nor servname provided, or not known)"))
2025-10-06 11:33:10,278 - kite_client - ERROR - Failed to get margins: HTTPSConnectionPool(host='api.kite.trade', port=443): Max retries exceeded with url: /user/margins (Caused by NameResolutionError("<urllib3.connection.HTTPSConnection object at 0x1206d4f50>: Failed to resolve 'api.kite.trade' ([Errno 8] nodename nor servname provided, or not known)"))
2025-10-06 11:33:10,278 - __main__ - INFO - Portfolio rebalancing suggestions:
2025-10-06 11:33:10,278 - __main__ - INFO -   - {'type': 'diversify', 'current_positions': 0, 'suggested_positions': 8, 'reason': 'Portfolio under-diversified'}
2025-10-06 11:33:10,278 - __main__ - INFO - Trading cycle completed
2025-10-06 11:40:49,036 - __main__ - INFO - Starting trading cycle...
2025-10-06 11:40:51,183 - portfolio_manager - ERROR - Error calculating portfolio value: 'list' object has no attribute 'get'
2025-10-06 11:40:53,183 - portfolio_manager - ERROR - Error calculating portfolio value: 'list' object has no attribute 'get'
2025-10-06 11:40:53,183 - __main__ - INFO - Portfolio value: ₹0.00
2025-10-06 11:40:53,183 - __main__ - INFO - Day PnL: ₹0.00
2025-10-06 11:40:53,834 - kite_client - ERROR - Failed to get historical data: Insufficient permission for that call.
2025-10-06 11:40:53,837 - trading_strategies - WARNING - Analysis failed for NSE:RELIANCE: Insufficient data
2025-10-06 11:40:54,733 - kite_client - ERROR - Failed to get historical data: Insufficient permission for that call.
2025-10-06 11:40:54,747 - trading_strategies - WARNING - Analysis failed for NSE:TCS: Insufficient data
2025-10-06 11:40:55,393 - kite_client - ERROR - Failed to get historical data: Insufficient permission for that call.
2025-10-06 11:40:55,397 - trading_strategies - WARNING - Analysis failed for NSE:HDFCBANK: Insufficient data
2025-10-06 11:40:56,148 - kite_client - ERROR - Failed to get historical data: Insufficient permission for that call.
2025-10-06 11:40:56,152 - trading_strategies - WARNING - Analysis failed for NSE:INFY: Insufficient data
2025-10-06 11:40:56,811 - kite_client - ERROR - Failed to get historical data: Insufficient permission for that call.
2025-10-06 11:40:56,815 - trading_strategies - WARNING - Analysis failed for NSE:HINDUNILVR: Insufficient data
2025-10-06 11:40:57,458 - kite_client - ERROR - Failed to get historical data: Insufficient permission for that call.
2025-10-06 11:40:57,461 - trading_strategies - WARNING - Analysis failed for NSE:ITC: Insufficient data
2025-10-06 11:40:58,215 - kite_client - ERROR - Failed to get historical data: Insufficient permission for that call.
2025-10-06 11:40:58,222 - trading_strategies - WARNING - Analysis failed for NSE:KOTAKBANK: Insufficient data
2025-10-06 11:40:59,078 - kite_client - ERROR - Failed to get historical data: Insufficient permission for that call.
2025-10-06 11:40:59,084 - trading_strategies - WARNING - Analysis failed for NSE:LT: Insufficient data
2025-10-06 11:40:59,718 - kite_client - ERROR - Failed to get historical data: Insufficient permission for that call.
2025-10-06 11:40:59,722 - trading_strategies - WARNING - Analysis failed for NSE:SBIN: Insufficient data
2025-10-06 11:41:00,594 - kite_client - ERROR - Failed to get historical data: Insufficient permission for that call.
2025-10-06 11:41:00,598 - trading_strategies - WARNING - Analysis failed for NSE:BHARTIARTL: Insufficient data
2025-10-06 11:41:02,924 - portfolio_manager - ERROR - Error calculating portfolio value: 'list' object has no attribute 'get'
2025-10-06 11:41:02,924 - __main__ - INFO - Portfolio rebalancing suggestions:
2025-10-06 11:41:02,924 - __main__ - INFO -   - {'type': 'diversify', 'current_positions': 0, 'suggested_positions': 8, 'reason': 'Portfolio under-diversified'}
2025-10-06 11:41:02,924 - __main__ - INFO - Trading cycle completed
2025-10-06 11:46:03,053 - __main__ - INFO - Starting trading cycle...
2025-10-06 11:46:05,256 - portfolio_manager - ERROR - Error calculating portfolio value: 'list' object has no attribute 'get'
2025-10-06 11:46:07,621 - portfolio_manager - ERROR - Error calculating portfolio value: 'list' object has no attribute 'get'
2025-10-06 11:46:07,621 - __main__ - INFO - Portfolio value: ₹0.00
2025-10-06 11:46:07,621 - __main__ - INFO - Day PnL: ₹0.00
2025-10-06 11:46:08,311 - kite_client - ERROR - Failed to get historical data: Insufficient permission for that call.
2025-10-06 11:46:08,316 - trading_strategies - WARNING - Analysis failed for NSE:RELIANCE: Insufficient data
2025-10-06 11:46:09,240 - kite_client - ERROR - Failed to get historical data: Insufficient permission for that call.
2025-10-06 11:46:09,246 - trading_strategies - WARNING - Analysis failed for NSE:TCS: Insufficient data
2025-10-06 11:46:09,976 - kite_client - ERROR - Failed to get historical data: Insufficient permission for that call.
2025-10-06 11:46:09,980 - trading_strategies - WARNING - Analysis failed for NSE:HDFCBANK: Insufficient data
2025-10-06 11:46:10,607 - kite_client - ERROR - Failed to get historical data: Insufficient permission for that call.
2025-10-06 11:46:10,611 - trading_strategies - WARNING - Analysis failed for NSE:INFY: Insufficient data
2025-10-06 11:46:11,274 - kite_client - ERROR - Failed to get historical data: Insufficient permission for that call.
2025-10-06 11:46:11,278 - trading_strategies - WARNING - Analysis failed for NSE:HINDUNILVR: Insufficient data
2025-10-06 11:46:11,885 - kite_client - ERROR - Failed to get historical data: Insufficient permission for that call.
2025-10-06 11:46:11,889 - trading_strategies - WARNING - Analysis failed for NSE:ITC: Insufficient data
2025-10-06 11:46:12,559 - kite_client - ERROR - Failed to get historical data: Insufficient permission for that call.
2025-10-06 11:46:12,563 - trading_strategies - WARNING - Analysis failed for NSE:KOTAKBANK: Insufficient data
2025-10-06 11:46:13,177 - kite_client - ERROR - Failed to get historical data: Insufficient permission for that call.
2025-10-06 11:46:13,184 - trading_strategies - WARNING - Analysis failed for NSE:LT: Insufficient data
2025-10-06 11:46:13,869 - kite_client - ERROR - Failed to get historical data: Insufficient permission for that call.
2025-10-06 11:46:13,873 - trading_strategies - WARNING - Analysis failed for NSE:SBIN: Insufficient data
2025-10-06 11:46:14,788 - kite_client - ERROR - Failed to get historical data: Insufficient permission for that call.
2025-10-06 11:46:14,792 - trading_strategies - WARNING - Analysis failed for NSE:BHARTIARTL: Insufficient data
2025-10-06 11:46:18,064 - portfolio_manager - ERROR - Error calculating portfolio value: 'list' object has no attribute 'get'
2025-10-06 11:46:18,065 - __main__ - INFO - Portfolio rebalancing suggestions:
2025-10-06 11:46:18,065 - __main__ - INFO -   - {'type': 'diversify', 'current_positions': 0, 'suggested_positions': 8, 'reason': 'Portfolio under-diversified'}
2025-10-06 11:46:18,065 - __main__ - INFO - Trading cycle completed
2025-10-06 11:51:18,240 - __main__ - INFO - Starting trading cycle...
2025-10-06 11:51:20,752 - portfolio_manager - ERROR - Error calculating portfolio value: 'list' object has no attribute 'get'
2025-10-06 11:51:23,219 - portfolio_manager - ERROR - Error calculating portfolio value: 'list' object has no attribute 'get'
2025-10-06 11:51:23,220 - __main__ - INFO - Portfolio value: ₹0.00
2025-10-06 11:51:23,220 - __main__ - INFO - Day PnL: ₹0.00
2025-10-06 11:51:24,250 - kite_client - ERROR - Failed to get historical data: Insufficient permission for that call.
2025-10-06 11:51:24,254 - trading_strategies - WARNING - Analysis failed for NSE:RELIANCE: Insufficient data
2025-10-06 11:51:25,035 - kite_client - ERROR - Failed to get historical data: Insufficient permission for that call.
2025-10-06 11:51:25,039 - trading_strategies - WARNING - Analysis failed for NSE:TCS: Insufficient data
2025-10-06 11:51:25,858 - kite_client - ERROR - Failed to get historical data: Insufficient permission for that call.
2025-10-06 11:51:25,863 - trading_strategies - WARNING - Analysis failed for NSE:HDFCBANK: Insufficient data
2025-10-06 11:51:26,701 - kite_client - ERROR - Failed to get historical data: Insufficient permission for that call.
2025-10-06 11:51:26,706 - trading_strategies - WARNING - Analysis failed for NSE:INFY: Insufficient data
2025-10-06 11:51:27,378 - kite_client - ERROR - Failed to get historical data: Insufficient permission for that call.
2025-10-06 11:51:27,384 - trading_strategies - WARNING - Analysis failed for NSE:HINDUNILVR: Insufficient data
2025-10-06 11:51:28,077 - kite_client - ERROR - Failed to get historical data: Insufficient permission for that call.
2025-10-06 11:51:28,084 - trading_strategies - WARNING - Analysis failed for NSE:ITC: Insufficient data
2025-10-06 11:51:28,739 - kite_client - ERROR - Failed to get historical data: Insufficient permission for that call.
2025-10-06 11:51:28,744 - trading_strategies - WARNING - Analysis failed for NSE:KOTAKBANK: Insufficient data
2025-10-06 11:51:29,480 - kite_client - ERROR - Failed to get historical data: Insufficient permission for that call.
2025-10-06 11:51:29,484 - trading_strategies - WARNING - Analysis failed for NSE:LT: Insufficient data
2025-10-06 11:51:30,278 - kite_client - ERROR - Failed to get historical data: Insufficient permission for that call.
2025-10-06 11:51:30,284 - trading_strategies - WARNING - Analysis failed for NSE:SBIN: Insufficient data
2025-10-06 11:51:31,115 - kite_client - ERROR - Failed to get historical data: Insufficient permission for that call.
2025-10-06 11:51:31,119 - trading_strategies - WARNING - Analysis failed for NSE:BHARTIARTL: Insufficient data
2025-10-06 11:51:34,174 - portfolio_manager - ERROR - Error calculating portfolio value: 'list' object has no attribute 'get'
2025-10-06 11:51:34,174 - __main__ - INFO - Portfolio rebalancing suggestions:
2025-10-06 11:51:34,174 - __main__ - INFO -   - {'type': 'diversify', 'current_positions': 0, 'suggested_positions': 8, 'reason': 'Portfolio under-diversified'}
2025-10-06 11:51:34,174 - __main__ - INFO - Trading cycle completed
2025-10-06 11:56:34,314 - __main__ - INFO - Starting trading cycle...
2025-10-06 11:56:36,460 - portfolio_manager - ERROR - Error calculating portfolio value: 'list' object has no attribute 'get'
2025-10-06 11:56:38,291 - portfolio_manager - ERROR - Error calculating portfolio value: 'list' object has no attribute 'get'
2025-10-06 11:56:38,292 - __main__ - INFO - Portfolio value: ₹0.00
2025-10-06 11:56:38,292 - __main__ - INFO - Day PnL: ₹0.00
2025-10-06 11:56:39,099 - kite_client - ERROR - Failed to get historical data: Insufficient permission for that call.
2025-10-06 11:56:39,103 - trading_strategies - WARNING - Analysis failed for NSE:RELIANCE: Insufficient data
2025-10-06 11:56:39,800 - kite_client - ERROR - Failed to get historical data: Insufficient permission for that call.
2025-10-06 11:56:39,804 - trading_strategies - WARNING - Analysis failed for NSE:TCS: Insufficient data
2025-10-06 11:56:40,685 - kite_client - ERROR - Failed to get historical data: Insufficient permission for that call.
2025-10-06 11:56:40,689 - trading_strategies - WARNING - Analysis failed for NSE:HDFCBANK: Insufficient data
2025-10-06 11:56:41,342 - kite_client - ERROR - Failed to get historical data: Insufficient permission for that call.
2025-10-06 11:56:41,346 - trading_strategies - WARNING - Analysis failed for NSE:INFY: Insufficient data
2025-10-06 11:56:42,010 - kite_client - ERROR - Failed to get historical data: Insufficient permission for that call.
2025-10-06 11:56:42,015 - trading_strategies - WARNING - Analysis failed for NSE:HINDUNILVR: Insufficient data
2025-10-06 11:56:42,809 - kite_client - ERROR - Failed to get historical data: Insufficient permission for that call.
2025-10-06 11:56:42,812 - trading_strategies - WARNING - Analysis failed for NSE:ITC: Insufficient data
2025-10-06 11:56:43,421 - kite_client - ERROR - Failed to get historical data: Insufficient permission for that call.
2025-10-06 11:56:43,425 - trading_strategies - WARNING - Analysis failed for NSE:KOTAKBANK: Insufficient data
2025-10-06 11:56:44,052 - kite_client - ERROR - Failed to get historical data: Insufficient permission for that call.
2025-10-06 11:56:44,055 - trading_strategies - WARNING - Analysis failed for NSE:LT: Insufficient data
2025-10-06 11:56:45,462 - kite_client - ERROR - Failed to get historical data: Insufficient permission for that call.
2025-10-06 11:56:45,466 - trading_strategies - WARNING - Analysis failed for NSE:SBIN: Insufficient data
2025-10-06 11:56:46,190 - kite_client - ERROR - Failed to get historical data: Insufficient permission for that call.
2025-10-06 11:56:46,194 - trading_strategies - WARNING - Analysis failed for NSE:BHARTIARTL: Insufficient data
2025-10-06 11:56:48,457 - portfolio_manager - ERROR - Error calculating portfolio value: 'list' object has no attribute 'get'
2025-10-06 11:56:48,457 - __main__ - INFO - Portfolio rebalancing suggestions:
2025-10-06 11:56:48,457 - __main__ - INFO -   - {'type': 'diversify', 'current_positions': 0, 'suggested_positions': 8, 'reason': 'Portfolio under-diversified'}
2025-10-06 11:56:48,457 - __main__ - INFO - Trading cycle completed
2025-10-06 12:01:48,570 - __main__ - INFO - Starting trading cycle...
2025-10-06 12:01:51,554 - portfolio_manager - ERROR - Error calculating portfolio value: 'list' object has no attribute 'get'
2025-10-06 12:01:53,475 - portfolio_manager - ERROR - Error calculating portfolio value: 'list' object has no attribute 'get'
2025-10-06 12:01:53,476 - __main__ - INFO - Portfolio value: ₹0.00
2025-10-06 12:01:53,476 - __main__ - INFO - Day PnL: ₹0.00
2025-10-06 12:01:54,277 - kite_client - ERROR - Failed to get historical data: Insufficient permission for that call.
2025-10-06 12:01:54,281 - trading_strategies - WARNING - Analysis failed for NSE:RELIANCE: Insufficient data
2025-10-06 12:01:55,157 - kite_client - ERROR - Failed to get historical data: Insufficient permission for that call.
2025-10-06 12:01:55,162 - trading_strategies - WARNING - Analysis failed for NSE:TCS: Insufficient data
2025-10-06 12:01:56,008 - kite_client - ERROR - Failed to get historical data: Insufficient permission for that call.
2025-10-06 12:01:56,013 - trading_strategies - WARNING - Analysis failed for NSE:HDFCBANK: Insufficient data
2025-10-06 12:01:56,697 - kite_client - ERROR - Failed to get historical data: Insufficient permission for that call.
2025-10-06 12:01:56,702 - trading_strategies - WARNING - Analysis failed for NSE:INFY: Insufficient data
2025-10-06 12:01:57,363 - kite_client - ERROR - Failed to get historical data: Insufficient permission for that call.
2025-10-06 12:01:57,367 - trading_strategies - WARNING - Analysis failed for NSE:HINDUNILVR: Insufficient data
2025-10-06 12:01:58,051 - kite_client - ERROR - Failed to get historical data: Insufficient permission for that call.
2025-10-06 12:01:58,056 - trading_strategies - WARNING - Analysis failed for NSE:ITC: Insufficient data
2025-10-06 12:01:58,686 - kite_client - ERROR - Failed to get historical data: Insufficient permission for that call.
2025-10-06 12:01:58,690 - trading_strategies - WARNING - Analysis failed for NSE:KOTAKBANK: Insufficient data
2025-10-06 12:01:59,315 - kite_client - ERROR - Failed to get historical data: Insufficient permission for that call.
2025-10-06 12:01:59,319 - trading_strategies - WARNING - Analysis failed for NSE:LT: Insufficient data
2025-10-06 12:01:59,956 - kite_client - ERROR - Failed to get historical data: Insufficient permission for that call.
2025-10-06 12:01:59,959 - trading_strategies - WARNING - Analysis failed for NSE:SBIN: Insufficient data
2025-10-06 12:02:00,603 - kite_client - ERROR - Failed to get historical data: Insufficient permission for that call.
2025-10-06 12:02:00,608 - trading_strategies - WARNING - Analysis failed for NSE:BHARTIARTL: Insufficient data
2025-10-06 12:02:03,096 - portfolio_manager - ERROR - Error calculating portfolio value: 'list' object has no attribute 'get'
2025-10-06 12:02:03,096 - __main__ - INFO - Portfolio rebalancing suggestions:
2025-10-06 12:02:03,096 - __main__ - INFO -   - {'type': 'diversify', 'current_positions': 0, 'suggested_positions': 8, 'reason': 'Portfolio under-diversified'}
2025-10-06 12:02:03,096 - __main__ - INFO - Trading cycle completed
2025-10-06 12:07:03,279 - __main__ - INFO - Starting trading cycle...
2025-10-06 12:07:05,740 - portfolio_manager - ERROR - Error calculating portfolio value: 'list' object has no attribute 'get'
2025-10-06 12:07:07,715 - portfolio_manager - ERROR - Error calculating portfolio value: 'list' object has no attribute 'get'
2025-10-06 12:07:07,715 - __main__ - INFO - Portfolio value: ₹0.00
2025-10-06 12:07:07,715 - __main__ - INFO - Day PnL: ₹0.00
2025-10-06 12:07:08,531 - kite_client - ERROR - Failed to get historical data: Insufficient permission for that call.
2025-10-06 12:07:08,536 - trading_strategies - WARNING - Analysis failed for NSE:RELIANCE: Insufficient data
2025-10-06 12:07:09,523 - kite_client - ERROR - Failed to get historical data: Insufficient permission for that call.
2025-10-06 12:07:09,528 - trading_strategies - WARNING - Analysis failed for NSE:TCS: Insufficient data
2025-10-06 12:07:10,403 - kite_client - ERROR - Failed to get historical data: Insufficient permission for that call.
2025-10-06 12:07:10,406 - trading_strategies - WARNING - Analysis failed for NSE:HDFCBANK: Insufficient data
2025-10-06 12:07:11,009 - kite_client - ERROR - Failed to get historical data: Insufficient permission for that call.
2025-10-06 12:07:11,010 - trading_strategies - WARNING - Analysis failed for NSE:INFY: Insufficient data
2025-10-06 12:07:11,938 - kite_client - ERROR - Failed to get historical data: Insufficient permission for that call.
2025-10-06 12:07:11,943 - trading_strategies - WARNING - Analysis failed for NSE:HINDUNILVR: Insufficient data
2025-10-06 12:07:12,802 - kite_client - ERROR - Failed to get historical data: Insufficient permission for that call.
2025-10-06 12:07:12,807 - trading_strategies - WARNING - Analysis failed for NSE:ITC: Insufficient data
2025-10-06 12:07:13,765 - kite_client - ERROR - Failed to get historical data: Insufficient permission for that call.
2025-10-06 12:07:13,770 - trading_strategies - WARNING - Analysis failed for NSE:KOTAKBANK: Insufficient data
2025-10-06 12:07:14,479 - kite_client - ERROR - Failed to get historical data: Insufficient permission for that call.
2025-10-06 12:07:14,482 - trading_strategies - WARNING - Analysis failed for NSE:LT: Insufficient data
2025-10-06 12:07:15,238 - kite_client - ERROR - Failed to get historical data: Insufficient permission for that call.
2025-10-06 12:07:15,242 - trading_strategies - WARNING - Analysis failed for NSE:SBIN: Insufficient data
2025-10-06 12:07:15,877 - kite_client - ERROR - Failed to get historical data: Insufficient permission for that call.
2025-10-06 12:07:15,882 - trading_strategies - WARNING - Analysis failed for NSE:BHARTIARTL: Insufficient data
2025-10-06 12:07:18,296 - portfolio_manager - ERROR - Error calculating portfolio value: 'list' object has no attribute 'get'
2025-10-06 12:07:18,297 - __main__ - INFO - Portfolio rebalancing suggestions:
2025-10-06 12:07:18,298 - __main__ - INFO -   - {'type': 'diversify', 'current_positions': 0, 'suggested_positions': 8, 'reason': 'Portfolio under-diversified'}
2025-10-06 12:07:18,298 - __main__ - INFO - Trading cycle completed
2025-10-06 12:12:18,468 - __main__ - INFO - Starting trading cycle...
2025-10-06 12:12:20,490 - portfolio_manager - ERROR - Error calculating portfolio value: 'list' object has no attribute 'get'
2025-10-06 12:12:22,366 - portfolio_manager - ERROR - Error calculating portfolio value: 'list' object has no attribute 'get'
2025-10-06 12:12:22,367 - __main__ - INFO - Portfolio value: ₹0.00
2025-10-06 12:12:22,367 - __main__ - INFO - Day PnL: ₹0.00
2025-10-06 12:12:23,080 - kite_client - ERROR - Failed to get historical data: Insufficient permission for that call.
2025-10-06 12:12:23,085 - trading_strategies - WARNING - Analysis failed for NSE:RELIANCE: Insufficient data
2025-10-06 12:14:59,829 - kite_client - ERROR - Failed to get instruments: HTTPSConnectionPool(host='api.kite.trade', port=443): Read timed out.
2025-10-06 12:14:59,830 - trading_strategies - WARNING - Analysis failed for NSE:TCS: Insufficient data
2025-10-06 12:15:00,787 - kite_client - ERROR - Failed to get historical data: Insufficient permission for that call.
2025-10-06 12:15:00,791 - trading_strategies - WARNING - Analysis failed for NSE:HDFCBANK: Insufficient data
2025-10-06 12:15:02,173 - kite_client - ERROR - Failed to get historical data: Insufficient permission for that call.
2025-10-06 12:15:02,177 - trading_strategies - WARNING - Analysis failed for NSE:INFY: Insufficient data
2025-10-06 12:15:02,957 - kite_client - ERROR - Failed to get historical data: Insufficient permission for that call.
2025-10-06 12:15:02,961 - trading_strategies - WARNING - Analysis failed for NSE:HINDUNILVR: Insufficient data
2025-10-06 12:15:03,579 - kite_client - ERROR - Failed to get historical data: Insufficient permission for that call.
2025-10-06 12:15:03,586 - trading_strategies - WARNING - Analysis failed for NSE:ITC: Insufficient data
2025-10-06 12:15:04,308 - kite_client - ERROR - Failed to get historical data: Insufficient permission for that call.
2025-10-06 12:15:04,313 - trading_strategies - WARNING - Analysis failed for NSE:KOTAKBANK: Insufficient data
2025-10-06 12:15:05,128 - kite_client - ERROR - Failed to get historical data: Insufficient permission for that call.
2025-10-06 12:15:05,133 - trading_strategies - WARNING - Analysis failed for NSE:LT: Insufficient data
2025-10-06 12:15:05,760 - kite_client - ERROR - Failed to get historical data: Insufficient permission for that call.
2025-10-06 12:15:05,763 - trading_strategies - WARNING - Analysis failed for NSE:SBIN: Insufficient data
2025-10-06 12:15:06,447 - kite_client - ERROR - Failed to get historical data: Insufficient permission for that call.
2025-10-06 12:15:06,448 - trading_strategies - WARNING - Analysis failed for NSE:BHARTIARTL: Insufficient data
2025-10-06 12:15:08,573 - portfolio_manager - ERROR - Error calculating portfolio value: 'list' object has no attribute 'get'
2025-10-06 12:15:08,573 - __main__ - INFO - Portfolio rebalancing suggestions:
2025-10-06 12:15:08,574 - __main__ - INFO -   - {'type': 'diversify', 'current_positions': 0, 'suggested_positions': 8, 'reason': 'Portfolio under-diversified'}
2025-10-06 12:15:08,574 - __main__ - INFO - Trading cycle completed
2025-10-06 12:20:08,671 - __main__ - INFO - Starting trading cycle...
2025-10-06 12:20:10,848 - portfolio_manager - ERROR - Error calculating portfolio value: 'list' object has no attribute 'get'
2025-10-06 12:20:13,560 - portfolio_manager - ERROR - Error calculating portfolio value: 'list' object has no attribute 'get'
2025-10-06 12:20:13,561 - __main__ - INFO - Portfolio value: ₹0.00
2025-10-06 12:20:13,561 - __main__ - INFO - Day PnL: ₹0.00
2025-10-06 12:20:14,230 - kite_client - ERROR - Failed to get historical data: Insufficient permission for that call.
2025-10-06 12:20:14,235 - trading_strategies - WARNING - Analysis failed for NSE:RELIANCE: Insufficient data
2025-10-06 12:20:15,622 - kite_client - ERROR - Failed to get historical data: Insufficient permission for that call.
2025-10-06 12:20:15,627 - trading_strategies - WARNING - Analysis failed for NSE:TCS: Insufficient data
2025-10-06 12:20:16,246 - kite_client - ERROR - Failed to get historical data: Insufficient permission for that call.
2025-10-06 12:20:16,251 - trading_strategies - WARNING - Analysis failed for NSE:HDFCBANK: Insufficient data
2025-10-06 12:20:16,954 - kite_client - ERROR - Failed to get historical data: Insufficient permission for that call.
2025-10-06 12:20:16,960 - trading_strategies - WARNING - Analysis failed for NSE:INFY: Insufficient data
2025-10-06 12:20:17,708 - kite_client - ERROR - Failed to get historical data: Insufficient permission for that call.
2025-10-06 12:20:17,713 - trading_strategies - WARNING - Analysis failed for NSE:HINDUNILVR: Insufficient data
2025-10-06 12:20:18,507 - kite_client - ERROR - Failed to get historical data: Insufficient permission for that call.
2025-10-06 12:20:18,512 - trading_strategies - WARNING - Analysis failed for NSE:ITC: Insufficient data
2025-10-06 12:20:19,292 - kite_client - ERROR - Failed to get historical data: Insufficient permission for that call.
2025-10-06 12:20:19,295 - trading_strategies - WARNING - Analysis failed for NSE:KOTAKBANK: Insufficient data
2025-10-06 12:20:19,899 - kite_client - ERROR - Failed to get historical data: Insufficient permission for that call.
2025-10-06 12:20:19,903 - trading_strategies - WARNING - Analysis failed for NSE:LT: Insufficient data
2025-10-06 12:20:20,575 - kite_client - ERROR - Failed to get historical data: Insufficient permission for that call.
2025-10-06 12:20:20,581 - trading_strategies - WARNING - Analysis failed for NSE:SBIN: Insufficient data
2025-10-06 12:20:21,395 - kite_client - ERROR - Failed to get historical data: Insufficient permission for that call.
2025-10-06 12:20:21,398 - trading_strategies - WARNING - Analysis failed for NSE:BHARTIARTL: Insufficient data
2025-10-06 12:20:23,551 - portfolio_manager - ERROR - Error calculating portfolio value: 'list' object has no attribute 'get'
2025-10-06 12:20:23,552 - __main__ - INFO - Portfolio rebalancing suggestions:
2025-10-06 12:20:23,552 - __main__ - INFO -   - {'type': 'diversify', 'current_positions': 0, 'suggested_positions': 8, 'reason': 'Portfolio under-diversified'}
2025-10-06 12:20:23,552 - __main__ - INFO - Trading cycle completed
2025-10-06 12:25:23,694 - __main__ - INFO - Starting trading cycle...
2025-10-06 12:25:26,041 - portfolio_manager - ERROR - Error calculating portfolio value: 'list' object has no attribute 'get'
2025-10-06 12:25:28,086 - portfolio_manager - ERROR - Error calculating portfolio value: 'list' object has no attribute 'get'
2025-10-06 12:25:28,086 - __main__ - INFO - Portfolio value: ₹0.00
2025-10-06 12:25:28,086 - __main__ - INFO - Day PnL: ₹0.00
2025-10-06 12:25:28,887 - kite_client - ERROR - Failed to get historical data: Insufficient permission for that call.
2025-10-06 12:25:28,892 - trading_strategies - WARNING - Analysis failed for NSE:RELIANCE: Insufficient data
2025-10-06 12:25:29,635 - kite_client - ERROR - Failed to get historical data: Insufficient permission for that call.
2025-10-06 12:25:29,640 - trading_strategies - WARNING - Analysis failed for NSE:TCS: Insufficient data
2025-10-06 12:25:31,031 - kite_client - ERROR - Failed to get historical data: Insufficient permission for that call.
2025-10-06 12:25:31,037 - trading_strategies - WARNING - Analysis failed for NSE:HDFCBANK: Insufficient data
2025-10-06 12:25:31,877 - kite_client - ERROR - Failed to get historical data: Insufficient permission for that call.
2025-10-06 12:25:31,882 - trading_strategies - WARNING - Analysis failed for NSE:INFY: Insufficient data
2025-10-06 12:25:33,002 - kite_client - ERROR - Failed to get historical data: Insufficient permission for that call.
2025-10-06 12:25:33,007 - trading_strategies - WARNING - Analysis failed for NSE:HINDUNILVR: Insufficient data
2025-10-06 12:25:33,689 - kite_client - ERROR - Failed to get historical data: Insufficient permission for that call.
2025-10-06 12:25:33,692 - trading_strategies - WARNING - Analysis failed for NSE:ITC: Insufficient data
2025-10-06 12:25:34,335 - kite_client - ERROR - Failed to get historical data: Insufficient permission for that call.
2025-10-06 12:25:34,342 - trading_strategies - WARNING - Analysis failed for NSE:KOTAKBANK: Insufficient data
2025-10-06 12:25:35,253 - kite_client - ERROR - Failed to get historical data: Insufficient permission for that call.
2025-10-06 12:25:35,258 - trading_strategies - WARNING - Analysis failed for NSE:LT: Insufficient data
2025-10-06 12:25:35,992 - kite_client - ERROR - Failed to get historical data: Insufficient permission for that call.
2025-10-06 12:25:35,997 - trading_strategies - WARNING - Analysis failed for NSE:SBIN: Insufficient data
2025-10-06 12:25:36,720 - kite_client - ERROR - Failed to get historical data: Insufficient permission for that call.
2025-10-06 12:25:36,724 - trading_strategies - WARNING - Analysis failed for NSE:BHARTIARTL: Insufficient data
2025-10-06 12:25:38,953 - portfolio_manager - ERROR - Error calculating portfolio value: 'list' object has no attribute 'get'
2025-10-06 12:25:38,954 - __main__ - INFO - Portfolio rebalancing suggestions:
2025-10-06 12:25:38,954 - __main__ - INFO -   - {'type': 'diversify', 'current_positions': 0, 'suggested_positions': 8, 'reason': 'Portfolio under-diversified'}
2025-10-06 12:25:38,954 - __main__ - INFO - Trading cycle completed
2025-10-06 12:30:39,054 - __main__ - INFO - Starting trading cycle...
2025-10-06 12:30:41,210 - portfolio_manager - ERROR - Error calculating portfolio value: 'list' object has no attribute 'get'
2025-10-06 12:30:43,056 - portfolio_manager - ERROR - Error calculating portfolio value: 'list' object has no attribute 'get'
2025-10-06 12:30:43,060 - __main__ - INFO - Portfolio value: ₹0.00
2025-10-06 12:30:43,060 - __main__ - INFO - Day PnL: ₹0.00
2025-10-06 12:30:43,696 - kite_client - ERROR - Failed to get historical data: Insufficient permission for that call.
2025-10-06 12:30:43,699 - trading_strategies - WARNING - Analysis failed for NSE:RELIANCE: Insufficient data
2025-10-06 12:30:44,498 - kite_client - ERROR - Failed to get historical data: Insufficient permission for that call.
2025-10-06 12:30:44,503 - trading_strategies - WARNING - Analysis failed for NSE:TCS: Insufficient data
2025-10-06 12:30:45,357 - kite_client - ERROR - Failed to get historical data: Insufficient permission for that call.
2025-10-06 12:30:45,366 - trading_strategies - WARNING - Analysis failed for NSE:HDFCBANK: Insufficient data
2025-10-06 12:30:46,162 - kite_client - ERROR - Failed to get historical data: Insufficient permission for that call.
2025-10-06 12:30:46,167 - trading_strategies - WARNING - Analysis failed for NSE:INFY: Insufficient data
2025-10-06 12:30:46,869 - kite_client - ERROR - Failed to get historical data: Insufficient permission for that call.
2025-10-06 12:30:46,874 - trading_strategies - WARNING - Analysis failed for NSE:HINDUNILVR: Insufficient data
2025-10-06 12:30:47,689 - kite_client - ERROR - Failed to get historical data: Insufficient permission for that call.
2025-10-06 12:30:47,692 - trading_strategies - WARNING - Analysis failed for NSE:ITC: Insufficient data
2025-10-06 12:30:48,450 - kite_client - ERROR - Failed to get historical data: Insufficient permission for that call.
2025-10-06 12:30:48,454 - trading_strategies - WARNING - Analysis failed for NSE:KOTAKBANK: Insufficient data
2025-10-06 12:30:49,282 - kite_client - ERROR - Failed to get historical data: Insufficient permission for that call.
2025-10-06 12:30:49,287 - trading_strategies - WARNING - Analysis failed for NSE:LT: Insufficient data
2025-10-06 12:30:50,040 - kite_client - ERROR - Failed to get historical data: Insufficient permission for that call.
2025-10-06 12:30:50,043 - trading_strategies - WARNING - Analysis failed for NSE:SBIN: Insufficient data
2025-10-06 12:30:50,872 - kite_client - ERROR - Failed to get historical data: Insufficient permission for that call.
2025-10-06 12:30:50,877 - trading_strategies - WARNING - Analysis failed for NSE:BHARTIARTL: Insufficient data
2025-10-06 12:30:53,005 - portfolio_manager - ERROR - Error calculating portfolio value: 'list' object has no attribute 'get'
2025-10-06 12:30:53,005 - __main__ - INFO - Portfolio rebalancing suggestions:
2025-10-06 12:30:53,006 - __main__ - INFO -   - {'type': 'diversify', 'current_positions': 0, 'suggested_positions': 8, 'reason': 'Portfolio under-diversified'}
2025-10-06 12:30:53,006 - __main__ - INFO - Trading cycle completed
2025-10-06 12:35:53,143 - __main__ - INFO - Starting trading cycle...
2025-10-06 12:35:54,991 - portfolio_manager - ERROR - Error calculating portfolio value: 'list' object has no attribute 'get'
2025-10-06 12:35:56,813 - portfolio_manager - ERROR - Error calculating portfolio value: 'list' object has no attribute 'get'
2025-10-06 12:35:56,814 - __main__ - INFO - Portfolio value: ₹0.00
2025-10-06 12:35:56,814 - __main__ - INFO - Day PnL: ₹0.00
2025-10-06 12:35:57,673 - kite_client - ERROR - Failed to get historical data: Insufficient permission for that call.
2025-10-06 12:35:57,677 - trading_strategies - WARNING - Analysis failed for NSE:RELIANCE: Insufficient data
2025-10-06 12:35:58,516 - kite_client - ERROR - Failed to get historical data: Insufficient permission for that call.
2025-10-06 12:35:58,520 - trading_strategies - WARNING - Analysis failed for NSE:TCS: Insufficient data
2025-10-06 12:35:59,235 - kite_client - ERROR - Failed to get historical data: Insufficient permission for that call.
2025-10-06 12:35:59,240 - trading_strategies - WARNING - Analysis failed for NSE:HDFCBANK: Insufficient data
2025-10-06 12:35:59,991 - kite_client - ERROR - Failed to get historical data: Insufficient permission for that call.
2025-10-06 12:35:59,995 - trading_strategies - WARNING - Analysis failed for NSE:INFY: Insufficient data
2025-10-06 12:36:00,612 - kite_client - ERROR - Failed to get historical data: Insufficient permission for that call.
2025-10-06 12:36:00,617 - trading_strategies - WARNING - Analysis failed for NSE:HINDUNILVR: Insufficient data
2025-10-06 12:36:01,213 - kite_client - ERROR - Failed to get historical data: Insufficient permission for that call.
2025-10-06 12:36:01,218 - trading_strategies - WARNING - Analysis failed for NSE:ITC: Insufficient data
2025-10-06 12:36:02,073 - kite_client - ERROR - Failed to get historical data: Insufficient permission for that call.
2025-10-06 12:36:02,078 - trading_strategies - WARNING - Analysis failed for NSE:KOTAKBANK: Insufficient data
2025-10-06 12:36:02,763 - kite_client - ERROR - Failed to get historical data: Insufficient permission for that call.
2025-10-06 12:36:02,768 - trading_strategies - WARNING - Analysis failed for NSE:LT: Insufficient data
2025-10-06 12:36:03,483 - kite_client - ERROR - Failed to get historical data: Insufficient permission for that call.
2025-10-06 12:36:03,489 - trading_strategies - WARNING - Analysis failed for NSE:SBIN: Insufficient data
2025-10-06 12:36:04,110 - kite_client - ERROR - Failed to get historical data: Insufficient permission for that call.
2025-10-06 12:36:04,116 - trading_strategies - WARNING - Analysis failed for NSE:BHARTIARTL: Insufficient data
2025-10-06 12:36:06,230 - portfolio_manager - ERROR - Error calculating portfolio value: 'list' object has no attribute 'get'
2025-10-06 12:36:06,231 - __main__ - INFO - Portfolio rebalancing suggestions:
2025-10-06 12:36:06,231 - __main__ - INFO -   - {'type': 'diversify', 'current_positions': 0, 'suggested_positions': 8, 'reason': 'Portfolio under-diversified'}
2025-10-06 12:36:06,231 - __main__ - INFO - Trading cycle completed
2025-10-06 12:41:06,372 - __main__ - INFO - Starting trading cycle...
2025-10-06 12:41:08,214 - portfolio_manager - ERROR - Error calculating portfolio value: 'list' object has no attribute 'get'
2025-10-06 12:41:10,057 - portfolio_manager - ERROR - Error calculating portfolio value: 'list' object has no attribute 'get'
2025-10-06 12:41:10,058 - __main__ - INFO - Portfolio value: ₹0.00
2025-10-06 12:41:10,058 - __main__ - INFO - Day PnL: ₹0.00
2025-10-06 12:41:10,859 - kite_client - ERROR - Failed to get historical data: Insufficient permission for that call.
2025-10-06 12:41:10,864 - trading_strategies - WARNING - Analysis failed for NSE:RELIANCE: Insufficient data
2025-10-06 12:41:11,636 - kite_client - ERROR - Failed to get historical data: Insufficient permission for that call.
2025-10-06 12:41:11,641 - trading_strategies - WARNING - Analysis failed for NSE:TCS: Insufficient data
2025-10-06 12:41:12,534 - kite_client - ERROR - Failed to get historical data: Insufficient permission for that call.
2025-10-06 12:41:12,539 - trading_strategies - WARNING - Analysis failed for NSE:HDFCBANK: Insufficient data
2025-10-06 12:41:13,556 - kite_client - ERROR - Failed to get historical data: Insufficient permission for that call.
2025-10-06 12:41:13,559 - trading_strategies - WARNING - Analysis failed for NSE:INFY: Insufficient data
2025-10-06 12:41:14,224 - kite_client - ERROR - Failed to get historical data: Insufficient permission for that call.
2025-10-06 12:41:14,229 - trading_strategies - WARNING - Analysis failed for NSE:HINDUNILVR: Insufficient data
2025-10-06 12:41:14,862 - kite_client - ERROR - Failed to get historical data: Insufficient permission for that call.
2025-10-06 12:41:14,866 - trading_strategies - WARNING - Analysis failed for NSE:ITC: Insufficient data
2025-10-06 12:41:15,634 - kite_client - ERROR - Failed to get historical data: Insufficient permission for that call.
2025-10-06 12:41:15,639 - trading_strategies - WARNING - Analysis failed for NSE:KOTAKBANK: Insufficient data
2025-10-06 12:41:16,256 - kite_client - ERROR - Failed to get historical data: Insufficient permission for that call.
2025-10-06 12:41:16,259 - trading_strategies - WARNING - Analysis failed for NSE:LT: Insufficient data
2025-10-06 12:41:17,036 - kite_client - ERROR - Failed to get historical data: Insufficient permission for that call.
2025-10-06 12:41:17,040 - trading_strategies - WARNING - Analysis failed for NSE:SBIN: Insufficient data
2025-10-06 12:41:17,696 - kite_client - ERROR - Failed to get historical data: Insufficient permission for that call.
2025-10-06 12:41:17,701 - trading_strategies - WARNING - Analysis failed for NSE:BHARTIARTL: Insufficient data
2025-10-06 12:41:19,806 - portfolio_manager - ERROR - Error calculating portfolio value: 'list' object has no attribute 'get'
2025-10-06 12:41:19,807 - __main__ - INFO - Portfolio rebalancing suggestions:
2025-10-06 12:41:19,808 - __main__ - INFO -   - {'type': 'diversify', 'current_positions': 0, 'suggested_positions': 8, 'reason': 'Portfolio under-diversified'}
2025-10-06 12:41:19,808 - __main__ - INFO - Trading cycle completed
2025-10-06 12:46:19,889 - __main__ - INFO - Starting trading cycle...
2025-10-06 12:46:21,828 - portfolio_manager - ERROR - Error calculating portfolio value: 'list' object has no attribute 'get'
2025-10-06 12:46:23,892 - portfolio_manager - ERROR - Error calculating portfolio value: 'list' object has no attribute 'get'
2025-10-06 12:46:23,892 - __main__ - INFO - Portfolio value: ₹0.00
2025-10-06 12:46:23,892 - __main__ - INFO - Day PnL: ₹0.00
2025-10-06 12:46:24,689 - kite_client - ERROR - Failed to get historical data: Insufficient permission for that call.
2025-10-06 12:46:24,692 - trading_strategies - WARNING - Analysis failed for NSE:RELIANCE: Insufficient data
2025-10-06 12:46:25,309 - kite_client - ERROR - Failed to get historical data: Insufficient permission for that call.
2025-10-06 12:46:25,312 - trading_strategies - WARNING - Analysis failed for NSE:TCS: Insufficient data
2025-10-06 12:46:26,057 - kite_client - ERROR - Failed to get historical data: Insufficient permission for that call.
2025-10-06 12:46:26,060 - trading_strategies - WARNING - Analysis failed for NSE:HDFCBANK: Insufficient data
2025-10-06 12:46:26,699 - kite_client - ERROR - Failed to get historical data: Insufficient permission for that call.
2025-10-06 12:46:26,702 - trading_strategies - WARNING - Analysis failed for NSE:INFY: Insufficient data
2025-10-06 12:46:27,345 - kite_client - ERROR - Failed to get historical data: Insufficient permission for that call.
2025-10-06 12:46:27,349 - trading_strategies - WARNING - Analysis failed for NSE:HINDUNILVR: Insufficient data
2025-10-06 12:46:27,991 - kite_client - ERROR - Failed to get historical data: Insufficient permission for that call.
2025-10-06 12:46:27,995 - trading_strategies - WARNING - Analysis failed for NSE:ITC: Insufficient data
2025-10-06 12:46:28,829 - kite_client - ERROR - Failed to get historical data: Insufficient permission for that call.
2025-10-06 12:46:28,833 - trading_strategies - WARNING - Analysis failed for NSE:KOTAKBANK: Insufficient data
2025-10-06 12:46:29,558 - kite_client - ERROR - Failed to get historical data: Insufficient permission for that call.
2025-10-06 12:46:29,562 - trading_strategies - WARNING - Analysis failed for NSE:LT: Insufficient data
2025-10-06 12:46:30,502 - kite_client - ERROR - Failed to get historical data: Insufficient permission for that call.
2025-10-06 12:46:30,506 - trading_strategies - WARNING - Analysis failed for NSE:SBIN: Insufficient data
2025-10-06 12:46:31,146 - kite_client - ERROR - Failed to get historical data: Insufficient permission for that call.
2025-10-06 12:46:31,150 - trading_strategies - WARNING - Analysis failed for NSE:BHARTIARTL: Insufficient data
2025-10-06 12:46:33,328 - portfolio_manager - ERROR - Error calculating portfolio value: 'list' object has no attribute 'get'
2025-10-06 12:46:33,329 - __main__ - INFO - Portfolio rebalancing suggestions:
2025-10-06 12:46:33,329 - __main__ - INFO -   - {'type': 'diversify', 'current_positions': 0, 'suggested_positions': 8, 'reason': 'Portfolio under-diversified'}
2025-10-06 12:46:33,329 - __main__ - INFO - Trading cycle completed
2025-10-06 12:51:33,447 - __main__ - INFO - Starting trading cycle...
2025-10-06 12:51:35,692 - portfolio_manager - ERROR - Error calculating portfolio value: 'list' object has no attribute 'get'
2025-10-06 12:51:37,623 - portfolio_manager - ERROR - Error calculating portfolio value: 'list' object has no attribute 'get'
2025-10-06 12:51:37,624 - __main__ - INFO - Portfolio value: ₹0.00
2025-10-06 12:51:37,624 - __main__ - INFO - Day PnL: ₹0.00
2025-10-06 12:51:38,473 - kite_client - ERROR - Failed to get historical data: Insufficient permission for that call.
2025-10-06 12:51:38,478 - trading_strategies - WARNING - Analysis failed for NSE:RELIANCE: Insufficient data
2025-10-06 12:51:39,336 - kite_client - ERROR - Failed to get historical data: Insufficient permission for that call.
2025-10-06 12:51:39,345 - trading_strategies - WARNING - Analysis failed for NSE:TCS: Insufficient data
2025-10-06 12:51:40,141 - kite_client - ERROR - Failed to get historical data: Insufficient permission for that call.
2025-10-06 12:51:40,144 - trading_strategies - WARNING - Analysis failed for NSE:HDFCBANK: Insufficient data
2025-10-06 12:51:40,761 - kite_client - ERROR - Failed to get historical data: Insufficient permission for that call.
2025-10-06 12:51:40,766 - trading_strategies - WARNING - Analysis failed for NSE:INFY: Insufficient data
2025-10-06 12:51:41,391 - kite_client - ERROR - Failed to get historical data: Insufficient permission for that call.
2025-10-06 12:51:41,394 - trading_strategies - WARNING - Analysis failed for NSE:HINDUNILVR: Insufficient data
2025-10-06 12:51:42,020 - kite_client - ERROR - Failed to get historical data: Insufficient permission for that call.
2025-10-06 12:51:42,025 - trading_strategies - WARNING - Analysis failed for NSE:ITC: Insufficient data
2025-10-06 12:51:43,405 - kite_client - ERROR - Failed to get historical data: Insufficient permission for that call.
2025-10-06 12:51:43,410 - trading_strategies - WARNING - Analysis failed for NSE:KOTAKBANK: Insufficient data
2025-10-06 12:51:44,056 - kite_client - ERROR - Failed to get historical data: Insufficient permission for that call.
2025-10-06 12:51:44,061 - trading_strategies - WARNING - Analysis failed for NSE:LT: Insufficient data
2025-10-06 12:51:44,719 - kite_client - ERROR - Failed to get historical data: Insufficient permission for that call.
2025-10-06 12:51:44,722 - trading_strategies - WARNING - Analysis failed for NSE:SBIN: Insufficient data
2025-10-06 12:51:45,349 - kite_client - ERROR - Failed to get historical data: Insufficient permission for that call.
2025-10-06 12:51:45,353 - trading_strategies - WARNING - Analysis failed for NSE:BHARTIARTL: Insufficient data
2025-10-06 12:51:47,405 - portfolio_manager - ERROR - Error calculating portfolio value: 'list' object has no attribute 'get'
2025-10-06 12:51:47,406 - __main__ - INFO - Portfolio rebalancing suggestions:
2025-10-06 12:51:47,406 - __main__ - INFO -   - {'type': 'diversify', 'current_positions': 0, 'suggested_positions': 8, 'reason': 'Portfolio under-diversified'}
2025-10-06 12:51:47,406 - __main__ - INFO - Trading cycle completed
2025-10-06 13:11:02,906 - __main__ - INFO - Starting trading cycle...
2025-10-06 13:11:02,957 - kite_client - ERROR - Failed to get positions: ('Connection aborted.', ConnectionResetError(54, 'Connection reset by peer'))
2025-10-06 13:11:06,217 - portfolio_manager - ERROR - Error calculating portfolio value: 'list' object has no attribute 'get'
2025-10-06 13:11:06,218 - __main__ - INFO - Portfolio value: ₹0.00
2025-10-06 13:11:06,218 - __main__ - INFO - Day PnL: ₹0.00
2025-10-06 13:11:08,333 - kite_client - ERROR - Failed to get historical data: Insufficient permission for that call.
2025-10-06 13:11:08,337 - trading_strategies - WARNING - Analysis failed for NSE:RELIANCE: Insufficient data
2025-10-06 13:11:09,246 - kite_client - ERROR - Failed to get historical data: Insufficient permission for that call.
2025-10-06 13:11:09,252 - trading_strategies - WARNING - Analysis failed for NSE:TCS: Insufficient data
2025-10-06 13:11:10,065 - kite_client - ERROR - Failed to get historical data: Insufficient permission for that call.
2025-10-06 13:11:10,070 - trading_strategies - WARNING - Analysis failed for NSE:HDFCBANK: Insufficient data
2025-10-06 13:11:10,774 - kite_client - ERROR - Failed to get historical data: Insufficient permission for that call.
2025-10-06 13:11:10,778 - trading_strategies - WARNING - Analysis failed for NSE:INFY: Insufficient data
2025-10-06 13:11:11,457 - kite_client - ERROR - Failed to get historical data: Insufficient permission for that call.
2025-10-06 13:11:11,461 - trading_strategies - WARNING - Analysis failed for NSE:HINDUNILVR: Insufficient data
2025-10-06 13:11:12,098 - kite_client - ERROR - Failed to get historical data: Insufficient permission for that call.
2025-10-06 13:11:12,103 - trading_strategies - WARNING - Analysis failed for NSE:ITC: Insufficient data
2025-10-06 13:11:12,733 - kite_client - ERROR - Failed to get historical data: Insufficient permission for that call.
2025-10-06 13:11:12,741 - trading_strategies - WARNING - Analysis failed for NSE:KOTAKBANK: Insufficient data
2025-10-06 13:11:13,591 - kite_client - ERROR - Failed to get historical data: Insufficient permission for that call.
2025-10-06 13:11:13,597 - trading_strategies - WARNING - Analysis failed for NSE:LT: Insufficient data
2025-10-06 13:11:14,259 - kite_client - ERROR - Failed to get historical data: Insufficient permission for that call.
2025-10-06 13:11:14,263 - trading_strategies - WARNING - Analysis failed for NSE:SBIN: Insufficient data
2025-10-06 13:11:14,935 - kite_client - ERROR - Failed to get historical data: Insufficient permission for that call.
2025-10-06 13:11:14,940 - trading_strategies - WARNING - Analysis failed for NSE:BHARTIARTL: Insufficient data
2025-10-06 13:11:17,540 - portfolio_manager - ERROR - Error calculating portfolio value: 'list' object has no attribute 'get'
2025-10-06 13:11:17,540 - __main__ - INFO - Portfolio rebalancing suggestions:
2025-10-06 13:11:17,540 - __main__ - INFO -   - {'type': 'diversify', 'current_positions': 0, 'suggested_positions': 8, 'reason': 'Portfolio under-diversified'}
2025-10-06 13:11:17,540 - __main__ - INFO - Trading cycle completed
2025-10-06 13:29:04,537 - __main__ - INFO - Starting trading cycle...
2025-10-06 13:29:04,678 - kite_client - ERROR - Failed to get positions: ('Connection aborted.', ConnectionResetError(54, 'Connection reset by peer'))
2025-10-06 13:29:07,411 - portfolio_manager - ERROR - Error calculating portfolio value: 'list' object has no attribute 'get'
2025-10-06 13:29:07,411 - __main__ - INFO - Portfolio value: ₹0.00
2025-10-06 13:29:07,411 - __main__ - INFO - Day PnL: ₹0.00
2025-10-06 13:29:08,835 - kite_client - ERROR - Failed to get historical data: Insufficient permission for that call.
2025-10-06 13:29:08,840 - trading_strategies - WARNING - Analysis failed for NSE:RELIANCE: Insufficient data
2025-10-06 13:29:09,504 - kite_client - ERROR - Failed to get historical data: Insufficient permission for that call.
2025-10-06 13:29:09,508 - trading_strategies - WARNING - Analysis failed for NSE:TCS: Insufficient data
2025-10-06 13:29:10,180 - kite_client - ERROR - Failed to get historical data: Insufficient permission for that call.
2025-10-06 13:29:10,185 - trading_strategies - WARNING - Analysis failed for NSE:HDFCBANK: Insufficient data
2025-10-06 13:29:10,831 - kite_client - ERROR - Failed to get historical data: Insufficient permission for that call.
2025-10-06 13:29:10,836 - trading_strategies - WARNING - Analysis failed for NSE:INFY: Insufficient data
2025-10-06 13:29:11,482 - kite_client - ERROR - Failed to get historical data: Insufficient permission for that call.
2025-10-06 13:29:11,484 - trading_strategies - WARNING - Analysis failed for NSE:HINDUNILVR: Insufficient data
2025-10-06 13:29:12,146 - kite_client - ERROR - Failed to get historical data: Insufficient permission for that call.
2025-10-06 13:29:12,151 - trading_strategies - WARNING - Analysis failed for NSE:ITC: Insufficient data
2025-10-06 13:29:12,793 - kite_client - ERROR - Failed to get historical data: Insufficient permission for that call.
2025-10-06 13:29:12,799 - trading_strategies - WARNING - Analysis failed for NSE:KOTAKBANK: Insufficient data
2025-10-06 13:29:13,435 - kite_client - ERROR - Failed to get historical data: Insufficient permission for that call.
2025-10-06 13:29:13,442 - trading_strategies - WARNING - Analysis failed for NSE:LT: Insufficient data
2025-10-06 13:29:14,113 - kite_client - ERROR - Failed to get historical data: Insufficient permission for that call.
2025-10-06 13:29:14,117 - trading_strategies - WARNING - Analysis failed for NSE:SBIN: Insufficient data
2025-10-06 13:29:14,866 - kite_client - ERROR - Failed to get historical data: Insufficient permission for that call.
2025-10-06 13:29:14,871 - trading_strategies - WARNING - Analysis failed for NSE:BHARTIARTL: Insufficient data
2025-10-06 13:29:17,041 - portfolio_manager - ERROR - Error calculating portfolio value: 'list' object has no attribute 'get'
2025-10-06 13:29:17,042 - __main__ - INFO - Portfolio rebalancing suggestions:
2025-10-06 13:29:17,042 - __main__ - INFO -   - {'type': 'diversify', 'current_positions': 0, 'suggested_positions': 8, 'reason': 'Portfolio under-diversified'}
2025-10-06 13:29:17,042 - __main__ - INFO - Trading cycle completed
2025-10-06 13:44:54,148 - __main__ - INFO - Starting trading cycle...
2025-10-06 13:44:54,702 - kite_client - ERROR - Failed to get positions: ('Connection aborted.', ConnectionResetError(54, 'Connection reset by peer'))
2025-10-06 13:44:57,423 - portfolio_manager - ERROR - Error calculating portfolio value: 'list' object has no attribute 'get'
2025-10-06 13:44:57,424 - __main__ - INFO - Portfolio value: ₹0.00
2025-10-06 13:44:57,424 - __main__ - INFO - Day PnL: ₹0.00
2025-10-06 13:44:58,109 - kite_client - ERROR - Failed to get historical data: Insufficient permission for that call.
2025-10-06 13:44:58,114 - trading_strategies - WARNING - Analysis failed for NSE:RELIANCE: Insufficient data
2025-10-06 13:44:58,929 - kite_client - ERROR - Failed to get historical data: Insufficient permission for that call.
2025-10-06 13:44:58,934 - trading_strategies - WARNING - Analysis failed for NSE:TCS: Insufficient data
2025-10-06 13:44:59,567 - kite_client - ERROR - Failed to get historical data: Insufficient permission for that call.
2025-10-06 13:44:59,570 - trading_strategies - WARNING - Analysis failed for NSE:HDFCBANK: Insufficient data
2025-10-06 13:45:00,187 - kite_client - ERROR - Failed to get historical data: Insufficient permission for that call.
2025-10-06 13:45:00,191 - trading_strategies - WARNING - Analysis failed for NSE:INFY: Insufficient data
2025-10-06 13:45:00,979 - kite_client - ERROR - Failed to get historical data: Insufficient permission for that call.
2025-10-06 13:45:00,983 - trading_strategies - WARNING - Analysis failed for NSE:HINDUNILVR: Insufficient data
2025-10-06 13:45:01,598 - kite_client - ERROR - Failed to get historical data: Insufficient permission for that call.
2025-10-06 13:45:01,603 - trading_strategies - WARNING - Analysis failed for NSE:ITC: Insufficient data
2025-10-06 13:45:02,262 - kite_client - ERROR - Failed to get historical data: Insufficient permission for that call.
2025-10-06 13:45:02,265 - trading_strategies - WARNING - Analysis failed for NSE:KOTAKBANK: Insufficient data
2025-10-06 13:45:02,999 - kite_client - ERROR - Failed to get historical data: Insufficient permission for that call.
2025-10-06 13:45:03,005 - trading_strategies - WARNING - Analysis failed for NSE:LT: Insufficient data
2025-10-06 13:45:03,637 - kite_client - ERROR - Failed to get historical data: Insufficient permission for that call.
2025-10-06 13:45:03,645 - trading_strategies - WARNING - Analysis failed for NSE:SBIN: Insufficient data
2025-10-06 13:45:04,265 - kite_client - ERROR - Failed to get historical data: Insufficient permission for that call.
2025-10-06 13:45:04,270 - trading_strategies - WARNING - Analysis failed for NSE:BHARTIARTL: Insufficient data
2025-10-06 13:45:06,419 - portfolio_manager - ERROR - Error calculating portfolio value: 'list' object has no attribute 'get'
2025-10-06 13:45:06,420 - __main__ - INFO - Portfolio rebalancing suggestions:
2025-10-06 13:45:06,420 - __main__ - INFO -   - {'type': 'diversify', 'current_positions': 0, 'suggested_positions': 8, 'reason': 'Portfolio under-diversified'}
2025-10-06 13:45:06,420 - __main__ - INFO - Trading cycle completed
2025-10-06 14:02:28,605 - __main__ - INFO - Starting trading cycle...
2025-10-06 14:02:28,688 - kite_client - ERROR - Failed to get positions: ('Connection aborted.', ConnectionResetError(54, 'Connection reset by peer'))
2025-10-06 14:02:31,395 - portfolio_manager - ERROR - Error calculating portfolio value: 'list' object has no attribute 'get'
2025-10-06 14:02:31,395 - __main__ - INFO - Portfolio value: ₹0.00
2025-10-06 14:02:31,396 - __main__ - INFO - Day PnL: ₹0.00
2025-10-06 14:02:32,073 - kite_client - ERROR - Failed to get historical data: Insufficient permission for that call.
2025-10-06 14:02:32,077 - trading_strategies - WARNING - Analysis failed for NSE:RELIANCE: Insufficient data
2025-10-06 14:02:33,474 - kite_client - ERROR - Failed to get historical data: Insufficient permission for that call.
2025-10-06 14:02:33,479 - trading_strategies - WARNING - Analysis failed for NSE:TCS: Insufficient data
2025-10-06 14:02:34,361 - kite_client - ERROR - Failed to get historical data: Insufficient permission for that call.
2025-10-06 14:02:34,365 - trading_strategies - WARNING - Analysis failed for NSE:HDFCBANK: Insufficient data
2025-10-06 14:02:35,110 - kite_client - ERROR - Failed to get historical data: Insufficient permission for that call.
2025-10-06 14:02:35,115 - trading_strategies - WARNING - Analysis failed for NSE:INFY: Insufficient data
2025-10-06 14:02:35,728 - kite_client - ERROR - Failed to get historical data: Insufficient permission for that call.
2025-10-06 14:02:35,732 - trading_strategies - WARNING - Analysis failed for NSE:HINDUNILVR: Insufficient data
2025-10-06 14:02:36,431 - kite_client - ERROR - Failed to get historical data: Insufficient permission for that call.
2025-10-06 14:02:36,433 - trading_strategies - WARNING - Analysis failed for NSE:ITC: Insufficient data
2025-10-06 14:02:37,139 - kite_client - ERROR - Failed to get historical data: Insufficient permission for that call.
2025-10-06 14:02:37,144 - trading_strategies - WARNING - Analysis failed for NSE:KOTAKBANK: Insufficient data
2025-10-06 14:02:37,987 - kite_client - ERROR - Failed to get historical data: Insufficient permission for that call.
2025-10-06 14:02:37,989 - trading_strategies - WARNING - Analysis failed for NSE:LT: Insufficient data
2025-10-06 14:02:38,841 - kite_client - ERROR - Failed to get historical data: Insufficient permission for that call.
2025-10-06 14:02:38,843 - trading_strategies - WARNING - Analysis failed for NSE:SBIN: Insufficient data
2025-10-06 14:02:39,536 - kite_client - ERROR - Failed to get historical data: Insufficient permission for that call.
2025-10-06 14:02:39,539 - trading_strategies - WARNING - Analysis failed for NSE:BHARTIARTL: Insufficient data
2025-10-06 14:02:41,673 - portfolio_manager - ERROR - Error calculating portfolio value: 'list' object has no attribute 'get'
2025-10-06 14:02:41,674 - __main__ - INFO - Portfolio rebalancing suggestions:
2025-10-06 14:02:41,674 - __main__ - INFO -   - {'type': 'diversify', 'current_positions': 0, 'suggested_positions': 8, 'reason': 'Portfolio under-diversified'}
2025-10-06 14:02:41,674 - __main__ - INFO - Trading cycle completed
2025-10-06 14:12:42,871 - __main__ - INFO - Starting trading cycle...
2025-10-06 14:12:43,416 - kite_client - ERROR - Failed to get positions: ('Connection aborted.', ConnectionResetError(54, 'Connection reset by peer'))
2025-10-06 14:12:47,269 - portfolio_manager - ERROR - Error calculating portfolio value: 'list' object has no attribute 'get'
2025-10-06 14:12:47,269 - __main__ - INFO - Portfolio value: ₹0.00
2025-10-06 14:12:47,269 - __main__ - INFO - Day PnL: ₹0.00
2025-10-06 14:12:48,249 - kite_client - ERROR - Failed to get historical data: Insufficient permission for that call.
2025-10-06 14:12:48,257 - trading_strategies - WARNING - Analysis failed for NSE:RELIANCE: Insufficient data
2025-10-06 14:12:48,980 - kite_client - ERROR - Failed to get historical data: Insufficient permission for that call.
2025-10-06 14:12:48,985 - trading_strategies - WARNING - Analysis failed for NSE:TCS: Insufficient data
2025-10-06 14:12:49,651 - kite_client - ERROR - Failed to get historical data: Insufficient permission for that call.
2025-10-06 14:12:49,656 - trading_strategies - WARNING - Analysis failed for NSE:HDFCBANK: Insufficient data
2025-10-06 14:12:50,352 - kite_client - ERROR - Failed to get historical data: Insufficient permission for that call.
2025-10-06 14:12:50,356 - trading_strategies - WARNING - Analysis failed for NSE:INFY: Insufficient data
2025-10-06 14:13:14,204 - kite_client - ERROR - Failed to get instruments: HTTPSConnectionPool(host='api.kite.trade', port=443): Read timed out. (read timeout=7)
2025-10-06 14:13:14,206 - trading_strategies - WARNING - Analysis failed for NSE:HINDUNILVR: Insufficient data
2025-10-06 14:13:15,706 - kite_client - ERROR - Failed to get historical data: Insufficient permission for that call.
2025-10-06 14:13:15,711 - trading_strategies - WARNING - Analysis failed for NSE:ITC: Insufficient data
2025-10-06 14:13:16,481 - kite_client - ERROR - Failed to get historical data: Insufficient permission for that call.
2025-10-06 14:13:16,485 - trading_strategies - WARNING - Analysis failed for NSE:KOTAKBANK: Insufficient data
2025-10-06 14:13:17,101 - kite_client - ERROR - Failed to get historical data: Insufficient permission for that call.
2025-10-06 14:13:17,105 - trading_strategies - WARNING - Analysis failed for NSE:LT: Insufficient data
2025-10-06 14:13:18,105 - kite_client - ERROR - Failed to get historical data: Insufficient permission for that call.
2025-10-06 14:13:18,108 - trading_strategies - WARNING - Analysis failed for NSE:SBIN: Insufficient data
2025-10-06 14:13:18,803 - kite_client - ERROR - Failed to get historical data: Insufficient permission for that call.
2025-10-06 14:13:18,807 - trading_strategies - WARNING - Analysis failed for NSE:BHARTIARTL: Insufficient data
2025-10-06 14:13:20,956 - portfolio_manager - ERROR - Error calculating portfolio value: 'list' object has no attribute 'get'
2025-10-06 14:13:20,956 - __main__ - INFO - Portfolio rebalancing suggestions:
2025-10-06 14:13:20,956 - __main__ - INFO -   - {'type': 'diversify', 'current_positions': 0, 'suggested_positions': 8, 'reason': 'Portfolio under-diversified'}
2025-10-06 14:13:20,957 - __main__ - INFO - Trading cycle completed
2025-10-06 14:18:21,049 - __main__ - INFO - Starting trading cycle...
2025-10-06 14:18:23,441 - portfolio_manager - ERROR - Error calculating portfolio value: 'list' object has no attribute 'get'
2025-10-06 14:18:25,796 - portfolio_manager - ERROR - Error calculating portfolio value: 'list' object has no attribute 'get'
2025-10-06 14:18:25,797 - __main__ - INFO - Portfolio value: ₹0.00
2025-10-06 14:18:25,797 - __main__ - INFO - Day PnL: ₹0.00
2025-10-06 14:18:26,616 - kite_client - ERROR - Failed to get historical data: Insufficient permission for that call.
2025-10-06 14:18:26,621 - trading_strategies - WARNING - Analysis failed for NSE:RELIANCE: Insufficient data
2025-10-06 14:18:27,437 - kite_client - ERROR - Failed to get historical data: Insufficient permission for that call.
2025-10-06 14:18:27,440 - trading_strategies - WARNING - Analysis failed for NSE:TCS: Insufficient data
2025-10-06 14:18:28,065 - kite_client - ERROR - Failed to get historical data: Insufficient permission for that call.
2025-10-06 14:18:28,070 - trading_strategies - WARNING - Analysis failed for NSE:HDFCBANK: Insufficient data
2025-10-06 14:18:28,702 - kite_client - ERROR - Failed to get historical data: Insufficient permission for that call.
2025-10-06 14:18:28,707 - trading_strategies - WARNING - Analysis failed for NSE:INFY: Insufficient data
2025-10-06 14:18:29,337 - kite_client - ERROR - Failed to get historical data: Insufficient permission for that call.
2025-10-06 14:18:29,343 - trading_strategies - WARNING - Analysis failed for NSE:HINDUNILVR: Insufficient data
2025-10-06 14:18:30,202 - kite_client - ERROR - Failed to get historical data: Insufficient permission for that call.
2025-10-06 14:18:30,206 - trading_strategies - WARNING - Analysis failed for NSE:ITC: Insufficient data
2025-10-06 14:18:30,901 - kite_client - ERROR - Failed to get historical data: Insufficient permission for that call.
2025-10-06 14:18:30,906 - trading_strategies - WARNING - Analysis failed for NSE:KOTAKBANK: Insufficient data
2025-10-06 14:18:31,538 - kite_client - ERROR - Failed to get historical data: Insufficient permission for that call.
2025-10-06 14:18:31,543 - trading_strategies - WARNING - Analysis failed for NSE:LT: Insufficient data
2025-10-06 14:18:32,214 - kite_client - ERROR - Failed to get historical data: Insufficient permission for that call.
2025-10-06 14:18:32,219 - trading_strategies - WARNING - Analysis failed for NSE:SBIN: Insufficient data
2025-10-06 14:18:32,863 - kite_client - ERROR - Failed to get historical data: Insufficient permission for that call.
2025-10-06 14:18:32,868 - trading_strategies - WARNING - Analysis failed for NSE:BHARTIARTL: Insufficient data
2025-10-06 14:18:35,320 - portfolio_manager - ERROR - Error calculating portfolio value: 'list' object has no attribute 'get'
2025-10-06 14:18:35,320 - __main__ - INFO - Portfolio rebalancing suggestions:
2025-10-06 14:18:35,320 - __main__ - INFO -   - {'type': 'diversify', 'current_positions': 0, 'suggested_positions': 8, 'reason': 'Portfolio under-diversified'}
2025-10-06 14:18:35,320 - __main__ - INFO - Trading cycle completed
2025-10-06 14:23:35,445 - __main__ - INFO - Starting trading cycle...
2025-10-06 14:23:38,416 - portfolio_manager - ERROR - Error calculating portfolio value: 'list' object has no attribute 'get'
2025-10-06 14:23:40,274 - portfolio_manager - ERROR - Error calculating portfolio value: 'list' object has no attribute 'get'
2025-10-06 14:23:40,275 - __main__ - INFO - Portfolio value: ₹0.00
2025-10-06 14:23:40,275 - __main__ - INFO - Day PnL: ₹0.00
2025-10-06 14:23:40,955 - kite_client - ERROR - Failed to get historical data: Insufficient permission for that call.
2025-10-06 14:23:40,960 - trading_strategies - WARNING - Analysis failed for NSE:RELIANCE: Insufficient data
2025-10-06 14:23:41,769 - kite_client - ERROR - Failed to get historical data: Insufficient permission for that call.
2025-10-06 14:23:41,775 - trading_strategies - WARNING - Analysis failed for NSE:TCS: Insufficient data
2025-10-06 14:23:42,426 - kite_client - ERROR - Failed to get historical data: Insufficient permission for that call.
2025-10-06 14:23:42,433 - trading_strategies - WARNING - Analysis failed for NSE:HDFCBANK: Insufficient data
2025-10-06 14:23:43,119 - kite_client - ERROR - Failed to get historical data: Insufficient permission for that call.
2025-10-06 14:23:43,125 - trading_strategies - WARNING - Analysis failed for NSE:INFY: Insufficient data
2025-10-06 14:23:43,957 - kite_client - ERROR - Failed to get historical data: Insufficient permission for that call.
2025-10-06 14:23:43,961 - trading_strategies - WARNING - Analysis failed for NSE:HINDUNILVR: Insufficient data
2025-10-06 14:23:45,007 - kite_client - ERROR - Failed to get historical data: Insufficient permission for that call.
2025-10-06 14:23:45,014 - trading_strategies - WARNING - Analysis failed for NSE:ITC: Insufficient data
2025-10-06 14:23:46,517 - kite_client - ERROR - Failed to get historical data: Insufficient permission for that call.
2025-10-06 14:23:46,522 - trading_strategies - WARNING - Analysis failed for NSE:KOTAKBANK: Insufficient data
2025-10-06 14:23:47,325 - kite_client - ERROR - Failed to get historical data: Insufficient permission for that call.
2025-10-06 14:23:47,331 - trading_strategies - WARNING - Analysis failed for NSE:LT: Insufficient data
2025-10-06 14:23:48,259 - kite_client - ERROR - Failed to get historical data: Insufficient permission for that call.
2025-10-06 14:23:48,264 - trading_strategies - WARNING - Analysis failed for NSE:SBIN: Insufficient data
2025-10-06 14:23:49,284 - kite_client - ERROR - Failed to get historical data: Insufficient permission for that call.
2025-10-06 14:23:49,289 - trading_strategies - WARNING - Analysis failed for NSE:BHARTIARTL: Insufficient data
2025-10-06 14:23:51,945 - portfolio_manager - ERROR - Error calculating portfolio value: 'list' object has no attribute 'get'
2025-10-06 14:23:51,945 - __main__ - INFO - Portfolio rebalancing suggestions:
2025-10-06 14:23:51,946 - __main__ - INFO -   - {'type': 'diversify', 'current_positions': 0, 'suggested_positions': 8, 'reason': 'Portfolio under-diversified'}
2025-10-06 14:23:51,946 - __main__ - INFO - Trading cycle completed
2025-10-06 14:28:52,512 - __main__ - INFO - Starting trading cycle...
2025-10-06 14:28:54,541 - portfolio_manager - ERROR - Error calculating portfolio value: 'list' object has no attribute 'get'
2025-10-06 14:28:56,896 - portfolio_manager - ERROR - Error calculating portfolio value: 'list' object has no attribute 'get'
2025-10-06 14:28:56,896 - __main__ - INFO - Portfolio value: ₹0.00
2025-10-06 14:28:56,897 - __main__ - INFO - Day PnL: ₹0.00
2025-10-06 14:28:58,431 - kite_client - ERROR - Failed to get historical data: Insufficient permission for that call.
2025-10-06 14:28:58,437 - trading_strategies - WARNING - Analysis failed for NSE:RELIANCE: Insufficient data
2025-10-06 14:28:59,214 - kite_client - ERROR - Failed to get historical data: Insufficient permission for that call.
2025-10-06 14:28:59,219 - trading_strategies - WARNING - Analysis failed for NSE:TCS: Insufficient data
2025-10-06 14:28:59,940 - kite_client - ERROR - Failed to get historical data: Insufficient permission for that call.
2025-10-06 14:28:59,945 - trading_strategies - WARNING - Analysis failed for NSE:HDFCBANK: Insufficient data
2025-10-06 14:29:00,548 - kite_client - ERROR - Failed to get historical data: Insufficient permission for that call.
2025-10-06 14:29:00,552 - trading_strategies - WARNING - Analysis failed for NSE:INFY: Insufficient data
2025-10-06 14:29:01,208 - kite_client - ERROR - Failed to get historical data: Insufficient permission for that call.
2025-10-06 14:29:01,213 - trading_strategies - WARNING - Analysis failed for NSE:HINDUNILVR: Insufficient data
2025-10-06 14:29:02,116 - kite_client - ERROR - Failed to get historical data: Insufficient permission for that call.
2025-10-06 14:29:02,122 - trading_strategies - WARNING - Analysis failed for NSE:ITC: Insufficient data
2025-10-06 14:29:02,925 - kite_client - ERROR - Failed to get historical data: Insufficient permission for that call.
2025-10-06 14:29:02,931 - trading_strategies - WARNING - Analysis failed for NSE:KOTAKBANK: Insufficient data
2025-10-06 14:29:04,372 - kite_client - ERROR - Failed to get historical data: Insufficient permission for that call.
2025-10-06 14:29:04,378 - trading_strategies - WARNING - Analysis failed for NSE:LT: Insufficient data
2025-10-06 14:29:05,154 - kite_client - ERROR - Failed to get historical data: Insufficient permission for that call.
2025-10-06 14:29:05,160 - trading_strategies - WARNING - Analysis failed for NSE:SBIN: Insufficient data
2025-10-06 14:29:05,917 - kite_client - ERROR - Failed to get historical data: Insufficient permission for that call.
2025-10-06 14:29:05,922 - trading_strategies - WARNING - Analysis failed for NSE:BHARTIARTL: Insufficient data
2025-10-06 14:29:08,246 - portfolio_manager - ERROR - Error calculating portfolio value: 'list' object has no attribute 'get'
2025-10-06 14:29:08,246 - __main__ - INFO - Portfolio rebalancing suggestions:
2025-10-06 14:29:08,246 - __main__ - INFO -   - {'type': 'diversify', 'current_positions': 0, 'suggested_positions': 8, 'reason': 'Portfolio under-diversified'}
2025-10-06 14:29:08,246 - __main__ - INFO - Trading cycle completed
2025-10-06 14:34:08,339 - __main__ - INFO - Starting trading cycle...
2025-10-06 14:34:11,072 - portfolio_manager - ERROR - Error calculating portfolio value: 'list' object has no attribute 'get'
2025-10-06 14:34:13,120 - portfolio_manager - ERROR - Error calculating portfolio value: 'list' object has no attribute 'get'
2025-10-06 14:34:13,120 - __main__ - INFO - Portfolio value: ₹0.00
2025-10-06 14:34:13,120 - __main__ - INFO - Day PnL: ₹0.00
2025-10-06 14:34:14,553 - kite_client - ERROR - Failed to get historical data: Insufficient permission for that call.
2025-10-06 14:34:14,558 - trading_strategies - WARNING - Analysis failed for NSE:RELIANCE: Insufficient data
2025-10-06 14:34:15,272 - kite_client - ERROR - Failed to get historical data: Insufficient permission for that call.
2025-10-06 14:34:15,277 - trading_strategies - WARNING - Analysis failed for NSE:TCS: Insufficient data
2025-10-06 14:34:16,090 - kite_client - ERROR - Failed to get historical data: Insufficient permission for that call.
2025-10-06 14:34:16,095 - trading_strategies - WARNING - Analysis failed for NSE:HDFCBANK: Insufficient data
2025-10-06 14:34:17,218 - kite_client - ERROR - Failed to get historical data: Insufficient permission for that call.
2025-10-06 14:34:17,224 - trading_strategies - WARNING - Analysis failed for NSE:INFY: Insufficient data
2025-10-06 14:34:17,858 - kite_client - ERROR - Failed to get historical data: Insufficient permission for that call.
2025-10-06 14:34:17,863 - trading_strategies - WARNING - Analysis failed for NSE:HINDUNILVR: Insufficient data
2025-10-06 14:34:18,653 - kite_client - ERROR - Failed to get historical data: Insufficient permission for that call.
2025-10-06 14:34:18,661 - trading_strategies - WARNING - Analysis failed for NSE:ITC: Insufficient data
2025-10-06 14:34:19,366 - kite_client - ERROR - Failed to get historical data: Insufficient permission for that call.
2025-10-06 14:34:19,371 - trading_strategies - WARNING - Analysis failed for NSE:KOTAKBANK: Insufficient data
2025-10-06 14:34:20,086 - kite_client - ERROR - Failed to get historical data: Insufficient permission for that call.
2025-10-06 14:34:20,092 - trading_strategies - WARNING - Analysis failed for NSE:LT: Insufficient data
2025-10-06 14:34:20,748 - kite_client - ERROR - Failed to get historical data: Insufficient permission for that call.
2025-10-06 14:34:20,753 - trading_strategies - WARNING - Analysis failed for NSE:SBIN: Insufficient data
2025-10-06 14:34:21,415 - kite_client - ERROR - Failed to get historical data: Insufficient permission for that call.
2025-10-06 14:34:21,420 - trading_strategies - WARNING - Analysis failed for NSE:BHARTIARTL: Insufficient data
2025-10-06 14:34:23,969 - portfolio_manager - ERROR - Error calculating portfolio value: 'list' object has no attribute 'get'
2025-10-06 14:34:23,969 - __main__ - INFO - Portfolio rebalancing suggestions:
2025-10-06 14:34:23,969 - __main__ - INFO -   - {'type': 'diversify', 'current_positions': 0, 'suggested_positions': 8, 'reason': 'Portfolio under-diversified'}
2025-10-06 14:34:23,969 - __main__ - INFO - Trading cycle completed
2025-10-06 14:55:06,373 - __main__ - INFO - Starting trading cycle...
2025-10-06 14:55:06,684 - kite_client - ERROR - Failed to get positions: ('Connection aborted.', ConnectionResetError(54, 'Connection reset by peer'))
2025-10-06 14:55:10,469 - portfolio_manager - ERROR - Error calculating portfolio value: 'list' object has no attribute 'get'
2025-10-06 14:55:10,469 - __main__ - INFO - Portfolio value: ₹0.00
2025-10-06 14:55:10,469 - __main__ - INFO - Day PnL: ₹0.00
2025-10-06 14:55:11,185 - kite_client - ERROR - Failed to get historical data: Insufficient permission for that call.
2025-10-06 14:55:11,186 - trading_strategies - WARNING - Analysis failed for NSE:RELIANCE: Insufficient data
2025-10-06 14:55:11,865 - kite_client - ERROR - Failed to get historical data: Insufficient permission for that call.
2025-10-06 14:55:11,866 - trading_strategies - WARNING - Analysis failed for NSE:TCS: Insufficient data
2025-10-06 14:55:12,549 - kite_client - ERROR - Failed to get historical data: Insufficient permission for that call.
2025-10-06 14:55:12,550 - trading_strategies - WARNING - Analysis failed for NSE:HDFCBANK: Insufficient data
2025-10-06 14:55:13,193 - kite_client - ERROR - Failed to get historical data: Insufficient permission for that call.
2025-10-06 14:55:13,194 - trading_strategies - WARNING - Analysis failed for NSE:INFY: Insufficient data
2025-10-06 14:55:14,080 - kite_client - ERROR - Failed to get historical data: Insufficient permission for that call.
2025-10-06 14:55:14,081 - trading_strategies - WARNING - Analysis failed for NSE:HINDUNILVR: Insufficient data
2025-10-06 14:55:14,787 - kite_client - ERROR - Failed to get historical data: Insufficient permission for that call.
2025-10-06 14:55:14,788 - trading_strategies - WARNING - Analysis failed for NSE:ITC: Insufficient data
2025-10-06 14:55:16,182 - kite_client - ERROR - Failed to get historical data: Insufficient permission for that call.
2025-10-06 14:55:16,186 - trading_strategies - WARNING - Analysis failed for NSE:KOTAKBANK: Insufficient data
2025-10-06 14:55:16,873 - kite_client - ERROR - Failed to get historical data: Insufficient permission for that call.
2025-10-06 14:55:16,877 - trading_strategies - WARNING - Analysis failed for NSE:LT: Insufficient data
2025-10-06 14:55:17,857 - kite_client - ERROR - Failed to get historical data: Insufficient permission for that call.
2025-10-06 14:55:17,862 - trading_strategies - WARNING - Analysis failed for NSE:SBIN: Insufficient data
2025-10-06 14:55:18,791 - kite_client - ERROR - Failed to get historical data: Insufficient permission for that call.
2025-10-06 14:55:18,796 - trading_strategies - WARNING - Analysis failed for NSE:BHARTIARTL: Insufficient data
2025-10-06 14:55:21,331 - portfolio_manager - ERROR - Error calculating portfolio value: 'list' object has no attribute 'get'
2025-10-06 14:55:21,331 - __main__ - INFO - Portfolio rebalancing suggestions:
2025-10-06 14:55:21,332 - __main__ - INFO -   - {'type': 'diversify', 'current_positions': 0, 'suggested_positions': 8, 'reason': 'Portfolio under-diversified'}
2025-10-06 14:55:21,332 - __main__ - INFO - Trading cycle completed
2025-10-06 15:10:38,366 - __main__ - INFO - Starting trading cycle...
2025-10-06 15:10:38,763 - kite_client - ERROR - Failed to get positions: ('Connection aborted.', ConnectionResetError(54, 'Connection reset by peer'))
2025-10-06 15:10:41,440 - portfolio_manager - ERROR - Error calculating portfolio value: 'list' object has no attribute 'get'
2025-10-06 15:10:41,441 - __main__ - INFO - Portfolio value: ₹0.00
2025-10-06 15:10:41,441 - __main__ - INFO - Day PnL: ₹0.00
2025-10-06 15:10:42,162 - kite_client - ERROR - Failed to get historical data: Insufficient permission for that call.
2025-10-06 15:10:42,167 - trading_strategies - WARNING - Analysis failed for NSE:RELIANCE: Insufficient data
2025-10-06 15:10:42,821 - kite_client - ERROR - Failed to get historical data: Insufficient permission for that call.
2025-10-06 15:10:42,826 - trading_strategies - WARNING - Analysis failed for NSE:TCS: Insufficient data
2025-10-06 15:10:43,464 - kite_client - ERROR - Failed to get historical data: Insufficient permission for that call.
2025-10-06 15:10:43,470 - trading_strategies - WARNING - Analysis failed for NSE:HDFCBANK: Insufficient data
2025-10-06 15:10:44,168 - kite_client - ERROR - Failed to get historical data: Insufficient permission for that call.
2025-10-06 15:10:44,174 - trading_strategies - WARNING - Analysis failed for NSE:INFY: Insufficient data
2025-10-06 15:10:44,895 - kite_client - ERROR - Failed to get historical data: Insufficient permission for that call.
2025-10-06 15:10:44,900 - trading_strategies - WARNING - Analysis failed for NSE:HINDUNILVR: Insufficient data
2025-10-06 15:10:45,616 - kite_client - ERROR - Failed to get historical data: Insufficient permission for that call.
2025-10-06 15:10:45,622 - trading_strategies - WARNING - Analysis failed for NSE:ITC: Insufficient data
2025-10-06 15:10:46,331 - kite_client - ERROR - Failed to get historical data: Insufficient permission for that call.
2025-10-06 15:10:46,334 - trading_strategies - WARNING - Analysis failed for NSE:KOTAKBANK: Insufficient data
2025-10-06 15:10:47,154 - kite_client - ERROR - Failed to get historical data: Insufficient permission for that call.
2025-10-06 15:10:47,159 - trading_strategies - WARNING - Analysis failed for NSE:LT: Insufficient data
2025-10-06 15:10:47,816 - kite_client - ERROR - Failed to get historical data: Insufficient permission for that call.
2025-10-06 15:10:47,823 - trading_strategies - WARNING - Analysis failed for NSE:SBIN: Insufficient data
2025-10-06 15:10:48,522 - kite_client - ERROR - Failed to get historical data: Insufficient permission for that call.
2025-10-06 15:10:48,527 - trading_strategies - WARNING - Analysis failed for NSE:BHARTIARTL: Insufficient data
2025-10-06 15:10:50,793 - portfolio_manager - ERROR - Error calculating portfolio value: 'list' object has no attribute 'get'
2025-10-06 15:10:50,793 - __main__ - INFO - Portfolio rebalancing suggestions:
2025-10-06 15:10:50,794 - __main__ - INFO -   - {'type': 'diversify', 'current_positions': 0, 'suggested_positions': 8, 'reason': 'Portfolio under-diversified'}
2025-10-06 15:10:50,794 - __main__ - INFO - Trading cycle completed
2025-10-06 15:15:51,768 - __main__ - INFO - Starting trading cycle...
2025-10-06 15:15:53,751 - portfolio_manager - ERROR - Error calculating portfolio value: 'list' object has no attribute 'get'
2025-10-06 15:15:55,724 - portfolio_manager - ERROR - Error calculating portfolio value: 'list' object has no attribute 'get'
2025-10-06 15:15:55,724 - __main__ - INFO - Portfolio value: ₹0.00
2025-10-06 15:15:55,724 - __main__ - INFO - Day PnL: ₹0.00
2025-10-06 15:15:56,390 - kite_client - ERROR - Failed to get historical data: Insufficient permission for that call.
2025-10-06 15:15:56,395 - trading_strategies - WARNING - Analysis failed for NSE:RELIANCE: Insufficient data
2025-10-06 15:15:57,014 - kite_client - ERROR - Failed to get historical data: Insufficient permission for that call.
2025-10-06 15:15:57,018 - trading_strategies - WARNING - Analysis failed for NSE:TCS: Insufficient data
2025-10-06 15:15:57,679 - kite_client - ERROR - Failed to get historical data: Insufficient permission for that call.
2025-10-06 15:15:57,683 - trading_strategies - WARNING - Analysis failed for NSE:HDFCBANK: Insufficient data
2025-10-06 15:15:58,381 - kite_client - ERROR - Failed to get historical data: Insufficient permission for that call.
2025-10-06 15:15:58,386 - trading_strategies - WARNING - Analysis failed for NSE:INFY: Insufficient data
2025-10-06 15:15:59,181 - kite_client - ERROR - Failed to get historical data: Insufficient permission for that call.
2025-10-06 15:15:59,186 - trading_strategies - WARNING - Analysis failed for NSE:HINDUNILVR: Insufficient data
2025-10-06 15:15:59,873 - kite_client - ERROR - Failed to get historical data: Insufficient permission for that call.
2025-10-06 15:15:59,877 - trading_strategies - WARNING - Analysis failed for NSE:ITC: Insufficient data
2025-10-06 15:16:00,504 - kite_client - ERROR - Failed to get historical data: Insufficient permission for that call.
2025-10-06 15:16:00,509 - trading_strategies - WARNING - Analysis failed for NSE:KOTAKBANK: Insufficient data
2025-10-06 15:16:01,149 - kite_client - ERROR - Failed to get historical data: Insufficient permission for that call.
2025-10-06 15:16:01,154 - trading_strategies - WARNING - Analysis failed for NSE:LT: Insufficient data
2025-10-06 15:16:01,830 - kite_client - ERROR - Failed to get historical data: Insufficient permission for that call.
2025-10-06 15:16:01,836 - trading_strategies - WARNING - Analysis failed for NSE:SBIN: Insufficient data
2025-10-06 15:16:02,469 - kite_client - ERROR - Failed to get historical data: Insufficient permission for that call.
2025-10-06 15:16:02,473 - trading_strategies - WARNING - Analysis failed for NSE:BHARTIARTL: Insufficient data
2025-10-06 15:16:04,702 - portfolio_manager - ERROR - Error calculating portfolio value: 'list' object has no attribute 'get'
2025-10-06 15:16:04,703 - __main__ - INFO - Portfolio rebalancing suggestions:
2025-10-06 15:16:04,703 - __main__ - INFO -   - {'type': 'diversify', 'current_positions': 0, 'suggested_positions': 8, 'reason': 'Portfolio under-diversified'}
2025-10-06 15:16:04,703 - __main__ - INFO - Trading cycle completed
2025-10-06 15:21:04,801 - __main__ - INFO - Starting trading cycle...
2025-10-06 15:21:06,787 - portfolio_manager - ERROR - Error calculating portfolio value: 'list' object has no attribute 'get'
2025-10-06 15:21:08,790 - portfolio_manager - ERROR - Error calculating portfolio value: 'list' object has no attribute 'get'
2025-10-06 15:21:08,791 - __main__ - INFO - Portfolio value: ₹0.00
2025-10-06 15:21:08,791 - __main__ - INFO - Day PnL: ₹0.00
2025-10-06 15:21:09,546 - kite_client - ERROR - Failed to get historical data: Insufficient permission for that call.
2025-10-06 15:21:09,550 - trading_strategies - WARNING - Analysis failed for NSE:RELIANCE: Insufficient data
2025-10-06 15:21:10,213 - kite_client - ERROR - Failed to get historical data: Insufficient permission for that call.
2025-10-06 15:21:10,218 - trading_strategies - WARNING - Analysis failed for NSE:TCS: Insufficient data
2025-10-06 15:21:10,884 - kite_client - ERROR - Failed to get historical data: Insufficient permission for that call.
2025-10-06 15:21:10,890 - trading_strategies - WARNING - Analysis failed for NSE:HDFCBANK: Insufficient data
2025-10-06 15:21:11,548 - kite_client - ERROR - Failed to get historical data: Insufficient permission for that call.
2025-10-06 15:21:11,554 - trading_strategies - WARNING - Analysis failed for NSE:INFY: Insufficient data
2025-10-06 15:21:12,226 - kite_client - ERROR - Failed to get historical data: Insufficient permission for that call.
2025-10-06 15:21:12,231 - trading_strategies - WARNING - Analysis failed for NSE:HINDUNILVR: Insufficient data
2025-10-06 15:21:12,868 - kite_client - ERROR - Failed to get historical data: Insufficient permission for that call.
2025-10-06 15:21:12,874 - trading_strategies - WARNING - Analysis failed for NSE:ITC: Insufficient data
2025-10-06 15:21:13,601 - kite_client - ERROR - Failed to get historical data: Insufficient permission for that call.
2025-10-06 15:21:13,607 - trading_strategies - WARNING - Analysis failed for NSE:KOTAKBANK: Insufficient data
2025-10-06 15:21:14,245 - kite_client - ERROR - Failed to get historical data: Insufficient permission for that call.
2025-10-06 15:21:14,250 - trading_strategies - WARNING - Analysis failed for NSE:LT: Insufficient data
2025-10-06 15:21:14,965 - kite_client - ERROR - Failed to get historical data: Insufficient permission for that call.
2025-10-06 15:21:14,970 - trading_strategies - WARNING - Analysis failed for NSE:SBIN: Insufficient data
2025-10-06 15:21:15,610 - kite_client - ERROR - Failed to get historical data: Insufficient permission for that call.
2025-10-06 15:21:15,612 - trading_strategies - WARNING - Analysis failed for NSE:BHARTIARTL: Insufficient data
2025-10-06 15:21:17,692 - portfolio_manager - ERROR - Error calculating portfolio value: 'list' object has no attribute 'get'
2025-10-06 15:21:17,692 - __main__ - INFO - Portfolio rebalancing suggestions:
2025-10-06 15:21:17,692 - __main__ - INFO -   - {'type': 'diversify', 'current_positions': 0, 'suggested_positions': 8, 'reason': 'Portfolio under-diversified'}
2025-10-06 15:21:17,692 - __main__ - INFO - Trading cycle completed
2025-10-06 15:26:22,451 - __main__ - INFO - Starting trading cycle...
2025-10-06 15:26:25,786 - portfolio_manager - ERROR - Error calculating portfolio value: 'list' object has no attribute 'get'
2025-10-06 15:26:27,702 - portfolio_manager - ERROR - Error calculating portfolio value: 'list' object has no attribute 'get'
2025-10-06 15:26:27,702 - __main__ - INFO - Portfolio value: ₹0.00
2025-10-06 15:26:27,702 - __main__ - INFO - Day PnL: ₹0.00
2025-10-06 15:26:28,450 - kite_client - ERROR - Failed to get historical data: Insufficient permission for that call.
2025-10-06 15:26:28,454 - trading_strategies - WARNING - Analysis failed for NSE:RELIANCE: Insufficient data
2025-10-06 15:26:29,230 - kite_client - ERROR - Failed to get historical data: Insufficient permission for that call.
2025-10-06 15:26:29,234 - trading_strategies - WARNING - Analysis failed for NSE:TCS: Insufficient data
2025-10-06 15:26:29,861 - kite_client - ERROR - Failed to get historical data: Insufficient permission for that call.
2025-10-06 15:26:29,865 - trading_strategies - WARNING - Analysis failed for NSE:HDFCBANK: Insufficient data
2025-10-06 15:26:30,628 - kite_client - ERROR - Failed to get historical data: Insufficient permission for that call.
2025-10-06 15:26:30,632 - trading_strategies - WARNING - Analysis failed for NSE:INFY: Insufficient data
2025-10-06 15:26:31,374 - kite_client - ERROR - Failed to get historical data: Insufficient permission for that call.
2025-10-06 15:26:31,379 - trading_strategies - WARNING - Analysis failed for NSE:HINDUNILVR: Insufficient data
2025-10-06 15:26:32,111 - kite_client - ERROR - Failed to get historical data: Insufficient permission for that call.
2025-10-06 15:26:32,116 - trading_strategies - WARNING - Analysis failed for NSE:ITC: Insufficient data
2025-10-06 15:26:32,907 - kite_client - ERROR - Failed to get historical data: Insufficient permission for that call.
2025-10-06 15:26:32,911 - trading_strategies - WARNING - Analysis failed for NSE:KOTAKBANK: Insufficient data
2025-10-06 15:26:33,624 - kite_client - ERROR - Failed to get historical data: Insufficient permission for that call.
2025-10-06 15:26:33,628 - trading_strategies - WARNING - Analysis failed for NSE:LT: Insufficient data
2025-10-06 15:26:34,341 - kite_client - ERROR - Failed to get historical data: Insufficient permission for that call.
2025-10-06 15:26:34,346 - trading_strategies - WARNING - Analysis failed for NSE:SBIN: Insufficient data
2025-10-06 15:26:35,030 - kite_client - ERROR - Failed to get historical data: Insufficient permission for that call.
2025-10-06 15:26:35,035 - trading_strategies - WARNING - Analysis failed for NSE:BHARTIARTL: Insufficient data
2025-10-06 15:26:37,446 - portfolio_manager - ERROR - Error calculating portfolio value: 'list' object has no attribute 'get'
2025-10-06 15:26:37,446 - __main__ - INFO - Portfolio rebalancing suggestions:
2025-10-06 15:26:37,446 - __main__ - INFO -   - {'type': 'diversify', 'current_positions': 0, 'suggested_positions': 8, 'reason': 'Portfolio under-diversified'}
2025-10-06 15:26:37,446 - __main__ - INFO - Trading cycle completed
2025-10-06 15:31:37,690 - __main__ - INFO - Starting trading cycle...
2025-10-06 15:31:37,694 - __main__ - INFO - Market is closed
2025-10-06 15:36:37,897 - __main__ - INFO - Starting trading cycle...
2025-10-06 15:36:37,899 - __main__ - INFO - Market is closed
2025-10-06 15:41:38,067 - __main__ - INFO - Starting trading cycle...
2025-10-06 15:41:38,070 - __main__ - INFO - Market is closed
2025-10-06 15:46:38,259 - __main__ - INFO - Starting trading cycle...
2025-10-06 15:46:38,262 - __main__ - INFO - Market is closed
2025-10-06 16:06:22,141 - __main__ - INFO - Starting trading cycle...
2025-10-06 16:06:22,149 - __main__ - INFO - Market is closed
2025-10-06 16:24:33,411 - __main__ - INFO - Starting trading cycle...
2025-10-06 16:24:33,412 - __main__ - INFO - Market is closed
2025-10-06 16:40:26,550 - __main__ - INFO - Starting trading cycle...
2025-10-06 16:40:26,552 - __main__ - INFO - Market is closed
2025-10-06 16:55:29,622 - __main__ - INFO - Starting trading cycle...
2025-10-06 16:55:29,623 - __main__ - INFO - Market is closed
2025-10-06 17:10:36,541 - __main__ - INFO - Starting trading cycle...
2025-10-06 17:10:36,637 - __main__ - INFO - Market is closed
2025-10-06 17:26:32,208 - __main__ - INFO - Starting trading cycle...
2025-10-06 17:26:32,209 - __main__ - INFO - Market is closed
2025-10-06 17:36:25,457 - __main__ - INFO - Starting trading cycle...
2025-10-06 17:36:25,459 - __main__ - INFO - Market is closed
2025-10-06 17:41:25,631 - __main__ - INFO - Starting trading cycle...
2025-10-06 17:41:25,634 - __main__ - INFO - Market is closed
2025-10-06 17:46:25,827 - __main__ - INFO - Starting trading cycle...
2025-10-06 17:46:25,829 - __main__ - INFO - Market is closed
2025-10-06 17:51:26,018 - __main__ - INFO - Starting trading cycle...
2025-10-06 17:51:26,025 - __main__ - INFO - Market is closed
2025-10-06 17:56:26,227 - __main__ - INFO - Starting trading cycle...
2025-10-06 17:56:26,232 - __main__ - INFO - Market is closed
2025-10-06 18:01:27,099 - __main__ - INFO - Starting trading cycle...
2025-10-06 18:01:27,102 - __main__ - INFO - Market is closed
2025-10-06 18:18:41,877 - __main__ - INFO - Starting trading cycle...
2025-10-06 18:18:41,879 - __main__ - INFO - Market is closed
2025-10-06 18:36:56,923 - __main__ - INFO - Starting trading cycle...
2025-10-06 18:36:56,924 - __main__ - INFO - Market is closed
2025-10-06 18:41:57,094 - __main__ - INFO - Starting trading cycle...
2025-10-06 18:41:57,098 - __main__ - INFO - Market is closed
2025-10-06 18:46:57,286 - __main__ - INFO - Starting trading cycle...
2025-10-06 18:46:57,289 - __main__ - INFO - Market is closed
2025-10-06 18:51:57,451 - __main__ - INFO - Starting trading cycle...
2025-10-06 18:51:57,455 - __main__ - INFO - Market is closed
2025-10-06 18:56:57,929 - __main__ - INFO - Starting trading cycle...
2025-10-06 18:56:57,933 - __main__ - INFO - Market is closed
2025-10-06 19:15:40,912 - __main__ - INFO - Starting trading cycle...
2025-10-06 19:15:40,914 - __main__ - INFO - Market is closed
2025-10-06 19:33:27,965 - __main__ - INFO - Starting trading cycle...
2025-10-06 19:33:27,966 - __main__ - INFO - Market is closed
2025-10-06 19:50:31,640 - __main__ - INFO - Starting trading cycle...
2025-10-06 19:50:31,642 - __main__ - INFO - Market is closed
2025-10-06 20:06:53,665 - __main__ - INFO - Starting trading cycle...
2025-10-06 20:06:53,665 - __main__ - INFO - Market is closed
2025-10-06 20:28:01,719 - __main__ - INFO - Starting trading cycle...
2025-10-06 20:28:01,720 - __main__ - INFO - Market is closed
2025-10-06 20:43:32,814 - __main__ - INFO - Starting trading cycle...
2025-10-06 20:43:32,816 - __main__ - INFO - Market is closed
2025-10-06 21:00:06,938 - __main__ - INFO - Starting trading cycle...
2025-10-06 21:00:06,939 - __main__ - INFO - Market is closed
2025-10-06 21:15:59,956 - __main__ - INFO - Starting trading cycle...
2025-10-06 21:15:59,958 - __main__ - INFO - Market is closed
2025-10-06 21:31:31,005 - __main__ - INFO - Starting trading cycle...
2025-10-06 21:31:31,098 - __main__ - INFO - Market is closed
2025-10-06 21:50:02,988 - __main__ - INFO - Starting trading cycle...
2025-10-06 21:50:03,084 - __main__ - INFO - Market is closed
2025-10-06 22:01:07,191 - __main__ - INFO - Starting trading cycle...
2025-10-06 22:01:07,192 - __main__ - INFO - Market is closed
2025-10-06 22:17:10,698 - __main__ - INFO - Starting trading cycle...
2025-10-06 22:17:10,699 - __main__ - INFO - Market is closed
2025-10-06 22:35:17,850 - __main__ - INFO - Starting trading cycle...
2025-10-06 22:35:17,852 - __main__ - INFO - Market is closed
2025-10-06 22:51:20,028 - __main__ - INFO - Starting trading cycle...
2025-10-06 22:51:20,126 - __main__ - INFO - Market is closed
2025-10-06 23:02:08,409 - __main__ - INFO - Starting trading cycle...
2025-10-06 23:02:08,410 - __main__ - INFO - Market is closed
2025-10-06 23:18:10,916 - __main__ - INFO - Starting trading cycle...
2025-10-06 23:18:10,917 - __main__ - INFO - Market is closed
2025-10-06 23:33:42,055 - __main__ - INFO - Starting trading cycle...
2025-10-06 23:33:42,139 - __main__ - INFO - Market is closed
2025-10-06 23:51:29,211 - __main__ - INFO - Starting trading cycle...
2025-10-06 23:51:29,212 - __main__ - INFO - Market is closed
2025-10-07 00:03:08,908 - __main__ - INFO - Starting trading cycle...
2025-10-07 00:03:08,910 - __main__ - INFO - Market is closed
2025-10-07 00:18:49,425 - __main__ - INFO - Starting trading cycle...
2025-10-07 00:18:49,426 - __main__ - INFO - Market is closed
2025-10-07 00:34:42,365 - __main__ - INFO - Starting trading cycle...
2025-10-07 00:34:42,366 - __main__ - INFO - Market is closed
2025-10-07 00:51:55,462 - __main__ - INFO - Starting trading cycle...
2025-10-07 00:51:55,463 - __main__ - INFO - Market is closed
2025-10-07 01:08:20,525 - __main__ - INFO - Starting trading cycle...
2025-10-07 01:08:20,527 - __main__ - INFO - Market is closed
2025-10-07 01:24:48,577 - __main__ - INFO - Starting trading cycle...
2025-10-07 01:24:48,579 - __main__ - INFO - Market is closed
2025-10-07 01:42:19,601 - __main__ - INFO - Starting trading cycle...
2025-10-07 01:42:19,604 - __main__ - INFO - Market is closed
2025-10-07 01:57:55,682 - __main__ - INFO - Starting trading cycle...
2025-10-07 01:57:55,682 - __main__ - INFO - Market is closed
2025-10-07 02:15:06,869 - __main__ - INFO - Starting trading cycle...
2025-10-07 02:15:06,870 - __main__ - INFO - Market is closed
2025-10-07 02:33:18,992 - __main__ - INFO - Starting trading cycle...
2025-10-07 02:33:19,082 - __main__ - INFO - Market is closed
2025-10-07 02:48:53,156 - __main__ - INFO - Starting trading cycle...
2025-10-07 02:48:53,156 - __main__ - INFO - Market is closed
2025-10-07 03:05:29,292 - __main__ - INFO - Starting trading cycle...
2025-10-07 03:05:29,293 - __main__ - INFO - Market is closed
2025-10-07 03:22:13,340 - __main__ - INFO - Starting trading cycle...
2025-10-07 03:22:13,341 - __main__ - INFO - Market is closed
2025-10-07 03:40:32,446 - __main__ - INFO - Starting trading cycle...
2025-10-07 03:40:32,447 - __main__ - INFO - Market is closed
2025-10-07 03:52:55,417 - __main__ - INFO - Starting trading cycle...
2025-10-07 03:52:55,418 - __main__ - INFO - Market is closed
2025-10-07 04:10:07,827 - __main__ - INFO - Starting trading cycle...
2025-10-07 04:10:07,828 - __main__ - INFO - Market is closed
2025-10-07 04:23:26,826 - __main__ - INFO - Starting trading cycle...
2025-10-07 04:23:26,827 - __main__ - INFO - Market is closed
2025-10-07 04:39:14,544 - __main__ - INFO - Starting trading cycle...
2025-10-07 04:39:14,546 - __main__ - INFO - Market is closed
2025-10-07 04:55:02,653 - __main__ - INFO - Starting trading cycle...
2025-10-07 04:55:02,654 - __main__ - INFO - Market is closed
2025-10-07 05:12:13,730 - __main__ - INFO - Starting trading cycle...
2025-10-07 05:12:13,730 - __main__ - INFO - Market is closed
2025-10-07 05:30:43,841 - __main__ - INFO - Starting trading cycle...
2025-10-07 05:30:43,843 - __main__ - INFO - Market is closed
2025-10-07 05:46:23,010 - __main__ - INFO - Starting trading cycle...
2025-10-07 05:46:23,106 - __main__ - INFO - Market is closed
2025-10-07 05:53:56,133 - __main__ - INFO - Starting trading cycle...
2025-10-07 05:53:56,134 - __main__ - INFO - Market is closed
2025-10-07 06:09:47,634 - __main__ - INFO - Starting trading cycle...
2025-10-07 06:09:47,635 - __main__ - INFO - Market is closed
2025-10-07 06:26:39,679 - __main__ - INFO - Starting trading cycle...
2025-10-07 06:26:39,680 - __main__ - INFO - Market is closed
2025-10-07 06:43:26,782 - __main__ - INFO - Starting trading cycle...
2025-10-07 06:43:26,784 - __main__ - INFO - Market is closed
2025-10-07 06:54:57,818 - __main__ - INFO - Starting trading cycle...
2025-10-07 06:54:57,819 - __main__ - INFO - Market is closed
2025-10-07 07:11:28,366 - __main__ - INFO - Starting trading cycle...
2025-10-07 07:11:28,366 - __main__ - INFO - Market is closed
2025-10-07 07:27:50,420 - __main__ - INFO - Starting trading cycle...
2025-10-07 07:27:50,422 - __main__ - INFO - Market is closed
2025-10-07 07:45:29,585 - __main__ - INFO - Starting trading cycle...
2025-10-07 07:45:29,586 - __main__ - INFO - Market is closed
2025-10-07 07:55:58,675 - __main__ - INFO - Starting trading cycle...
2025-10-07 07:55:58,680 - __main__ - INFO - Market is closed
2025-10-07 08:13:02,188 - __main__ - INFO - Starting trading cycle...
2025-10-07 08:13:02,188 - __main__ - INFO - Market is closed
2025-10-07 08:31:13,301 - __main__ - INFO - Starting trading cycle...
2025-10-07 08:31:13,304 - __main__ - INFO - Market is closed
2025-10-07 08:48:53,401 - __main__ - INFO - Starting trading cycle...
2025-10-07 08:48:53,402 - __main__ - INFO - Market is closed
2025-10-07 08:56:59,528 - __main__ - INFO - Starting trading cycle...
2025-10-07 08:56:59,530 - __main__ - INFO - Market is closed
2025-10-07 09:14:23,011 - __main__ - INFO - Performing daily reset...
2025-10-07 09:14:23,070 - portfolio_manager - INFO - Daily statistics reset
2025-10-07 09:14:23,070 - __main__ - INFO - Daily reset completed
2025-10-07 09:14:23,071 - __main__ - INFO - Starting trading cycle...
2025-10-07 09:14:23,071 - __main__ - INFO - Market is closed
2025-10-07 09:30:47,093 - __main__ - INFO - Starting trading cycle...
2025-10-07 09:30:48,113 - kite_client - ERROR - Failed to get positions: Incorrect `api_key` or `access_token`.
2025-10-07 09:30:48,673 - kite_client - ERROR - Failed to get holdings: Incorrect `api_key` or `access_token`.
2025-10-07 09:30:48,987 - kite_client - ERROR - Failed to get margins: Incorrect `api_key` or `access_token`.
2025-10-07 09:30:49,281 - kite_client - ERROR - Failed to get positions: Incorrect `api_key` or `access_token`.
2025-10-07 09:30:49,674 - kite_client - ERROR - Failed to get holdings: Incorrect `api_key` or `access_token`.
2025-10-07 09:30:49,972 - kite_client - ERROR - Failed to get margins: Incorrect `api_key` or `access_token`.
2025-10-07 09:30:49,972 - __main__ - INFO - Portfolio value: ₹0.00
2025-10-07 09:30:49,972 - __main__ - INFO - Day PnL: ₹0.00
2025-10-07 09:30:50,812 - kite_client - ERROR - Failed to get historical data: Incorrect `api_key` or `access_token`.
2025-10-07 09:30:50,818 - trading_strategies - WARNING - Analysis failed for NSE:RELIANCE: Insufficient data
2025-10-07 09:30:51,648 - kite_client - ERROR - Failed to get historical data: Incorrect `api_key` or `access_token`.
2025-10-07 09:30:51,655 - trading_strategies - WARNING - Analysis failed for NSE:TCS: Insufficient data
2025-10-07 09:30:52,447 - kite_client - ERROR - Failed to get historical data: Incorrect `api_key` or `access_token`.
2025-10-07 09:30:52,453 - trading_strategies - WARNING - Analysis failed for NSE:HDFCBANK: Insufficient data
2025-10-07 09:30:53,210 - kite_client - ERROR - Failed to get historical data: Incorrect `api_key` or `access_token`.
2025-10-07 09:30:53,219 - trading_strategies - WARNING - Analysis failed for NSE:INFY: Insufficient data
2025-10-07 09:30:53,901 - kite_client - ERROR - Failed to get historical data: Incorrect `api_key` or `access_token`.
2025-10-07 09:30:53,906 - trading_strategies - WARNING - Analysis failed for NSE:HINDUNILVR: Insufficient data
2025-10-07 09:30:54,727 - kite_client - ERROR - Failed to get historical data: Incorrect `api_key` or `access_token`.
2025-10-07 09:30:54,733 - trading_strategies - WARNING - Analysis failed for NSE:ITC: Insufficient data
2025-10-07 09:30:55,483 - kite_client - ERROR - Failed to get historical data: Incorrect `api_key` or `access_token`.
2025-10-07 09:30:55,488 - trading_strategies - WARNING - Analysis failed for NSE:KOTAKBANK: Insufficient data
2025-10-07 09:30:56,192 - kite_client - ERROR - Failed to get historical data: Incorrect `api_key` or `access_token`.
2025-10-07 09:30:56,198 - trading_strategies - WARNING - Analysis failed for NSE:LT: Insufficient data
2025-10-07 09:30:57,191 - kite_client - ERROR - Failed to get historical data: Incorrect `api_key` or `access_token`.
2025-10-07 09:30:57,197 - trading_strategies - WARNING - Analysis failed for NSE:SBIN: Insufficient data
2025-10-07 09:30:59,093 - kite_client - ERROR - Failed to get historical data: Incorrect `api_key` or `access_token`.
2025-10-07 09:30:59,101 - trading_strategies - WARNING - Analysis failed for NSE:BHARTIARTL: Insufficient data
2025-10-07 09:30:59,410 - kite_client - ERROR - Failed to get positions: Incorrect `api_key` or `access_token`.
2025-10-07 09:31:00,058 - kite_client - ERROR - Failed to get positions: Incorrect `api_key` or `access_token`.
2025-10-07 09:31:00,354 - kite_client - ERROR - Failed to get holdings: Incorrect `api_key` or `access_token`.
2025-10-07 09:31:00,666 - kite_client - ERROR - Failed to get margins: Incorrect `api_key` or `access_token`.
2025-10-07 09:31:00,666 - __main__ - INFO - Portfolio rebalancing suggestions:
2025-10-07 09:31:00,666 - __main__ - INFO -   - {'type': 'diversify', 'current_positions': 0, 'suggested_positions': 8, 'reason': 'Portfolio under-diversified'}
2025-10-07 09:31:00,666 - __main__ - INFO - Trading cycle completed
2025-10-07 09:40:20,912 - __main__ - INFO - Starting trading cycle...
2025-10-07 09:40:27,921 - kite_client - ERROR - Failed to get positions: HTTPSConnectionPool(host='api.kite.trade', port=443): Read timed out. (read timeout=7)
2025-10-07 09:40:28,639 - kite_client - ERROR - Failed to get holdings: Incorrect `api_key` or `access_token`.
2025-10-07 09:40:28,985 - kite_client - ERROR - Failed to get margins: Incorrect `api_key` or `access_token`.
2025-10-07 09:40:29,288 - kite_client - ERROR - Failed to get positions: Incorrect `api_key` or `access_token`.
2025-10-07 09:40:29,581 - kite_client - ERROR - Failed to get holdings: Incorrect `api_key` or `access_token`.
2025-10-07 09:40:29,864 - kite_client - ERROR - Failed to get margins: Incorrect `api_key` or `access_token`.
2025-10-07 09:40:29,864 - __main__ - INFO - Portfolio value: ₹0.00
2025-10-07 09:40:29,864 - __main__ - INFO - Day PnL: ₹0.00
2025-10-07 09:40:30,771 - kite_client - ERROR - Failed to get historical data: Incorrect `api_key` or `access_token`.
2025-10-07 09:40:30,776 - trading_strategies - WARNING - Analysis failed for NSE:RELIANCE: Insufficient data
2025-10-07 09:40:32,023 - kite_client - ERROR - Failed to get historical data: Incorrect `api_key` or `access_token`.
2025-10-07 09:40:32,029 - trading_strategies - WARNING - Analysis failed for NSE:TCS: Insufficient data
2025-10-07 09:40:32,677 - kite_client - ERROR - Failed to get historical data: Incorrect `api_key` or `access_token`.
2025-10-07 09:40:32,683 - trading_strategies - WARNING - Analysis failed for NSE:HDFCBANK: Insufficient data
2025-10-07 09:40:33,355 - kite_client - ERROR - Failed to get historical data: Incorrect `api_key` or `access_token`.
2025-10-07 09:40:33,361 - trading_strategies - WARNING - Analysis failed for NSE:INFY: Insufficient data
2025-10-07 09:40:34,416 - kite_client - ERROR - Failed to get historical data: Incorrect `api_key` or `access_token`.
2025-10-07 09:40:34,423 - trading_strategies - WARNING - Analysis failed for NSE:HINDUNILVR: Insufficient data
2025-10-07 09:53:36,291 - kite_client - ERROR - Failed to get instruments: HTTPSConnectionPool(host='api.kite.trade', port=443): Read timed out. (read timeout=7)
2025-10-07 09:53:36,292 - trading_strategies - WARNING - Analysis failed for NSE:ITC: Insufficient data
2025-10-07 09:53:37,321 - kite_client - ERROR - Failed to get historical data: Incorrect `api_key` or `access_token`.
2025-10-07 09:53:37,328 - trading_strategies - WARNING - Analysis failed for NSE:KOTAKBANK: Insufficient data
2025-10-07 09:53:38,431 - kite_client - ERROR - Failed to get historical data: Incorrect `api_key` or `access_token`.
2025-10-07 09:53:38,437 - trading_strategies - WARNING - Analysis failed for NSE:LT: Insufficient data
2025-10-07 09:53:40,669 - kite_client - ERROR - Failed to get historical data: Incorrect `api_key` or `access_token`.
2025-10-07 09:53:40,674 - trading_strategies - WARNING - Analysis failed for NSE:SBIN: Insufficient data
2025-10-07 09:53:41,465 - kite_client - ERROR - Failed to get historical data: Incorrect `api_key` or `access_token`.
2025-10-07 09:53:41,472 - trading_strategies - WARNING - Analysis failed for NSE:BHARTIARTL: Insufficient data
2025-10-07 09:53:41,763 - kite_client - ERROR - Failed to get positions: Incorrect `api_key` or `access_token`.
2025-10-07 09:53:42,034 - kite_client - ERROR - Failed to get positions: Incorrect `api_key` or `access_token`.
2025-10-07 09:53:42,299 - kite_client - ERROR - Failed to get holdings: Incorrect `api_key` or `access_token`.
2025-10-07 09:53:42,577 - kite_client - ERROR - Failed to get margins: Incorrect `api_key` or `access_token`.
2025-10-07 09:53:42,578 - __main__ - INFO - Portfolio rebalancing suggestions:
2025-10-07 09:53:42,578 - __main__ - INFO -   - {'type': 'diversify', 'current_positions': 0, 'suggested_positions': 8, 'reason': 'Portfolio under-diversified'}
2025-10-07 09:53:42,578 - __main__ - INFO - Trading cycle completed
2025-10-07 10:05:56,752 - __main__ - INFO - Starting trading cycle...
2025-10-07 10:06:03,758 - kite_client - ERROR - Failed to get positions: HTTPSConnectionPool(host='api.kite.trade', port=443): Read timed out. (read timeout=7)
2025-10-07 10:06:03,764 - kite_client - ERROR - Failed to get holdings: HTTPSConnectionPool(host='api.kite.trade', port=443): Max retries exceeded with url: /portfolio/holdings (Caused by NameResolutionError("<urllib3.connection.HTTPSConnection object at 0x12020fc50>: Failed to resolve 'api.kite.trade' ([Errno 8] nodename nor servname provided, or not known)"))
2025-10-07 10:06:03,767 - kite_client - ERROR - Failed to get margins: HTTPSConnectionPool(host='api.kite.trade', port=443): Max retries exceeded with url: /user/margins (Caused by NameResolutionError("<urllib3.connection.HTTPSConnection object at 0x12020f890>: Failed to resolve 'api.kite.trade' ([Errno 8] nodename nor servname provided, or not known)"))
2025-10-07 10:06:03,770 - kite_client - ERROR - Failed to get positions: HTTPSConnectionPool(host='api.kite.trade', port=443): Max retries exceeded with url: /portfolio/positions (Caused by NameResolutionError("<urllib3.connection.HTTPSConnection object at 0x12020f750>: Failed to resolve 'api.kite.trade' ([Errno 8] nodename nor servname provided, or not known)"))
2025-10-07 10:06:03,772 - kite_client - ERROR - Failed to get holdings: HTTPSConnectionPool(host='api.kite.trade', port=443): Max retries exceeded with url: /portfolio/holdings (Caused by NameResolutionError("<urllib3.connection.HTTPSConnection object at 0x12020f110>: Failed to resolve 'api.kite.trade' ([Errno 8] nodename nor servname provided, or not known)"))
2025-10-07 10:06:03,774 - kite_client - ERROR - Failed to get margins: HTTPSConnectionPool(host='api.kite.trade', port=443): Max retries exceeded with url: /user/margins (Caused by NameResolutionError("<urllib3.connection.HTTPSConnection object at 0x12020efd0>: Failed to resolve 'api.kite.trade' ([Errno 8] nodename nor servname provided, or not known)"))
2025-10-07 10:06:03,775 - __main__ - INFO - Portfolio value: ₹0.00
2025-10-07 10:06:03,775 - __main__ - INFO - Day PnL: ₹0.00
2025-10-07 10:06:03,777 - kite_client - ERROR - Failed to get instruments: HTTPSConnectionPool(host='api.kite.trade', port=443): Max retries exceeded with url: /instruments/NSE (Caused by NameResolutionError("<urllib3.connection.HTTPSConnection object at 0x12020e990>: Failed to resolve 'api.kite.trade' ([Errno 8] nodename nor servname provided, or not known)"))
2025-10-07 10:06:03,777 - trading_strategies - WARNING - Analysis failed for NSE:RELIANCE: Insufficient data
2025-10-07 10:06:03,779 - kite_client - ERROR - Failed to get instruments: HTTPSConnectionPool(host='api.kite.trade', port=443): Max retries exceeded with url: /instruments/NSE (Caused by NameResolutionError("<urllib3.connection.HTTPSConnection object at 0x12020e5d0>: Failed to resolve 'api.kite.trade' ([Errno 8] nodename nor servname provided, or not known)"))
2025-10-07 10:06:03,780 - trading_strategies - WARNING - Analysis failed for NSE:TCS: Insufficient data
2025-10-07 10:06:03,782 - kite_client - ERROR - Failed to get instruments: HTTPSConnectionPool(host='api.kite.trade', port=443): Max retries exceeded with url: /instruments/NSE (Caused by NameResolutionError("<urllib3.connection.HTTPSConnection object at 0x12020d950>: Failed to resolve 'api.kite.trade' ([Errno 8] nodename nor servname provided, or not known)"))
2025-10-07 10:06:03,782 - trading_strategies - WARNING - Analysis failed for NSE:HDFCBANK: Insufficient data
2025-10-07 10:06:03,784 - kite_client - ERROR - Failed to get instruments: HTTPSConnectionPool(host='api.kite.trade', port=443): Max retries exceeded with url: /instruments/NSE (Caused by NameResolutionError("<urllib3.connection.HTTPSConnection object at 0x12020d450>: Failed to resolve 'api.kite.trade' ([Errno 8] nodename nor servname provided, or not known)"))
2025-10-07 10:06:03,784 - trading_strategies - WARNING - Analysis failed for NSE:INFY: Insufficient data
2025-10-07 10:06:03,787 - kite_client - ERROR - Failed to get instruments: HTTPSConnectionPool(host='api.kite.trade', port=443): Max retries exceeded with url: /instruments/NSE (Caused by NameResolutionError("<urllib3.connection.HTTPSConnection object at 0x120278410>: Failed to resolve 'api.kite.trade' ([Errno 8] nodename nor servname provided, or not known)"))
2025-10-07 10:06:03,787 - trading_strategies - WARNING - Analysis failed for NSE:HINDUNILVR: Insufficient data
2025-10-07 10:06:03,789 - kite_client - ERROR - Failed to get instruments: HTTPSConnectionPool(host='api.kite.trade', port=443): Max retries exceeded with url: /instruments/NSE (Caused by NameResolutionError("<urllib3.connection.HTTPSConnection object at 0x120278910>: Failed to resolve 'api.kite.trade' ([Errno 8] nodename nor servname provided, or not known)"))
2025-10-07 10:06:03,789 - trading_strategies - WARNING - Analysis failed for NSE:ITC: Insufficient data
2025-10-07 10:06:03,791 - kite_client - ERROR - Failed to get instruments: HTTPSConnectionPool(host='api.kite.trade', port=443): Max retries exceeded with url: /instruments/NSE (Caused by NameResolutionError("<urllib3.connection.HTTPSConnection object at 0x120278e10>: Failed to resolve 'api.kite.trade' ([Errno 8] nodename nor servname provided, or not known)"))
2025-10-07 10:06:03,792 - trading_strategies - WARNING - Analysis failed for NSE:KOTAKBANK: Insufficient data
2025-10-07 10:06:03,794 - kite_client - ERROR - Failed to get instruments: HTTPSConnectionPool(host='api.kite.trade', port=443): Max retries exceeded with url: /instruments/NSE (Caused by NameResolutionError("<urllib3.connection.HTTPSConnection object at 0x120279310>: Failed to resolve 'api.kite.trade' ([Errno 8] nodename nor servname provided, or not known)"))
2025-10-07 10:06:03,794 - trading_strategies - WARNING - Analysis failed for NSE:LT: Insufficient data
2025-10-07 10:06:03,796 - kite_client - ERROR - Failed to get instruments: HTTPSConnectionPool(host='api.kite.trade', port=443): Max retries exceeded with url: /instruments/NSE (Caused by NameResolutionError("<urllib3.connection.HTTPSConnection object at 0x120279810>: Failed to resolve 'api.kite.trade' ([Errno 8] nodename nor servname provided, or not known)"))
2025-10-07 10:06:03,796 - trading_strategies - WARNING - Analysis failed for NSE:SBIN: Insufficient data
2025-10-07 10:06:03,798 - kite_client - ERROR - Failed to get instruments: HTTPSConnectionPool(host='api.kite.trade', port=443): Max retries exceeded with url: /instruments/NSE (Caused by NameResolutionError("<urllib3.connection.HTTPSConnection object at 0x120279d10>: Failed to resolve 'api.kite.trade' ([Errno 8] nodename nor servname provided, or not known)"))
2025-10-07 10:06:03,799 - trading_strategies - WARNING - Analysis failed for NSE:BHARTIARTL: Insufficient data
2025-10-07 10:06:03,801 - kite_client - ERROR - Failed to get positions: HTTPSConnectionPool(host='api.kite.trade', port=443): Max retries exceeded with url: /portfolio/positions (Caused by NameResolutionError("<urllib3.connection.HTTPSConnection object at 0x12027a210>: Failed to resolve 'api.kite.trade' ([Errno 8] nodename nor servname provided, or not known)"))
2025-10-07 10:06:03,804 - kite_client - ERROR - Failed to get positions: HTTPSConnectionPool(host='api.kite.trade', port=443): Max retries exceeded with url: /portfolio/positions (Caused by NameResolutionError("<urllib3.connection.HTTPSConnection object at 0x12027a710>: Failed to resolve 'api.kite.trade' ([Errno 8] nodename nor servname provided, or not known)"))
2025-10-07 10:06:03,806 - kite_client - ERROR - Failed to get holdings: HTTPSConnectionPool(host='api.kite.trade', port=443): Max retries exceeded with url: /portfolio/holdings (Caused by NameResolutionError("<urllib3.connection.HTTPSConnection object at 0x12027aad0>: Failed to resolve 'api.kite.trade' ([Errno 8] nodename nor servname provided, or not known)"))
2025-10-07 10:06:03,809 - kite_client - ERROR - Failed to get margins: HTTPSConnectionPool(host='api.kite.trade', port=443): Max retries exceeded with url: /user/margins (Caused by NameResolutionError("<urllib3.connection.HTTPSConnection object at 0x12027ae90>: Failed to resolve 'api.kite.trade' ([Errno 8] nodename nor servname provided, or not known)"))
2025-10-07 10:06:03,809 - __main__ - INFO - Portfolio rebalancing suggestions:
2025-10-07 10:06:03,809 - __main__ - INFO -   - {'type': 'diversify', 'current_positions': 0, 'suggested_positions': 8, 'reason': 'Portfolio under-diversified'}
2025-10-07 10:06:03,809 - __main__ - INFO - Trading cycle completed
2025-10-07 10:17:09,961 - __main__ - INFO - Starting trading cycle...
2025-10-07 10:17:09,970 - kite_client - ERROR - Failed to get positions: HTTPSConnectionPool(host='api.kite.trade', port=443): Max retries exceeded with url: /portfolio/positions (Caused by NameResolutionError("<urllib3.connection.HTTPSConnection object at 0x12027b250>: Failed to resolve 'api.kite.trade' ([Errno 8] nodename nor servname provided, or not known)"))
2025-10-07 10:17:10,057 - kite_client - ERROR - Failed to get holdings: HTTPSConnectionPool(host='api.kite.trade', port=443): Max retries exceeded with url: /portfolio/holdings (Caused by NameResolutionError("<urllib3.connection.HTTPSConnection object at 0x12027b610>: Failed to resolve 'api.kite.trade' ([Errno 8] nodename nor servname provided, or not known)"))
2025-10-07 10:17:10,058 - kite_client - ERROR - Failed to get margins: HTTPSConnectionPool(host='api.kite.trade', port=443): Max retries exceeded with url: /user/margins (Caused by NameResolutionError("<urllib3.connection.HTTPSConnection object at 0x12027b9d0>: Failed to resolve 'api.kite.trade' ([Errno 8] nodename nor servname provided, or not known)"))
2025-10-07 10:17:10,059 - kite_client - ERROR - Failed to get positions: HTTPSConnectionPool(host='api.kite.trade', port=443): Max retries exceeded with url: /portfolio/positions (Caused by NameResolutionError("<urllib3.connection.HTTPSConnection object at 0x12027bd90>: Failed to resolve 'api.kite.trade' ([Errno 8] nodename nor servname provided, or not known)"))
2025-10-07 10:17:10,060 - kite_client - ERROR - Failed to get holdings: HTTPSConnectionPool(host='api.kite.trade', port=443): Max retries exceeded with url: /portfolio/holdings (Caused by NameResolutionError("<urllib3.connection.HTTPSConnection object at 0x1202d4190>: Failed to resolve 'api.kite.trade' ([Errno 8] nodename nor servname provided, or not known)"))
2025-10-07 10:17:10,061 - kite_client - ERROR - Failed to get margins: HTTPSConnectionPool(host='api.kite.trade', port=443): Max retries exceeded with url: /user/margins (Caused by NameResolutionError("<urllib3.connection.HTTPSConnection object at 0x1202d4550>: Failed to resolve 'api.kite.trade' ([Errno 8] nodename nor servname provided, or not known)"))
2025-10-07 10:17:10,061 - __main__ - INFO - Portfolio value: ₹0.00
2025-10-07 10:17:10,061 - __main__ - INFO - Day PnL: ₹0.00
2025-10-07 10:17:10,062 - kite_client - ERROR - Failed to get instruments: HTTPSConnectionPool(host='api.kite.trade', port=443): Max retries exceeded with url: /instruments/NSE (Caused by NameResolutionError("<urllib3.connection.HTTPSConnection object at 0x1202d4910>: Failed to resolve 'api.kite.trade' ([Errno 8] nodename nor servname provided, or not known)"))
2025-10-07 10:17:10,062 - trading_strategies - WARNING - Analysis failed for NSE:RELIANCE: Insufficient data
2025-10-07 10:17:10,064 - kite_client - ERROR - Failed to get instruments: HTTPSConnectionPool(host='api.kite.trade', port=443): Max retries exceeded with url: /instruments/NSE (Caused by NameResolutionError("<urllib3.connection.HTTPSConnection object at 0x1202d4f50>: Failed to resolve 'api.kite.trade' ([Errno 8] nodename nor servname provided, or not known)"))
2025-10-07 10:17:10,064 - trading_strategies - WARNING - Analysis failed for NSE:TCS: Insufficient data
2025-10-07 10:17:10,065 - kite_client - ERROR - Failed to get instruments: HTTPSConnectionPool(host='api.kite.trade', port=443): Max retries exceeded with url: /instruments/NSE (Caused by NameResolutionError("<urllib3.connection.HTTPSConnection object at 0x12020d450>: Failed to resolve 'api.kite.trade' ([Errno 8] nodename nor servname provided, or not known)"))
2025-10-07 10:17:10,065 - trading_strategies - WARNING - Analysis failed for NSE:HDFCBANK: Insufficient data
2025-10-07 10:17:10,065 - kite_client - ERROR - Failed to get instruments: HTTPSConnectionPool(host='api.kite.trade', port=443): Max retries exceeded with url: /instruments/NSE (Caused by NameResolutionError("<urllib3.connection.HTTPSConnection object at 0x12020e0d0>: Failed to resolve 'api.kite.trade' ([Errno 8] nodename nor servname provided, or not known)"))
2025-10-07 10:17:10,065 - trading_strategies - WARNING - Analysis failed for NSE:INFY: Insufficient data
2025-10-07 10:17:10,066 - kite_client - ERROR - Failed to get instruments: HTTPSConnectionPool(host='api.kite.trade', port=443): Max retries exceeded with url: /instruments/NSE (Caused by NameResolutionError("<urllib3.connection.HTTPSConnection object at 0x12020e210>: Failed to resolve 'api.kite.trade' ([Errno 8] nodename nor servname provided, or not known)"))
2025-10-07 10:17:10,066 - trading_strategies - WARNING - Analysis failed for NSE:HINDUNILVR: Insufficient data
2025-10-07 10:17:10,067 - kite_client - ERROR - Failed to get instruments: HTTPSConnectionPool(host='api.kite.trade', port=443): Max retries exceeded with url: /instruments/NSE (Caused by NameResolutionError("<urllib3.connection.HTTPSConnection object at 0x12020ead0>: Failed to resolve 'api.kite.trade' ([Errno 8] nodename nor servname provided, or not known)"))
2025-10-07 10:17:10,067 - trading_strategies - WARNING - Analysis failed for NSE:ITC: Insufficient data
2025-10-07 10:17:10,067 - kite_client - ERROR - Failed to get instruments: HTTPSConnectionPool(host='api.kite.trade', port=443): Max retries exceeded with url: /instruments/NSE (Caused by NameResolutionError("<urllib3.connection.HTTPSConnection object at 0x12020ee90>: Failed to resolve 'api.kite.trade' ([Errno 8] nodename nor servname provided, or not known)"))
2025-10-07 10:17:10,067 - trading_strategies - WARNING - Analysis failed for NSE:KOTAKBANK: Insufficient data
2025-10-07 10:17:10,068 - kite_client - ERROR - Failed to get instruments: HTTPSConnectionPool(host='api.kite.trade', port=443): Max retries exceeded with url: /instruments/NSE (Caused by NameResolutionError("<urllib3.connection.HTTPSConnection object at 0x12020f750>: Failed to resolve 'api.kite.trade' ([Errno 8] nodename nor servname provided, or not known)"))
2025-10-07 10:17:10,068 - trading_strategies - WARNING - Analysis failed for NSE:LT: Insufficient data
2025-10-07 10:17:10,069 - kite_client - ERROR - Failed to get instruments: HTTPSConnectionPool(host='api.kite.trade', port=443): Max retries exceeded with url: /instruments/NSE (Caused by NameResolutionError("<urllib3.connection.HTTPSConnection object at 0x12020f9d0>: Failed to resolve 'api.kite.trade' ([Errno 8] nodename nor servname provided, or not known)"))
2025-10-07 10:17:10,069 - trading_strategies - WARNING - Analysis failed for NSE:SBIN: Insufficient data
2025-10-07 10:17:10,069 - kite_client - ERROR - Failed to get instruments: HTTPSConnectionPool(host='api.kite.trade', port=443): Max retries exceeded with url: /instruments/NSE (Caused by NameResolutionError("<urllib3.connection.HTTPSConnection object at 0x12020de50>: Failed to resolve 'api.kite.trade' ([Errno 8] nodename nor servname provided, or not known)"))
2025-10-07 10:17:10,069 - trading_strategies - WARNING - Analysis failed for NSE:BHARTIARTL: Insufficient data
2025-10-07 10:17:10,070 - kite_client - ERROR - Failed to get positions: HTTPSConnectionPool(host='api.kite.trade', port=443): Max retries exceeded with url: /portfolio/positions (Caused by NameResolutionError("<urllib3.connection.HTTPSConnection object at 0x1202d4910>: Failed to resolve 'api.kite.trade' ([Errno 8] nodename nor servname provided, or not known)"))
2025-10-07 10:17:10,071 - kite_client - ERROR - Failed to get positions: HTTPSConnectionPool(host='api.kite.trade', port=443): Max retries exceeded with url: /portfolio/positions (Caused by NameResolutionError("<urllib3.connection.HTTPSConnection object at 0x1202d4690>: Failed to resolve 'api.kite.trade' ([Errno 8] nodename nor servname provided, or not known)"))
2025-10-07 10:17:10,071 - kite_client - ERROR - Failed to get holdings: HTTPSConnectionPool(host='api.kite.trade', port=443): Max retries exceeded with url: /portfolio/holdings (Caused by NameResolutionError("<urllib3.connection.HTTPSConnection object at 0x1202d42d0>: Failed to resolve 'api.kite.trade' ([Errno 8] nodename nor servname provided, or not known)"))
2025-10-07 10:17:10,072 - kite_client - ERROR - Failed to get margins: HTTPSConnectionPool(host='api.kite.trade', port=443): Max retries exceeded with url: /user/margins (Caused by NameResolutionError("<urllib3.connection.HTTPSConnection object at 0x1202d5450>: Failed to resolve 'api.kite.trade' ([Errno 8] nodename nor servname provided, or not known)"))
2025-10-07 10:17:10,072 - __main__ - INFO - Portfolio rebalancing suggestions:
2025-10-07 10:17:10,072 - __main__ - INFO -   - {'type': 'diversify', 'current_positions': 0, 'suggested_positions': 8, 'reason': 'Portfolio under-diversified'}
2025-10-07 10:17:10,072 - __main__ - INFO - Trading cycle completed
2025-10-07 10:27:56,649 - __main__ - INFO - Starting trading cycle...
2025-10-07 10:27:56,652 - kite_client - ERROR - Failed to get positions: HTTPSConnectionPool(host='api.kite.trade', port=443): Max retries exceeded with url: /portfolio/positions (Caused by NameResolutionError("<urllib3.connection.HTTPSConnection object at 0x1202d5810>: Failed to resolve 'api.kite.trade' ([Errno 8] nodename nor servname provided, or not known)"))
2025-10-07 10:27:56,654 - kite_client - ERROR - Failed to get holdings: HTTPSConnectionPool(host='api.kite.trade', port=443): Max retries exceeded with url: /portfolio/holdings (Caused by NameResolutionError("<urllib3.connection.HTTPSConnection object at 0x1202d5bd0>: Failed to resolve 'api.kite.trade' ([Errno 8] nodename nor servname provided, or not known)"))
2025-10-07 10:27:56,655 - kite_client - ERROR - Failed to get margins: HTTPSConnectionPool(host='api.kite.trade', port=443): Max retries exceeded with url: /user/margins (Caused by NameResolutionError("<urllib3.connection.HTTPSConnection object at 0x1202d5f90>: Failed to resolve 'api.kite.trade' ([Errno 8] nodename nor servname provided, or not known)"))
2025-10-07 10:27:56,657 - kite_client - ERROR - Failed to get positions: HTTPSConnectionPool(host='api.kite.trade', port=443): Max retries exceeded with url: /portfolio/positions (Caused by NameResolutionError("<urllib3.connection.HTTPSConnection object at 0x1202d6350>: Failed to resolve 'api.kite.trade' ([Errno 8] nodename nor servname provided, or not known)"))
2025-10-07 10:27:56,658 - kite_client - ERROR - Failed to get holdings: HTTPSConnectionPool(host='api.kite.trade', port=443): Max retries exceeded with url: /portfolio/holdings (Caused by NameResolutionError("<urllib3.connection.HTTPSConnection object at 0x1202d6710>: Failed to resolve 'api.kite.trade' ([Errno 8] nodename nor servname provided, or not known)"))
2025-10-07 10:27:56,660 - kite_client - ERROR - Failed to get margins: HTTPSConnectionPool(host='api.kite.trade', port=443): Max retries exceeded with url: /user/margins (Caused by NameResolutionError("<urllib3.connection.HTTPSConnection object at 0x1202d6ad0>: Failed to resolve 'api.kite.trade' ([Errno 8] nodename nor servname provided, or not known)"))
2025-10-07 10:27:56,660 - __main__ - INFO - Portfolio value: ₹0.00
2025-10-07 10:27:56,660 - __main__ - INFO - Day PnL: ₹0.00
2025-10-07 10:27:56,661 - kite_client - ERROR - Failed to get instruments: HTTPSConnectionPool(host='api.kite.trade', port=443): Max retries exceeded with url: /instruments/NSE (Caused by NameResolutionError("<urllib3.connection.HTTPSConnection object at 0x1202d6e90>: Failed to resolve 'api.kite.trade' ([Errno 8] nodename nor servname provided, or not known)"))
2025-10-07 10:27:56,661 - trading_strategies - WARNING - Analysis failed for NSE:RELIANCE: Insufficient data
2025-10-07 10:27:56,663 - kite_client - ERROR - Failed to get instruments: HTTPSConnectionPool(host='api.kite.trade', port=443): Max retries exceeded with url: /instruments/NSE (Caused by NameResolutionError("<urllib3.connection.HTTPSConnection object at 0x1202d74d0>: Failed to resolve 'api.kite.trade' ([Errno 8] nodename nor servname provided, or not known)"))
2025-10-07 10:27:56,663 - trading_strategies - WARNING - Analysis failed for NSE:TCS: Insufficient data
2025-10-07 10:27:56,664 - kite_client - ERROR - Failed to get instruments: HTTPSConnectionPool(host='api.kite.trade', port=443): Max retries exceeded with url: /instruments/NSE (Caused by NameResolutionError("<urllib3.connection.HTTPSConnection object at 0x1202d79d0>: Failed to resolve 'api.kite.trade' ([Errno 8] nodename nor servname provided, or not known)"))
2025-10-07 10:27:56,665 - trading_strategies - WARNING - Analysis failed for NSE:HDFCBANK: Insufficient data
2025-10-07 10:27:56,666 - kite_client - ERROR - Failed to get instruments: HTTPSConnectionPool(host='api.kite.trade', port=443): Max retries exceeded with url: /instruments/NSE (Caused by NameResolutionError("<urllib3.connection.HTTPSConnection object at 0x1202d7ed0>: Failed to resolve 'api.kite.trade' ([Errno 8] nodename nor servname provided, or not known)"))
2025-10-07 10:27:56,666 - trading_strategies - WARNING - Analysis failed for NSE:INFY: Insufficient data
2025-10-07 10:27:56,668 - kite_client - ERROR - Failed to get instruments: HTTPSConnectionPool(host='api.kite.trade', port=443): Max retries exceeded with url: /instruments/NSE (Caused by NameResolutionError("<urllib3.connection.HTTPSConnection object at 0x12027b9d0>: Failed to resolve 'api.kite.trade' ([Errno 8] nodename nor servname provided, or not known)"))
2025-10-07 10:27:56,668 - trading_strategies - WARNING - Analysis failed for NSE:HINDUNILVR: Insufficient data
2025-10-07 10:27:56,669 - kite_client - ERROR - Failed to get instruments: HTTPSConnectionPool(host='api.kite.trade', port=443): Max retries exceeded with url: /instruments/NSE (Caused by NameResolutionError("<urllib3.connection.HTTPSConnection object at 0x12027b750>: Failed to resolve 'api.kite.trade' ([Errno 8] nodename nor servname provided, or not known)"))
2025-10-07 10:27:56,669 - trading_strategies - WARNING - Analysis failed for NSE:ITC: Insufficient data
2025-10-07 10:27:56,670 - kite_client - ERROR - Failed to get instruments: HTTPSConnectionPool(host='api.kite.trade', port=443): Max retries exceeded with url: /instruments/NSE (Caused by NameResolutionError("<urllib3.connection.HTTPSConnection object at 0x12027b110>: Failed to resolve 'api.kite.trade' ([Errno 8] nodename nor servname provided, or not known)"))
2025-10-07 10:27:56,670 - trading_strategies - WARNING - Analysis failed for NSE:KOTAKBANK: Insufficient data
2025-10-07 10:27:56,672 - kite_client - ERROR - Failed to get instruments: HTTPSConnectionPool(host='api.kite.trade', port=443): Max retries exceeded with url: /instruments/NSE (Caused by NameResolutionError("<urllib3.connection.HTTPSConnection object at 0x12027aad0>: Failed to resolve 'api.kite.trade' ([Errno 8] nodename nor servname provided, or not known)"))
2025-10-07 10:27:56,672 - trading_strategies - WARNING - Analysis failed for NSE:LT: Insufficient data
2025-10-07 10:27:56,673 - kite_client - ERROR - Failed to get instruments: HTTPSConnectionPool(host='api.kite.trade', port=443): Max retries exceeded with url: /instruments/NSE (Caused by NameResolutionError("<urllib3.connection.HTTPSConnection object at 0x12027a850>: Failed to resolve 'api.kite.trade' ([Errno 8] nodename nor servname provided, or not known)"))
2025-10-07 10:27:56,673 - trading_strategies - WARNING - Analysis failed for NSE:SBIN: Insufficient data
2025-10-07 10:27:56,674 - kite_client - ERROR - Failed to get instruments: HTTPSConnectionPool(host='api.kite.trade', port=443): Max retries exceeded with url: /instruments/NSE (Caused by NameResolutionError("<urllib3.connection.HTTPSConnection object at 0x12027a350>: Failed to resolve 'api.kite.trade' ([Errno 8] nodename nor servname provided, or not known)"))
2025-10-07 10:27:56,674 - trading_strategies - WARNING - Analysis failed for NSE:BHARTIARTL: Insufficient data
2025-10-07 10:27:56,676 - kite_client - ERROR - Failed to get positions: HTTPSConnectionPool(host='api.kite.trade', port=443): Max retries exceeded with url: /portfolio/positions (Caused by NameResolutionError("<urllib3.connection.HTTPSConnection object at 0x120279e50>: Failed to resolve 'api.kite.trade' ([Errno 8] nodename nor servname provided, or not known)"))
2025-10-07 10:27:56,677 - kite_client - ERROR - Failed to get positions: HTTPSConnectionPool(host='api.kite.trade', port=443): Max retries exceeded with url: /portfolio/positions (Caused by NameResolutionError("<urllib3.connection.HTTPSConnection object at 0x120279950>: Failed to resolve 'api.kite.trade' ([Errno 8] nodename nor servname provided, or not known)"))
2025-10-07 10:27:56,678 - kite_client - ERROR - Failed to get holdings: HTTPSConnectionPool(host='api.kite.trade', port=443): Max retries exceeded with url: /portfolio/holdings (Caused by NameResolutionError("<urllib3.connection.HTTPSConnection object at 0x120279310>: Failed to resolve 'api.kite.trade' ([Errno 8] nodename nor servname provided, or not known)"))
2025-10-07 10:27:56,680 - kite_client - ERROR - Failed to get margins: HTTPSConnectionPool(host='api.kite.trade', port=443): Max retries exceeded with url: /user/margins (Caused by NameResolutionError("<urllib3.connection.HTTPSConnection object at 0x1202d7c50>: Failed to resolve 'api.kite.trade' ([Errno 8] nodename nor servname provided, or not known)"))
2025-10-07 10:27:56,680 - __main__ - INFO - Portfolio rebalancing suggestions:
2025-10-07 10:27:56,680 - __main__ - INFO -   - {'type': 'diversify', 'current_positions': 0, 'suggested_positions': 8, 'reason': 'Portfolio under-diversified'}
2025-10-07 10:27:56,680 - __main__ - INFO - Trading cycle completed
2025-10-07 10:34:18,193 - __main__ - INFO - Starting trading cycle...
2025-10-07 10:34:18,716 - kite_client - ERROR - Failed to get positions: HTTPSConnectionPool(host='api.kite.trade', port=443): Max retries exceeded with url: /portfolio/positions (Caused by NameResolutionError("<urllib3.connection.HTTPSConnection object at 0x1202d7b10>: Failed to resolve 'api.kite.trade' ([Errno 8] nodename nor servname provided, or not known)"))
2025-10-07 10:34:18,718 - kite_client - ERROR - Failed to get holdings: HTTPSConnectionPool(host='api.kite.trade', port=443): Max retries exceeded with url: /portfolio/holdings (Caused by NameResolutionError("<urllib3.connection.HTTPSConnection object at 0x1202d74d0>: Failed to resolve 'api.kite.trade' ([Errno 8] nodename nor servname provided, or not known)"))
2025-10-07 10:34:18,722 - kite_client - ERROR - Failed to get margins: HTTPSConnectionPool(host='api.kite.trade', port=443): Max retries exceeded with url: /user/margins (Caused by NameResolutionError("<urllib3.connection.HTTPSConnection object at 0x1202d7250>: Failed to resolve 'api.kite.trade' ([Errno 8] nodename nor servname provided, or not known)"))
2025-10-07 10:34:18,725 - kite_client - ERROR - Failed to get positions: HTTPSConnectionPool(host='api.kite.trade', port=443): Max retries exceeded with url: /portfolio/positions (Caused by NameResolutionError("<urllib3.connection.HTTPSConnection object at 0x1202d6d50>: Failed to resolve 'api.kite.trade' ([Errno 8] nodename nor servname provided, or not known)"))
2025-10-07 10:34:18,727 - kite_client - ERROR - Failed to get holdings: HTTPSConnectionPool(host='api.kite.trade', port=443): Max retries exceeded with url: /portfolio/holdings (Caused by NameResolutionError("<urllib3.connection.HTTPSConnection object at 0x1202d6990>: Failed to resolve 'api.kite.trade' ([Errno 8] nodename nor servname provided, or not known)"))
2025-10-07 10:34:18,729 - kite_client - ERROR - Failed to get margins: HTTPSConnectionPool(host='api.kite.trade', port=443): Max retries exceeded with url: /user/margins (Caused by NameResolutionError("<urllib3.connection.HTTPSConnection object at 0x1202d65d0>: Failed to resolve 'api.kite.trade' ([Errno 8] nodename nor servname provided, or not known)"))
2025-10-07 10:34:18,729 - __main__ - INFO - Portfolio value: ₹0.00
2025-10-07 10:34:18,729 - __main__ - INFO - Day PnL: ₹0.00
2025-10-07 10:34:18,730 - kite_client - ERROR - Failed to get instruments: HTTPSConnectionPool(host='api.kite.trade', port=443): Max retries exceeded with url: /instruments/NSE (Caused by NameResolutionError("<urllib3.connection.HTTPSConnection object at 0x1202d6210>: Failed to resolve 'api.kite.trade' ([Errno 8] nodename nor servname provided, or not known)"))
2025-10-07 10:34:18,731 - trading_strategies - WARNING - Analysis failed for NSE:RELIANCE: Insufficient data
2025-10-07 10:34:18,732 - kite_client - ERROR - Failed to get instruments: HTTPSConnectionPool(host='api.kite.trade', port=443): Max retries exceeded with url: /instruments/NSE (Caused by NameResolutionError("<urllib3.connection.HTTPSConnection object at 0x1202d5d10>: Failed to resolve 'api.kite.trade' ([Errno 8] nodename nor servname provided, or not known)"))
2025-10-07 10:34:18,732 - trading_strategies - WARNING - Analysis failed for NSE:TCS: Insufficient data
2025-10-07 10:34:18,733 - kite_client - ERROR - Failed to get instruments: HTTPSConnectionPool(host='api.kite.trade', port=443): Max retries exceeded with url: /instruments/NSE (Caused by NameResolutionError("<urllib3.connection.HTTPSConnection object at 0x1202d56d0>: Failed to resolve 'api.kite.trade' ([Errno 8] nodename nor servname provided, or not known)"))
2025-10-07 10:34:18,733 - trading_strategies - WARNING - Analysis failed for NSE:HDFCBANK: Insufficient data
2025-10-07 10:34:18,734 - kite_client - ERROR - Failed to get instruments: HTTPSConnectionPool(host='api.kite.trade', port=443): Max retries exceeded with url: /instruments/NSE (Caused by NameResolutionError("<urllib3.connection.HTTPSConnection object at 0x1202d42d0>: Failed to resolve 'api.kite.trade' ([Errno 8] nodename nor servname provided, or not known)"))
2025-10-07 10:34:18,734 - trading_strategies - WARNING - Analysis failed for NSE:INFY: Insufficient data
2025-10-07 10:34:18,736 - kite_client - ERROR - Failed to get instruments: HTTPSConnectionPool(host='api.kite.trade', port=443): Max retries exceeded with url: /instruments/NSE (Caused by NameResolutionError("<urllib3.connection.HTTPSConnection object at 0x1202d4410>: Failed to resolve 'api.kite.trade' ([Errno 8] nodename nor servname provided, or not known)"))
2025-10-07 10:34:18,736 - trading_strategies - WARNING - Analysis failed for NSE:HINDUNILVR: Insufficient data
2025-10-07 10:34:18,737 - kite_client - ERROR - Failed to get instruments: HTTPSConnectionPool(host='api.kite.trade', port=443): Max retries exceeded with url: /instruments/NSE (Caused by NameResolutionError("<urllib3.connection.HTTPSConnection object at 0x1202d4a50>: Failed to resolve 'api.kite.trade' ([Errno 8] nodename nor servname provided, or not known)"))
2025-10-07 10:34:18,737 - trading_strategies - WARNING - Analysis failed for NSE:ITC: Insufficient data
2025-10-07 10:34:18,738 - kite_client - ERROR - Failed to get instruments: HTTPSConnectionPool(host='api.kite.trade', port=443): Max retries exceeded with url: /instruments/NSE (Caused by NameResolutionError("<urllib3.connection.HTTPSConnection object at 0x12020fd90>: Failed to resolve 'api.kite.trade' ([Errno 8] nodename nor servname provided, or not known)"))
2025-10-07 10:34:18,739 - trading_strategies - WARNING - Analysis failed for NSE:KOTAKBANK: Insufficient data
2025-10-07 10:34:18,740 - kite_client - ERROR - Failed to get instruments: HTTPSConnectionPool(host='api.kite.trade', port=443): Max retries exceeded with url: /instruments/NSE (Caused by NameResolutionError("<urllib3.connection.HTTPSConnection object at 0x12020fed0>: Failed to resolve 'api.kite.trade' ([Errno 8] nodename nor servname provided, or not known)"))
2025-10-07 10:34:18,740 - trading_strategies - WARNING - Analysis failed for NSE:LT: Insufficient data
2025-10-07 10:34:18,742 - kite_client - ERROR - Failed to get instruments: HTTPSConnectionPool(host='api.kite.trade', port=443): Max retries exceeded with url: /instruments/NSE (Caused by NameResolutionError("<urllib3.connection.HTTPSConnection object at 0x12020f390>: Failed to resolve 'api.kite.trade' ([Errno 8] nodename nor servname provided, or not known)"))
2025-10-07 10:34:18,742 - trading_strategies - WARNING - Analysis failed for NSE:SBIN: Insufficient data
2025-10-07 10:34:18,743 - kite_client - ERROR - Failed to get instruments: HTTPSConnectionPool(host='api.kite.trade', port=443): Max retries exceeded with url: /instruments/NSE (Caused by NameResolutionError("<urllib3.connection.HTTPSConnection object at 0x12020f110>: Failed to resolve 'api.kite.trade' ([Errno 8] nodename nor servname provided, or not known)"))
2025-10-07 10:34:18,743 - trading_strategies - WARNING - Analysis failed for NSE:BHARTIARTL: Insufficient data
2025-10-07 10:34:18,744 - kite_client - ERROR - Failed to get positions: HTTPSConnectionPool(host='api.kite.trade', port=443): Max retries exceeded with url: /portfolio/positions (Caused by NameResolutionError("<urllib3.connection.HTTPSConnection object at 0x12020ed50>: Failed to resolve 'api.kite.trade' ([Errno 8] nodename nor servname provided, or not known)"))
2025-10-07 10:34:18,745 - kite_client - ERROR - Failed to get positions: HTTPSConnectionPool(host='api.kite.trade', port=443): Max retries exceeded with url: /portfolio/positions (Caused by NameResolutionError("<urllib3.connection.HTTPSConnection object at 0x12020e710>: Failed to resolve 'api.kite.trade' ([Errno 8] nodename nor servname provided, or not known)"))
2025-10-07 10:34:18,746 - kite_client - ERROR - Failed to get holdings: HTTPSConnectionPool(host='api.kite.trade', port=443): Max retries exceeded with url: /portfolio/holdings (Caused by NameResolutionError("<urllib3.connection.HTTPSConnection object at 0x12020e0d0>: Failed to resolve 'api.kite.trade' ([Errno 8] nodename nor servname provided, or not known)"))
2025-10-07 10:34:18,747 - kite_client - ERROR - Failed to get margins: HTTPSConnectionPool(host='api.kite.trade', port=443): Max retries exceeded with url: /user/margins (Caused by NameResolutionError("<urllib3.connection.HTTPSConnection object at 0x12020d950>: Failed to resolve 'api.kite.trade' ([Errno 8] nodename nor servname provided, or not known)"))
2025-10-07 10:34:18,747 - __main__ - INFO - Portfolio rebalancing suggestions:
2025-10-07 10:34:18,747 - __main__ - INFO -   - {'type': 'diversify', 'current_positions': 0, 'suggested_positions': 8, 'reason': 'Portfolio under-diversified'}
2025-10-07 10:34:18,747 - __main__ - INFO - Trading cycle completed
2025-10-07 10:51:48,939 - __main__ - INFO - Starting trading cycle...
2025-10-07 10:51:50,525 - kite_client - ERROR - Failed to get positions: Incorrect `api_key` or `access_token`.
2025-10-07 10:51:50,846 - kite_client - ERROR - Failed to get holdings: Incorrect `api_key` or `access_token`.
2025-10-07 10:51:51,216 - kite_client - ERROR - Failed to get margins: Incorrect `api_key` or `access_token`.
2025-10-07 10:51:51,506 - kite_client - ERROR - Failed to get positions: Incorrect `api_key` or `access_token`.
2025-10-07 10:51:52,101 - kite_client - ERROR - Failed to get holdings: Incorrect `api_key` or `access_token`.
2025-10-07 10:51:52,429 - kite_client - ERROR - Failed to get margins: Incorrect `api_key` or `access_token`.
2025-10-07 10:51:52,429 - __main__ - INFO - Portfolio value: ₹0.00
2025-10-07 10:51:52,429 - __main__ - INFO - Day PnL: ₹0.00
2025-10-07 10:51:53,757 - kite_client - ERROR - Failed to get historical data: Incorrect `api_key` or `access_token`.
2025-10-07 10:51:53,763 - trading_strategies - WARNING - Analysis failed for NSE:RELIANCE: Insufficient data
2025-10-07 10:51:56,305 - kite_client - ERROR - Failed to get historical data: Incorrect `api_key` or `access_token`.
2025-10-07 10:51:56,310 - trading_strategies - WARNING - Analysis failed for NSE:TCS: Insufficient data
2025-10-07 10:51:57,724 - kite_client - ERROR - Failed to get historical data: Incorrect `api_key` or `access_token`.
2025-10-07 10:51:57,729 - trading_strategies - WARNING - Analysis failed for NSE:HDFCBANK: Insufficient data
2025-10-07 10:51:59,243 - kite_client - ERROR - Failed to get historical data: Incorrect `api_key` or `access_token`.
2025-10-07 10:51:59,248 - trading_strategies - WARNING - Analysis failed for NSE:INFY: Insufficient data
2025-10-07 10:52:00,488 - kite_client - ERROR - Failed to get historical data: Incorrect `api_key` or `access_token`.
2025-10-07 10:52:00,494 - trading_strategies - WARNING - Analysis failed for NSE:HINDUNILVR: Insufficient data
2025-10-07 10:52:01,855 - kite_client - ERROR - Failed to get historical data: Incorrect `api_key` or `access_token`.
2025-10-07 10:52:01,863 - trading_strategies - WARNING - Analysis failed for NSE:ITC: Insufficient data
2025-10-07 10:52:02,975 - kite_client - ERROR - Failed to get historical data: Incorrect `api_key` or `access_token`.
2025-10-07 10:52:02,981 - trading_strategies - WARNING - Analysis failed for NSE:KOTAKBANK: Insufficient data
2025-10-07 10:52:04,276 - kite_client - ERROR - Failed to get historical data: Incorrect `api_key` or `access_token`.
2025-10-07 10:52:04,284 - trading_strategies - WARNING - Analysis failed for NSE:LT: Insufficient data
2025-10-07 10:52:05,487 - kite_client - ERROR - Failed to get historical data: Incorrect `api_key` or `access_token`.
2025-10-07 10:52:05,493 - trading_strategies - WARNING - Analysis failed for NSE:SBIN: Insufficient data
2025-10-07 10:52:07,391 - kite_client - ERROR - Failed to get historical data: Incorrect `api_key` or `access_token`.
2025-10-07 10:52:07,396 - trading_strategies - WARNING - Analysis failed for NSE:BHARTIARTL: Insufficient data
2025-10-07 10:52:07,793 - kite_client - ERROR - Failed to get positions: Incorrect `api_key` or `access_token`.
2025-10-07 10:52:08,154 - kite_client - ERROR - Failed to get positions: Incorrect `api_key` or `access_token`.
2025-10-07 10:52:08,581 - kite_client - ERROR - Failed to get holdings: Incorrect `api_key` or `access_token`.
2025-10-07 10:52:08,915 - kite_client - ERROR - Failed to get margins: Incorrect `api_key` or `access_token`.
2025-10-07 10:52:08,916 - __main__ - INFO - Portfolio rebalancing suggestions:
2025-10-07 10:52:08,916 - __main__ - INFO -   - {'type': 'diversify', 'current_positions': 0, 'suggested_positions': 8, 'reason': 'Portfolio under-diversified'}
2025-10-07 10:52:08,916 - __main__ - INFO - Trading cycle completed
2025-10-07 11:07:32,943 - __main__ - INFO - Starting trading cycle...
2025-10-07 11:07:40,041 - kite_client - ERROR - Failed to get positions: HTTPSConnectionPool(host='api.kite.trade', port=443): Read timed out. (read timeout=7)
2025-10-07 11:07:41,888 - kite_client - ERROR - Failed to get holdings: Incorrect `api_key` or `access_token`.
2025-10-07 11:07:42,251 - kite_client - ERROR - Failed to get margins: Incorrect `api_key` or `access_token`.
2025-10-07 11:07:42,545 - kite_client - ERROR - Failed to get positions: Incorrect `api_key` or `access_token`.
2025-10-07 11:07:42,919 - kite_client - ERROR - Failed to get holdings: Incorrect `api_key` or `access_token`.
2025-10-07 11:07:43,330 - kite_client - ERROR - Failed to get margins: Incorrect `api_key` or `access_token`.
2025-10-07 11:07:43,331 - __main__ - INFO - Portfolio value: ₹0.00
2025-10-07 11:07:43,331 - __main__ - INFO - Day PnL: ₹0.00
2025-10-07 11:07:44,349 - kite_client - ERROR - Failed to get historical data: Incorrect `api_key` or `access_token`.
2025-10-07 11:07:44,357 - trading_strategies - WARNING - Analysis failed for NSE:RELIANCE: Insufficient data
2025-10-07 11:07:45,048 - kite_client - ERROR - Failed to get historical data: Incorrect `api_key` or `access_token`.
2025-10-07 11:07:45,055 - trading_strategies - WARNING - Analysis failed for NSE:TCS: Insufficient data
2025-10-07 11:07:47,227 - kite_client - ERROR - Failed to get historical data: Incorrect `api_key` or `access_token`.
2025-10-07 11:07:47,235 - trading_strategies - WARNING - Analysis failed for NSE:HDFCBANK: Insufficient data
2025-10-07 11:07:48,011 - kite_client - ERROR - Failed to get historical data: Incorrect `api_key` or `access_token`.
2025-10-07 11:07:48,016 - trading_strategies - WARNING - Analysis failed for NSE:INFY: Insufficient data
2025-10-07 11:07:48,859 - kite_client - ERROR - Failed to get historical data: Incorrect `api_key` or `access_token`.
2025-10-07 11:07:48,868 - trading_strategies - WARNING - Analysis failed for NSE:HINDUNILVR: Insufficient data
2025-10-07 11:07:49,602 - kite_client - ERROR - Failed to get historical data: Incorrect `api_key` or `access_token`.
2025-10-07 11:07:49,609 - trading_strategies - WARNING - Analysis failed for NSE:ITC: Insufficient data
2025-10-07 11:07:50,290 - kite_client - ERROR - Failed to get historical data: Incorrect `api_key` or `access_token`.
2025-10-07 11:07:50,294 - trading_strategies - WARNING - Analysis failed for NSE:KOTAKBANK: Insufficient data
2025-10-07 11:07:50,973 - kite_client - ERROR - Failed to get historical data: Incorrect `api_key` or `access_token`.
2025-10-07 11:07:50,979 - trading_strategies - WARNING - Analysis failed for NSE:LT: Insufficient data
2025-10-07 11:07:51,724 - kite_client - ERROR - Failed to get historical data: Incorrect `api_key` or `access_token`.
2025-10-07 11:07:51,733 - trading_strategies - WARNING - Analysis failed for NSE:SBIN: Insufficient data
2025-10-07 11:07:52,445 - kite_client - ERROR - Failed to get historical data: Incorrect `api_key` or `access_token`.
2025-10-07 11:07:52,450 - trading_strategies - WARNING - Analysis failed for NSE:BHARTIARTL: Insufficient data
2025-10-07 11:07:52,741 - kite_client - ERROR - Failed to get positions: Incorrect `api_key` or `access_token`.
2025-10-07 11:07:53,064 - kite_client - ERROR - Failed to get positions: Incorrect `api_key` or `access_token`.
2025-10-07 11:07:53,367 - kite_client - ERROR - Failed to get holdings: Incorrect `api_key` or `access_token`.
2025-10-07 11:07:53,680 - kite_client - ERROR - Failed to get margins: Incorrect `api_key` or `access_token`.
2025-10-07 11:07:53,681 - __main__ - INFO - Portfolio rebalancing suggestions:
2025-10-07 11:07:53,681 - __main__ - INFO -   - {'type': 'diversify', 'current_positions': 0, 'suggested_positions': 8, 'reason': 'Portfolio under-diversified'}
2025-10-07 11:07:53,681 - __main__ - INFO - Trading cycle completed
2025-10-07 11:25:36,593 - __main__ - INFO - Starting trading cycle...
2025-10-07 11:25:43,602 - kite_client - ERROR - Failed to get positions: HTTPSConnectionPool(host='api.kite.trade', port=443): Read timed out. (read timeout=7)
2025-10-07 11:25:44,113 - kite_client - ERROR - Failed to get holdings: Incorrect `api_key` or `access_token`.
2025-10-07 11:25:44,575 - kite_client - ERROR - Failed to get margins: Incorrect `api_key` or `access_token`.
2025-10-07 11:25:44,878 - kite_client - ERROR - Failed to get positions: Incorrect `api_key` or `access_token`.
2025-10-07 11:25:45,211 - kite_client - ERROR - Failed to get holdings: Incorrect `api_key` or `access_token`.
2025-10-07 11:25:45,507 - kite_client - ERROR - Failed to get margins: Incorrect `api_key` or `access_token`.
2025-10-07 11:25:45,508 - __main__ - INFO - Portfolio value: ₹0.00
2025-10-07 11:25:45,508 - __main__ - INFO - Day PnL: ₹0.00
2025-10-07 11:25:46,450 - kite_client - ERROR - Failed to get historical data: Incorrect `api_key` or `access_token`.
2025-10-07 11:25:46,458 - trading_strategies - WARNING - Analysis failed for NSE:RELIANCE: Insufficient data
2025-10-07 11:25:47,685 - kite_client - ERROR - Failed to get historical data: Incorrect `api_key` or `access_token`.
2025-10-07 11:25:47,693 - trading_strategies - WARNING - Analysis failed for NSE:TCS: Insufficient data
2025-10-07 11:25:48,460 - kite_client - ERROR - Failed to get historical data: Incorrect `api_key` or `access_token`.
2025-10-07 11:25:48,466 - trading_strategies - WARNING - Analysis failed for NSE:HDFCBANK: Insufficient data
2025-10-07 11:25:49,295 - kite_client - ERROR - Failed to get historical data: Incorrect `api_key` or `access_token`.
2025-10-07 11:25:49,301 - trading_strategies - WARNING - Analysis failed for NSE:INFY: Insufficient data
2025-10-07 11:25:50,314 - kite_client - ERROR - Failed to get historical data: Incorrect `api_key` or `access_token`.
2025-10-07 11:25:50,323 - trading_strategies - WARNING - Analysis failed for NSE:HINDUNILVR: Insufficient data
2025-10-07 11:25:51,539 - kite_client - ERROR - Failed to get historical data: Incorrect `api_key` or `access_token`.
2025-10-07 11:25:51,545 - trading_strategies - WARNING - Analysis failed for NSE:ITC: Insufficient data
2025-10-07 11:25:53,253 - kite_client - ERROR - Failed to get historical data: Incorrect `api_key` or `access_token`.
2025-10-07 11:25:53,261 - trading_strategies - WARNING - Analysis failed for NSE:KOTAKBANK: Insufficient data
2025-10-07 11:25:54,103 - kite_client - ERROR - Failed to get historical data: Incorrect `api_key` or `access_token`.
2025-10-07 11:25:54,111 - trading_strategies - WARNING - Analysis failed for NSE:LT: Insufficient data
2025-10-07 11:25:55,942 - kite_client - ERROR - Failed to get historical data: Incorrect `api_key` or `access_token`.
2025-10-07 11:25:55,948 - trading_strategies - WARNING - Analysis failed for NSE:SBIN: Insufficient data
2025-10-07 11:25:57,052 - kite_client - ERROR - Failed to get historical data: Incorrect `api_key` or `access_token`.
2025-10-07 11:25:57,058 - trading_strategies - WARNING - Analysis failed for NSE:BHARTIARTL: Insufficient data
2025-10-07 11:25:57,360 - kite_client - ERROR - Failed to get positions: Incorrect `api_key` or `access_token`.
2025-10-07 11:25:57,751 - kite_client - ERROR - Failed to get positions: Incorrect `api_key` or `access_token`.
2025-10-07 11:25:58,083 - kite_client - ERROR - Failed to get holdings: Incorrect `api_key` or `access_token`.
2025-10-07 11:25:58,419 - kite_client - ERROR - Failed to get margins: Incorrect `api_key` or `access_token`.
2025-10-07 11:25:58,419 - __main__ - INFO - Portfolio rebalancing suggestions:
2025-10-07 11:25:58,419 - __main__ - INFO -   - {'type': 'diversify', 'current_positions': 0, 'suggested_positions': 8, 'reason': 'Portfolio under-diversified'}
2025-10-07 11:25:58,419 - __main__ - INFO - Trading cycle completed
2025-10-07 11:41:58,369 - __main__ - INFO - Starting trading cycle...
2025-10-07 11:42:05,375 - kite_client - ERROR - Failed to get positions: HTTPSConnectionPool(host='api.kite.trade', port=443): Read timed out. (read timeout=7)
2025-10-07 11:42:06,801 - kite_client - ERROR - Failed to get holdings: Incorrect `api_key` or `access_token`.
2025-10-07 11:42:07,893 - kite_client - ERROR - Failed to get margins: Incorrect `api_key` or `access_token`.
2025-10-07 11:42:08,260 - kite_client - ERROR - Failed to get positions: Incorrect `api_key` or `access_token`.
2025-10-07 11:42:08,642 - kite_client - ERROR - Failed to get holdings: Incorrect `api_key` or `access_token`.
2025-10-07 11:42:09,054 - kite_client - ERROR - Failed to get margins: Incorrect `api_key` or `access_token`.
2025-10-07 11:42:09,054 - __main__ - INFO - Portfolio value: ₹0.00
2025-10-07 11:42:09,054 - __main__ - INFO - Day PnL: ₹0.00
2025-10-07 11:42:10,006 - kite_client - ERROR - Failed to get historical data: Incorrect `api_key` or `access_token`.
2025-10-07 11:42:10,011 - trading_strategies - WARNING - Analysis failed for NSE:RELIANCE: Insufficient data
2025-10-07 11:42:11,094 - kite_client - ERROR - Failed to get historical data: Incorrect `api_key` or `access_token`.
2025-10-07 11:42:11,100 - trading_strategies - WARNING - Analysis failed for NSE:TCS: Insufficient data
2025-10-07 11:42:12,524 - kite_client - ERROR - Failed to get historical data: Incorrect `api_key` or `access_token`.
2025-10-07 11:42:12,530 - trading_strategies - WARNING - Analysis failed for NSE:HDFCBANK: Insufficient data
2025-10-07 11:42:14,968 - kite_client - ERROR - Failed to get historical data: Incorrect `api_key` or `access_token`.
2025-10-07 11:42:14,973 - trading_strategies - WARNING - Analysis failed for NSE:INFY: Insufficient data
2025-10-07 11:42:16,887 - kite_client - ERROR - Failed to get historical data: Incorrect `api_key` or `access_token`.
2025-10-07 11:42:16,893 - trading_strategies - WARNING - Analysis failed for NSE:HINDUNILVR: Insufficient data
2025-10-07 11:42:18,652 - kite_client - ERROR - Failed to get historical data: Incorrect `api_key` or `access_token`.
2025-10-07 11:42:18,659 - trading_strategies - WARNING - Analysis failed for NSE:ITC: Insufficient data
2025-10-07 11:42:21,010 - kite_client - ERROR - Failed to get historical data: Incorrect `api_key` or `access_token`.
2025-10-07 11:42:21,015 - trading_strategies - WARNING - Analysis failed for NSE:KOTAKBANK: Insufficient data
2025-10-07 11:42:23,547 - kite_client - ERROR - Failed to get historical data: Incorrect `api_key` or `access_token`.
2025-10-07 11:42:23,553 - trading_strategies - WARNING - Analysis failed for NSE:LT: Insufficient data
2025-10-07 11:42:28,805 - kite_client - ERROR - Failed to get historical data: Incorrect `api_key` or `access_token`.
2025-10-07 11:42:28,810 - trading_strategies - WARNING - Analysis failed for NSE:SBIN: Insufficient data
2025-10-07 11:42:30,761 - kite_client - ERROR - Failed to get historical data: Incorrect `api_key` or `access_token`.
2025-10-07 11:42:30,769 - trading_strategies - WARNING - Analysis failed for NSE:BHARTIARTL: Insufficient data
2025-10-07 11:42:31,170 - kite_client - ERROR - Failed to get positions: Incorrect `api_key` or `access_token`.
2025-10-07 11:42:31,579 - kite_client - ERROR - Failed to get positions: Incorrect `api_key` or `access_token`.
2025-10-07 11:42:31,880 - kite_client - ERROR - Failed to get holdings: Incorrect `api_key` or `access_token`.
2025-10-07 11:42:32,375 - kite_client - ERROR - Failed to get margins: Incorrect `api_key` or `access_token`.
2025-10-07 11:42:32,375 - __main__ - INFO - Portfolio rebalancing suggestions:
2025-10-07 11:42:32,375 - __main__ - INFO -   - {'type': 'diversify', 'current_positions': 0, 'suggested_positions': 8, 'reason': 'Portfolio under-diversified'}
2025-10-07 11:42:32,376 - __main__ - INFO - Trading cycle completed
2025-10-07 11:54:38,689 - __main__ - INFO - Starting trading cycle...
2025-10-07 12:11:41,158 - kite_client - ERROR - Failed to get positions: HTTPSConnectionPool(host='api.kite.trade', port=443): Read timed out. (read timeout=7)
2025-10-07 12:11:42,174 - kite_client - ERROR - Failed to get holdings: Incorrect `api_key` or `access_token`.
2025-10-07 12:11:42,638 - kite_client - ERROR - Failed to get margins: Incorrect `api_key` or `access_token`.
2025-10-07 12:11:42,929 - kite_client - ERROR - Failed to get positions: Incorrect `api_key` or `access_token`.
2025-10-07 12:11:43,225 - kite_client - ERROR - Failed to get holdings: Incorrect `api_key` or `access_token`.
2025-10-07 12:11:43,560 - kite_client - ERROR - Failed to get margins: Incorrect `api_key` or `access_token`.
2025-10-07 12:11:43,561 - __main__ - INFO - Portfolio value: ₹0.00
2025-10-07 12:11:43,561 - __main__ - INFO - Day PnL: ₹0.00
2025-10-07 12:11:44,310 - kite_client - ERROR - Failed to get historical data: Incorrect `api_key` or `access_token`.
2025-10-07 12:11:44,316 - trading_strategies - WARNING - Analysis failed for NSE:RELIANCE: Insufficient data
2025-10-07 12:11:45,025 - kite_client - ERROR - Failed to get historical data: Incorrect `api_key` or `access_token`.
2025-10-07 12:11:45,030 - trading_strategies - WARNING - Analysis failed for NSE:TCS: Insufficient data
2025-10-07 12:11:45,715 - kite_client - ERROR - Failed to get historical data: Incorrect `api_key` or `access_token`.
2025-10-07 12:11:45,723 - trading_strategies - WARNING - Analysis failed for NSE:HDFCBANK: Insufficient data
2025-10-07 12:11:46,382 - kite_client - ERROR - Failed to get historical data: Incorrect `api_key` or `access_token`.
2025-10-07 12:11:46,388 - trading_strategies - WARNING - Analysis failed for NSE:INFY: Insufficient data
2025-10-07 12:11:47,065 - kite_client - ERROR - Failed to get historical data: Incorrect `api_key` or `access_token`.
2025-10-07 12:11:47,069 - trading_strategies - WARNING - Analysis failed for NSE:HINDUNILVR: Insufficient data
2025-10-07 12:11:47,746 - kite_client - ERROR - Failed to get historical data: Incorrect `api_key` or `access_token`.
2025-10-07 12:11:47,750 - trading_strategies - WARNING - Analysis failed for NSE:ITC: Insufficient data
2025-10-07 12:11:49,891 - kite_client - ERROR - Failed to get historical data: Incorrect `api_key` or `access_token`.
2025-10-07 12:11:49,896 - trading_strategies - WARNING - Analysis failed for NSE:KOTAKBANK: Insufficient data
2025-10-07 12:11:50,578 - kite_client - ERROR - Failed to get historical data: Incorrect `api_key` or `access_token`.
2025-10-07 12:11:50,586 - trading_strategies - WARNING - Analysis failed for NSE:LT: Insufficient data
2025-10-07 12:11:51,348 - kite_client - ERROR - Failed to get historical data: Incorrect `api_key` or `access_token`.
2025-10-07 12:11:51,356 - trading_strategies - WARNING - Analysis failed for NSE:SBIN: Insufficient data
2025-10-07 12:11:52,131 - kite_client - ERROR - Failed to get historical data: Incorrect `api_key` or `access_token`.
2025-10-07 12:11:52,139 - trading_strategies - WARNING - Analysis failed for NSE:BHARTIARTL: Insufficient data
2025-10-07 12:11:52,463 - kite_client - ERROR - Failed to get positions: Incorrect `api_key` or `access_token`.
2025-10-07 12:11:52,778 - kite_client - ERROR - Failed to get positions: Incorrect `api_key` or `access_token`.
2025-10-07 12:11:53,085 - kite_client - ERROR - Failed to get holdings: Incorrect `api_key` or `access_token`.
2025-10-07 12:11:53,416 - kite_client - ERROR - Failed to get margins: Incorrect `api_key` or `access_token`.
2025-10-07 12:11:53,417 - __main__ - INFO - Portfolio rebalancing suggestions:
2025-10-07 12:11:53,417 - __main__ - INFO -   - {'type': 'diversify', 'current_positions': 0, 'suggested_positions': 8, 'reason': 'Portfolio under-diversified'}
2025-10-07 12:11:53,417 - __main__ - INFO - Trading cycle completed
2025-10-07 12:21:22,763 - __main__ - INFO - Starting trading cycle...
2025-10-07 12:21:29,769 - kite_client - ERROR - Failed to get positions: HTTPSConnectionPool(host='api.kite.trade', port=443): Read timed out. (read timeout=7)
2025-10-07 12:21:31,014 - kite_client - ERROR - Failed to get holdings: Incorrect `api_key` or `access_token`.
2025-10-07 12:21:31,317 - kite_client - ERROR - Failed to get margins: Incorrect `api_key` or `access_token`.
2025-10-07 12:21:31,710 - kite_client - ERROR - Failed to get positions: Incorrect `api_key` or `access_token`.
2025-10-07 12:21:32,021 - kite_client - ERROR - Failed to get holdings: Incorrect `api_key` or `access_token`.
2025-10-07 12:21:32,363 - kite_client - ERROR - Failed to get margins: Incorrect `api_key` or `access_token`.
2025-10-07 12:21:32,363 - __main__ - INFO - Portfolio value: ₹0.00
2025-10-07 12:21:32,363 - __main__ - INFO - Day PnL: ₹0.00
2025-10-07 12:21:33,105 - kite_client - ERROR - Failed to get historical data: Incorrect `api_key` or `access_token`.
2025-10-07 12:21:33,107 - trading_strategies - WARNING - Analysis failed for NSE:RELIANCE: Insufficient data
2025-10-07 12:21:35,058 - kite_client - ERROR - Failed to get historical data: Incorrect `api_key` or `access_token`.
2025-10-07 12:21:35,063 - trading_strategies - WARNING - Analysis failed for NSE:TCS: Insufficient data
2025-10-07 12:21:54,684 - kite_client - ERROR - Failed to get instruments: HTTPSConnectionPool(host='api.kite.trade', port=443): Read timed out. (read timeout=7)
2025-10-07 12:21:54,685 - trading_strategies - WARNING - Analysis failed for NSE:HDFCBANK: Insufficient data
2025-10-07 12:21:54,689 - kite_client - ERROR - Failed to get instruments: HTTPSConnectionPool(host='api.kite.trade', port=443): Max retries exceeded with url: /instruments/NSE (Caused by NameResolutionError("<urllib3.connection.HTTPSConnection object at 0x12020d310>: Failed to resolve 'api.kite.trade' ([Errno 8] nodename nor servname provided, or not known)"))
2025-10-07 12:21:54,689 - trading_strategies - WARNING - Analysis failed for NSE:INFY: Insufficient data
2025-10-07 12:21:54,692 - kite_client - ERROR - Failed to get instruments: HTTPSConnectionPool(host='api.kite.trade', port=443): Max retries exceeded with url: /instruments/NSE (Caused by NameResolutionError("<urllib3.connection.HTTPSConnection object at 0x12020e710>: Failed to resolve 'api.kite.trade' ([Errno 8] nodename nor servname provided, or not known)"))
2025-10-07 12:21:54,692 - trading_strategies - WARNING - Analysis failed for NSE:HINDUNILVR: Insufficient data
2025-10-07 12:21:54,695 - kite_client - ERROR - Failed to get instruments: HTTPSConnectionPool(host='api.kite.trade', port=443): Max retries exceeded with url: /instruments/NSE (Caused by NameResolutionError("<urllib3.connection.HTTPSConnection object at 0x12020ed50>: Failed to resolve 'api.kite.trade' ([Errno 8] nodename nor servname provided, or not known)"))
2025-10-07 12:21:54,695 - trading_strategies - WARNING - Analysis failed for NSE:ITC: Insufficient data
2025-10-07 12:21:54,697 - kite_client - ERROR - Failed to get instruments: HTTPSConnectionPool(host='api.kite.trade', port=443): Max retries exceeded with url: /instruments/NSE (Caused by NameResolutionError("<urllib3.connection.HTTPSConnection object at 0x12020f110>: Failed to resolve 'api.kite.trade' ([Errno 8] nodename nor servname provided, or not known)"))
2025-10-07 12:21:54,697 - trading_strategies - WARNING - Analysis failed for NSE:KOTAKBANK: Insufficient data
2025-10-07 12:21:54,700 - kite_client - ERROR - Failed to get instruments: HTTPSConnectionPool(host='api.kite.trade', port=443): Max retries exceeded with url: /instruments/NSE (Caused by NameResolutionError("<urllib3.connection.HTTPSConnection object at 0x12020f390>: Failed to resolve 'api.kite.trade' ([Errno 8] nodename nor servname provided, or not known)"))
2025-10-07 12:21:54,700 - trading_strategies - WARNING - Analysis failed for NSE:LT: Insufficient data
2025-10-07 12:21:54,702 - kite_client - ERROR - Failed to get instruments: HTTPSConnectionPool(host='api.kite.trade', port=443): Max retries exceeded with url: /instruments/NSE (Caused by NameResolutionError("<urllib3.connection.HTTPSConnection object at 0x12020fed0>: Failed to resolve 'api.kite.trade' ([Errno 8] nodename nor servname provided, or not known)"))
2025-10-07 12:21:54,702 - trading_strategies - WARNING - Analysis failed for NSE:SBIN: Insufficient data
2025-10-07 12:21:54,704 - kite_client - ERROR - Failed to get instruments: HTTPSConnectionPool(host='api.kite.trade', port=443): Max retries exceeded with url: /instruments/NSE (Caused by NameResolutionError("<urllib3.connection.HTTPSConnection object at 0x12020fd90>: Failed to resolve 'api.kite.trade' ([Errno 8] nodename nor servname provided, or not known)"))
2025-10-07 12:21:54,705 - trading_strategies - WARNING - Analysis failed for NSE:BHARTIARTL: Insufficient data
2025-10-07 12:21:54,707 - kite_client - ERROR - Failed to get positions: HTTPSConnectionPool(host='api.kite.trade', port=443): Max retries exceeded with url: /portfolio/positions (Caused by NameResolutionError("<urllib3.connection.HTTPSConnection object at 0x120290190>: Failed to resolve 'api.kite.trade' ([Errno 8] nodename nor servname provided, or not known)"))
2025-10-07 12:21:54,709 - kite_client - ERROR - Failed to get positions: HTTPSConnectionPool(host='api.kite.trade', port=443): Max retries exceeded with url: /portfolio/positions (Caused by NameResolutionError("<urllib3.connection.HTTPSConnection object at 0x120290690>: Failed to resolve 'api.kite.trade' ([Errno 8] nodename nor servname provided, or not known)"))
2025-10-07 12:21:54,711 - kite_client - ERROR - Failed to get holdings: HTTPSConnectionPool(host='api.kite.trade', port=443): Max retries exceeded with url: /portfolio/holdings (Caused by NameResolutionError("<urllib3.connection.HTTPSConnection object at 0x120290a50>: Failed to resolve 'api.kite.trade' ([Errno 8] nodename nor servname provided, or not known)"))
2025-10-07 12:21:54,714 - kite_client - ERROR - Failed to get margins: HTTPSConnectionPool(host='api.kite.trade', port=443): Max retries exceeded with url: /user/margins (Caused by NameResolutionError("<urllib3.connection.HTTPSConnection object at 0x120290e10>: Failed to resolve 'api.kite.trade' ([Errno 8] nodename nor servname provided, or not known)"))
2025-10-07 12:21:54,714 - __main__ - INFO - Portfolio rebalancing suggestions:
2025-10-07 12:21:54,714 - __main__ - INFO -   - {'type': 'diversify', 'current_positions': 0, 'suggested_positions': 8, 'reason': 'Portfolio under-diversified'}
2025-10-07 12:21:54,714 - __main__ - INFO - Trading cycle completed
2025-10-07 12:26:55,109 - __main__ - INFO - Starting trading cycle...
2025-10-07 12:26:56,677 - kite_client - ERROR - Failed to get positions: Incorrect `api_key` or `access_token`.
2025-10-07 12:26:56,965 - kite_client - ERROR - Failed to get holdings: Incorrect `api_key` or `access_token`.
2025-10-07 12:26:57,251 - kite_client - ERROR - Failed to get margins: Incorrect `api_key` or `access_token`.
2025-10-07 12:26:57,547 - kite_client - ERROR - Failed to get positions: Incorrect `api_key` or `access_token`.
2025-10-07 12:26:57,854 - kite_client - ERROR - Failed to get holdings: Incorrect `api_key` or `access_token`.
2025-10-07 12:26:58,150 - kite_client - ERROR - Failed to get margins: Incorrect `api_key` or `access_token`.
2025-10-07 12:26:58,150 - __main__ - INFO - Portfolio value: ₹0.00
2025-10-07 12:26:58,150 - __main__ - INFO - Day PnL: ₹0.00
2025-10-07 12:26:59,019 - kite_client - ERROR - Failed to get historical data: Incorrect `api_key` or `access_token`.
2025-10-07 12:26:59,025 - trading_strategies - WARNING - Analysis failed for NSE:RELIANCE: Insufficient data
2025-10-07 12:26:59,869 - kite_client - ERROR - Failed to get historical data: Incorrect `api_key` or `access_token`.
2025-10-07 12:26:59,875 - trading_strategies - WARNING - Analysis failed for NSE:TCS: Insufficient data
2025-10-07 12:27:00,591 - kite_client - ERROR - Failed to get historical data: Incorrect `api_key` or `access_token`.
2025-10-07 12:27:00,596 - trading_strategies - WARNING - Analysis failed for NSE:HDFCBANK: Insufficient data
2025-10-07 12:27:01,349 - kite_client - ERROR - Failed to get historical data: Incorrect `api_key` or `access_token`.
2025-10-07 12:27:01,355 - trading_strategies - WARNING - Analysis failed for NSE:INFY: Insufficient data
2025-10-07 12:27:02,075 - kite_client - ERROR - Failed to get historical data: Incorrect `api_key` or `access_token`.
2025-10-07 12:27:02,081 - trading_strategies - WARNING - Analysis failed for NSE:HINDUNILVR: Insufficient data
2025-10-07 12:27:03,042 - kite_client - ERROR - Failed to get historical data: Incorrect `api_key` or `access_token`.
2025-10-07 12:27:03,048 - trading_strategies - WARNING - Analysis failed for NSE:ITC: Insufficient data
2025-10-07 12:27:03,839 - kite_client - ERROR - Failed to get historical data: Incorrect `api_key` or `access_token`.
2025-10-07 12:27:03,848 - trading_strategies - WARNING - Analysis failed for NSE:KOTAKBANK: Insufficient data
2025-10-07 12:27:04,557 - kite_client - ERROR - Failed to get historical data: Incorrect `api_key` or `access_token`.
2025-10-07 12:27:04,563 - trading_strategies - WARNING - Analysis failed for NSE:LT: Insufficient data
2025-10-07 12:27:05,359 - kite_client - ERROR - Failed to get historical data: Incorrect `api_key` or `access_token`.
2025-10-07 12:27:05,367 - trading_strategies - WARNING - Analysis failed for NSE:SBIN: Insufficient data
2025-10-07 12:27:06,078 - kite_client - ERROR - Failed to get historical data: Incorrect `api_key` or `access_token`.
2025-10-07 12:27:06,086 - trading_strategies - WARNING - Analysis failed for NSE:BHARTIARTL: Insufficient data
2025-10-07 12:27:06,425 - kite_client - ERROR - Failed to get positions: Incorrect `api_key` or `access_token`.
2025-10-07 12:27:07,444 - kite_client - ERROR - Failed to get positions: Incorrect `api_key` or `access_token`.
2025-10-07 12:27:08,082 - kite_client - ERROR - Failed to get holdings: Incorrect `api_key` or `access_token`.
2025-10-07 12:27:08,365 - kite_client - ERROR - Failed to get margins: Incorrect `api_key` or `access_token`.
2025-10-07 12:27:08,365 - __main__ - INFO - Portfolio rebalancing suggestions:
2025-10-07 12:27:08,365 - __main__ - INFO -   - {'type': 'diversify', 'current_positions': 0, 'suggested_positions': 8, 'reason': 'Portfolio under-diversified'}
2025-10-07 12:27:08,366 - __main__ - INFO - Trading cycle completed
2025-10-07 12:32:08,581 - __main__ - INFO - Starting trading cycle...
2025-10-07 12:32:08,937 - kite_client - ERROR - Failed to get positions: Incorrect `api_key` or `access_token`.
2025-10-07 12:32:09,255 - kite_client - ERROR - Failed to get holdings: Incorrect `api_key` or `access_token`.
2025-10-07 12:32:09,546 - kite_client - ERROR - Failed to get margins: Incorrect `api_key` or `access_token`.
2025-10-07 12:32:09,927 - kite_client - ERROR - Failed to get positions: Incorrect `api_key` or `access_token`.
2025-10-07 12:32:10,234 - kite_client - ERROR - Failed to get holdings: Incorrect `api_key` or `access_token`.
2025-10-07 12:32:10,601 - kite_client - ERROR - Failed to get margins: Incorrect `api_key` or `access_token`.
2025-10-07 12:32:10,602 - __main__ - INFO - Portfolio value: ₹0.00
2025-10-07 12:32:10,602 - __main__ - INFO - Day PnL: ₹0.00
2025-10-07 12:32:11,390 - kite_client - ERROR - Failed to get historical data: Incorrect `api_key` or `access_token`.
2025-10-07 12:32:11,396 - trading_strategies - WARNING - Analysis failed for NSE:RELIANCE: Insufficient data
2025-10-07 12:32:12,180 - kite_client - ERROR - Failed to get historical data: Incorrect `api_key` or `access_token`.
2025-10-07 12:32:12,187 - trading_strategies - WARNING - Analysis failed for NSE:TCS: Insufficient data
2025-10-07 12:32:13,069 - kite_client - ERROR - Failed to get historical data: Incorrect `api_key` or `access_token`.
2025-10-07 12:32:13,074 - trading_strategies - WARNING - Analysis failed for NSE:HDFCBANK: Insufficient data
2025-10-07 12:32:13,850 - kite_client - ERROR - Failed to get historical data: Incorrect `api_key` or `access_token`.
2025-10-07 12:32:13,855 - trading_strategies - WARNING - Analysis failed for NSE:INFY: Insufficient data
2025-10-07 12:32:14,609 - kite_client - ERROR - Failed to get historical data: Incorrect `api_key` or `access_token`.
2025-10-07 12:32:14,615 - trading_strategies - WARNING - Analysis failed for NSE:HINDUNILVR: Insufficient data
2025-10-07 12:32:15,498 - kite_client - ERROR - Failed to get historical data: Incorrect `api_key` or `access_token`.
2025-10-07 12:32:15,502 - trading_strategies - WARNING - Analysis failed for NSE:ITC: Insufficient data
2025-10-07 12:32:16,459 - kite_client - ERROR - Failed to get historical data: Incorrect `api_key` or `access_token`.
2025-10-07 12:32:16,465 - trading_strategies - WARNING - Analysis failed for NSE:KOTAKBANK: Insufficient data
2025-10-07 12:32:17,476 - kite_client - ERROR - Failed to get historical data: Incorrect `api_key` or `access_token`.
2025-10-07 12:32:17,482 - trading_strategies - WARNING - Analysis failed for NSE:LT: Insufficient data
2025-10-07 12:32:18,300 - kite_client - ERROR - Failed to get historical data: Incorrect `api_key` or `access_token`.
2025-10-07 12:32:18,306 - trading_strategies - WARNING - Analysis failed for NSE:SBIN: Insufficient data
2025-10-07 12:32:19,091 - kite_client - ERROR - Failed to get historical data: Incorrect `api_key` or `access_token`.
2025-10-07 12:32:19,099 - trading_strategies - WARNING - Analysis failed for NSE:BHARTIARTL: Insufficient data
2025-10-07 12:32:19,427 - kite_client - ERROR - Failed to get positions: Incorrect `api_key` or `access_token`.
2025-10-07 12:32:19,796 - kite_client - ERROR - Failed to get positions: Incorrect `api_key` or `access_token`.
2025-10-07 12:32:20,089 - kite_client - ERROR - Failed to get holdings: Incorrect `api_key` or `access_token`.
2025-10-07 12:32:20,452 - kite_client - ERROR - Failed to get margins: Incorrect `api_key` or `access_token`.
2025-10-07 12:32:20,453 - __main__ - INFO - Portfolio rebalancing suggestions:
2025-10-07 12:32:20,453 - __main__ - INFO -   - {'type': 'diversify', 'current_positions': 0, 'suggested_positions': 8, 'reason': 'Portfolio under-diversified'}
2025-10-07 12:32:20,453 - __main__ - INFO - Trading cycle completed
2025-10-07 12:37:20,676 - __main__ - INFO - Starting trading cycle...
2025-10-07 12:37:20,988 - kite_client - ERROR - Failed to get positions: Incorrect `api_key` or `access_token`.
2025-10-07 12:37:21,293 - kite_client - ERROR - Failed to get holdings: Incorrect `api_key` or `access_token`.
2025-10-07 12:37:21,573 - kite_client - ERROR - Failed to get margins: Incorrect `api_key` or `access_token`.
2025-10-07 12:37:21,874 - kite_client - ERROR - Failed to get positions: Incorrect `api_key` or `access_token`.
2025-10-07 12:37:22,175 - kite_client - ERROR - Failed to get holdings: Incorrect `api_key` or `access_token`.
2025-10-07 12:37:22,473 - kite_client - ERROR - Failed to get margins: Incorrect `api_key` or `access_token`.
2025-10-07 12:37:22,473 - __main__ - INFO - Portfolio value: ₹0.00
2025-10-07 12:37:22,474 - __main__ - INFO - Day PnL: ₹0.00
2025-10-07 12:37:23,244 - kite_client - ERROR - Failed to get historical data: Incorrect `api_key` or `access_token`.
2025-10-07 12:37:23,250 - trading_strategies - WARNING - Analysis failed for NSE:RELIANCE: Insufficient data
2025-10-07 12:37:24,115 - kite_client - ERROR - Failed to get historical data: Incorrect `api_key` or `access_token`.
2025-10-07 12:37:24,122 - trading_strategies - WARNING - Analysis failed for NSE:TCS: Insufficient data
2025-10-07 12:37:25,592 - kite_client - ERROR - Failed to get historical data: Incorrect `api_key` or `access_token`.
2025-10-07 12:37:25,598 - trading_strategies - WARNING - Analysis failed for NSE:HDFCBANK: Insufficient data
2025-10-07 12:37:26,412 - kite_client - ERROR - Failed to get historical data: Incorrect `api_key` or `access_token`.
2025-10-07 12:37:26,418 - trading_strategies - WARNING - Analysis failed for NSE:INFY: Insufficient data
2025-10-07 12:37:27,163 - kite_client - ERROR - Failed to get historical data: Incorrect `api_key` or `access_token`.
2025-10-07 12:37:27,169 - trading_strategies - WARNING - Analysis failed for NSE:HINDUNILVR: Insufficient data
2025-10-07 12:37:27,900 - kite_client - ERROR - Failed to get historical data: Incorrect `api_key` or `access_token`.
2025-10-07 12:37:27,908 - trading_strategies - WARNING - Analysis failed for NSE:ITC: Insufficient data
2025-10-07 12:37:28,699 - kite_client - ERROR - Failed to get historical data: Incorrect `api_key` or `access_token`.
2025-10-07 12:37:28,705 - trading_strategies - WARNING - Analysis failed for NSE:KOTAKBANK: Insufficient data
2025-10-07 12:37:29,533 - kite_client - ERROR - Failed to get historical data: Incorrect `api_key` or `access_token`.
2025-10-07 12:37:29,538 - trading_strategies - WARNING - Analysis failed for NSE:LT: Insufficient data
2025-10-07 12:37:30,423 - kite_client - ERROR - Failed to get historical data: Incorrect `api_key` or `access_token`.
2025-10-07 12:37:30,431 - trading_strategies - WARNING - Analysis failed for NSE:SBIN: Insufficient data
2025-10-07 12:37:31,455 - kite_client - ERROR - Failed to get historical data: Incorrect `api_key` or `access_token`.
2025-10-07 12:37:31,461 - trading_strategies - WARNING - Analysis failed for NSE:BHARTIARTL: Insufficient data
2025-10-07 12:37:31,769 - kite_client - ERROR - Failed to get positions: Incorrect `api_key` or `access_token`.
2025-10-07 12:37:32,098 - kite_client - ERROR - Failed to get positions: Incorrect `api_key` or `access_token`.
2025-10-07 12:37:32,413 - kite_client - ERROR - Failed to get holdings: Incorrect `api_key` or `access_token`.
2025-10-07 12:37:32,690 - kite_client - ERROR - Failed to get margins: Incorrect `api_key` or `access_token`.
2025-10-07 12:37:32,691 - __main__ - INFO - Portfolio rebalancing suggestions:
2025-10-07 12:37:32,691 - __main__ - INFO -   - {'type': 'diversify', 'current_positions': 0, 'suggested_positions': 8, 'reason': 'Portfolio under-diversified'}
2025-10-07 12:37:32,691 - __main__ - INFO - Trading cycle completed
2025-10-07 12:42:33,510 - __main__ - INFO - Starting trading cycle...
2025-10-07 12:42:33,849 - kite_client - ERROR - Failed to get positions: Incorrect `api_key` or `access_token`.
2025-10-07 12:42:34,222 - kite_client - ERROR - Failed to get holdings: Incorrect `api_key` or `access_token`.
2025-10-07 12:42:34,527 - kite_client - ERROR - Failed to get margins: Incorrect `api_key` or `access_token`.
2025-10-07 12:42:34,825 - kite_client - ERROR - Failed to get positions: Incorrect `api_key` or `access_token`.
2025-10-07 12:42:35,130 - kite_client - ERROR - Failed to get holdings: Incorrect `api_key` or `access_token`.
2025-10-07 12:42:35,454 - kite_client - ERROR - Failed to get margins: Incorrect `api_key` or `access_token`.
2025-10-07 12:42:35,455 - __main__ - INFO - Portfolio value: ₹0.00
2025-10-07 12:42:35,455 - __main__ - INFO - Day PnL: ₹0.00
2025-10-07 12:42:36,199 - kite_client - ERROR - Failed to get historical data: Incorrect `api_key` or `access_token`.
2025-10-07 12:42:36,206 - trading_strategies - WARNING - Analysis failed for NSE:RELIANCE: Insufficient data
2025-10-07 12:42:36,885 - kite_client - ERROR - Failed to get historical data: Incorrect `api_key` or `access_token`.
2025-10-07 12:42:36,891 - trading_strategies - WARNING - Analysis failed for NSE:TCS: Insufficient data
2025-10-07 12:42:37,593 - kite_client - ERROR - Failed to get historical data: Incorrect `api_key` or `access_token`.
2025-10-07 12:42:37,598 - trading_strategies - WARNING - Analysis failed for NSE:HDFCBANK: Insufficient data
2025-10-07 12:42:38,525 - kite_client - ERROR - Failed to get historical data: Incorrect `api_key` or `access_token`.
2025-10-07 12:42:38,530 - trading_strategies - WARNING - Analysis failed for NSE:INFY: Insufficient data
2025-10-07 12:42:39,230 - kite_client - ERROR - Failed to get historical data: Incorrect `api_key` or `access_token`.
2025-10-07 12:42:39,235 - trading_strategies - WARNING - Analysis failed for NSE:HINDUNILVR: Insufficient data
2025-10-07 12:42:39,949 - kite_client - ERROR - Failed to get historical data: Incorrect `api_key` or `access_token`.
2025-10-07 12:42:39,955 - trading_strategies - WARNING - Analysis failed for NSE:ITC: Insufficient data
2025-10-07 12:42:40,692 - kite_client - ERROR - Failed to get historical data: Incorrect `api_key` or `access_token`.
2025-10-07 12:42:40,698 - trading_strategies - WARNING - Analysis failed for NSE:KOTAKBANK: Insufficient data
2025-10-07 12:42:41,415 - kite_client - ERROR - Failed to get historical data: Incorrect `api_key` or `access_token`.
2025-10-07 12:42:41,421 - trading_strategies - WARNING - Analysis failed for NSE:LT: Insufficient data
2025-10-07 12:42:42,373 - kite_client - ERROR - Failed to get historical data: Incorrect `api_key` or `access_token`.
2025-10-07 12:42:42,379 - trading_strategies - WARNING - Analysis failed for NSE:SBIN: Insufficient data
2025-10-07 12:42:43,093 - kite_client - ERROR - Failed to get historical data: Incorrect `api_key` or `access_token`.
2025-10-07 12:42:43,098 - trading_strategies - WARNING - Analysis failed for NSE:BHARTIARTL: Insufficient data
2025-10-07 12:42:43,438 - kite_client - ERROR - Failed to get positions: Incorrect `api_key` or `access_token`.
2025-10-07 12:42:43,734 - kite_client - ERROR - Failed to get positions: Incorrect `api_key` or `access_token`.
2025-10-07 12:42:44,039 - kite_client - ERROR - Failed to get holdings: Incorrect `api_key` or `access_token`.
2025-10-07 12:42:44,332 - kite_client - ERROR - Failed to get margins: Incorrect `api_key` or `access_token`.
2025-10-07 12:42:44,333 - __main__ - INFO - Portfolio rebalancing suggestions:
2025-10-07 12:42:44,333 - __main__ - INFO -   - {'type': 'diversify', 'current_positions': 0, 'suggested_positions': 8, 'reason': 'Portfolio under-diversified'}
2025-10-07 12:42:44,333 - __main__ - INFO - Trading cycle completed
2025-10-07 12:47:45,212 - __main__ - INFO - Starting trading cycle...
2025-10-07 12:47:45,632 - kite_client - ERROR - Failed to get positions: Incorrect `api_key` or `access_token`.
2025-10-07 12:47:45,949 - kite_client - ERROR - Failed to get holdings: Incorrect `api_key` or `access_token`.
2025-10-07 12:47:46,254 - kite_client - ERROR - Failed to get margins: Incorrect `api_key` or `access_token`.
2025-10-07 12:47:46,546 - kite_client - ERROR - Failed to get positions: Incorrect `api_key` or `access_token`.
2025-10-07 12:47:46,833 - kite_client - ERROR - Failed to get holdings: Incorrect `api_key` or `access_token`.
2025-10-07 12:47:47,137 - kite_client - ERROR - Failed to get margins: Incorrect `api_key` or `access_token`.
2025-10-07 12:47:47,138 - __main__ - INFO - Portfolio value: ₹0.00
2025-10-07 12:47:47,138 - __main__ - INFO - Day PnL: ₹0.00
2025-10-07 12:47:47,881 - kite_client - ERROR - Failed to get historical data: Incorrect `api_key` or `access_token`.
2025-10-07 12:47:47,889 - trading_strategies - WARNING - Analysis failed for NSE:RELIANCE: Insufficient data
2025-10-07 12:47:48,640 - kite_client - ERROR - Failed to get historical data: Incorrect `api_key` or `access_token`.
2025-10-07 12:47:48,646 - trading_strategies - WARNING - Analysis failed for NSE:TCS: Insufficient data
2025-10-07 12:47:49,482 - kite_client - ERROR - Failed to get historical data: Incorrect `api_key` or `access_token`.
2025-10-07 12:47:49,488 - trading_strategies - WARNING - Analysis failed for NSE:HDFCBANK: Insufficient data
2025-10-07 12:47:50,176 - kite_client - ERROR - Failed to get historical data: Incorrect `api_key` or `access_token`.
2025-10-07 12:47:50,182 - trading_strategies - WARNING - Analysis failed for NSE:INFY: Insufficient data
2025-10-07 12:47:51,620 - kite_client - ERROR - Failed to get historical data: Incorrect `api_key` or `access_token`.
2025-10-07 12:47:51,629 - trading_strategies - WARNING - Analysis failed for NSE:HINDUNILVR: Insufficient data
2025-10-07 12:47:52,612 - kite_client - ERROR - Failed to get historical data: Incorrect `api_key` or `access_token`.
2025-10-07 12:47:52,618 - trading_strategies - WARNING - Analysis failed for NSE:ITC: Insufficient data
2025-10-07 12:47:53,429 - kite_client - ERROR - Failed to get historical data: Incorrect `api_key` or `access_token`.
2025-10-07 12:47:53,435 - trading_strategies - WARNING - Analysis failed for NSE:KOTAKBANK: Insufficient data
2025-10-07 12:47:54,248 - kite_client - ERROR - Failed to get historical data: Incorrect `api_key` or `access_token`.
2025-10-07 12:47:54,254 - trading_strategies - WARNING - Analysis failed for NSE:LT: Insufficient data
2025-10-07 12:47:55,028 - kite_client - ERROR - Failed to get historical data: Incorrect `api_key` or `access_token`.
2025-10-07 12:47:55,035 - trading_strategies - WARNING - Analysis failed for NSE:SBIN: Insufficient data
2025-10-07 12:47:55,999 - kite_client - ERROR - Failed to get historical data: Incorrect `api_key` or `access_token`.
2025-10-07 12:47:56,004 - trading_strategies - WARNING - Analysis failed for NSE:BHARTIARTL: Insufficient data
2025-10-07 12:47:56,348 - kite_client - ERROR - Failed to get positions: Incorrect `api_key` or `access_token`.
2025-10-07 12:47:56,641 - kite_client - ERROR - Failed to get positions: Incorrect `api_key` or `access_token`.
2025-10-07 12:47:57,310 - kite_client - ERROR - Failed to get holdings: Incorrect `api_key` or `access_token`.
2025-10-07 12:47:57,620 - kite_client - ERROR - Failed to get margins: Incorrect `api_key` or `access_token`.
2025-10-07 12:47:57,620 - __main__ - INFO - Portfolio rebalancing suggestions:
2025-10-07 12:47:57,621 - __main__ - INFO -   - {'type': 'diversify', 'current_positions': 0, 'suggested_positions': 8, 'reason': 'Portfolio under-diversified'}
2025-10-07 12:47:57,621 - __main__ - INFO - Trading cycle completed
2025-10-07 12:55:35,452 - __main__ - INFO - Starting trading cycle...
2025-10-07 12:55:36,094 - kite_client - ERROR - Failed to get positions: ('Connection aborted.', ConnectionResetError(54, 'Connection reset by peer'))
2025-10-07 12:55:36,710 - kite_client - ERROR - Failed to get holdings: Incorrect `api_key` or `access_token`.
2025-10-07 12:55:37,025 - kite_client - ERROR - Failed to get margins: Incorrect `api_key` or `access_token`.
2025-10-07 12:55:37,319 - kite_client - ERROR - Failed to get positions: Incorrect `api_key` or `access_token`.
2025-10-07 12:55:37,621 - kite_client - ERROR - Failed to get holdings: Incorrect `api_key` or `access_token`.
2025-10-07 12:55:37,910 - kite_client - ERROR - Failed to get margins: Incorrect `api_key` or `access_token`.
2025-10-07 12:55:37,910 - __main__ - INFO - Portfolio value: ₹0.00
2025-10-07 12:55:37,911 - __main__ - INFO - Day PnL: ₹0.00
2025-10-07 12:55:39,206 - kite_client - ERROR - Failed to get historical data: Incorrect `api_key` or `access_token`.
2025-10-07 12:55:39,214 - trading_strategies - WARNING - Analysis failed for NSE:RELIANCE: Insufficient data
2025-10-07 12:55:40,136 - kite_client - ERROR - Failed to get historical data: Incorrect `api_key` or `access_token`.
2025-10-07 12:55:40,142 - trading_strategies - WARNING - Analysis failed for NSE:TCS: Insufficient data
2025-10-07 12:55:42,032 - kite_client - ERROR - Failed to get historical data: Incorrect `api_key` or `access_token`.
2025-10-07 12:55:42,038 - trading_strategies - WARNING - Analysis failed for NSE:HDFCBANK: Insufficient data
2025-10-07 12:55:44,143 - kite_client - ERROR - Failed to get historical data: Incorrect `api_key` or `access_token`.
2025-10-07 12:55:44,149 - trading_strategies - WARNING - Analysis failed for NSE:INFY: Insufficient data
2025-10-07 12:55:45,296 - kite_client - ERROR - Failed to get historical data: Incorrect `api_key` or `access_token`.
2025-10-07 12:55:45,304 - trading_strategies - WARNING - Analysis failed for NSE:HINDUNILVR: Insufficient data
2025-10-07 12:55:47,539 - kite_client - ERROR - Failed to get historical data: Incorrect `api_key` or `access_token`.
2025-10-07 12:55:47,545 - trading_strategies - WARNING - Analysis failed for NSE:ITC: Insufficient data
2025-10-07 12:55:48,727 - kite_client - ERROR - Failed to get historical data: Incorrect `api_key` or `access_token`.
2025-10-07 12:55:48,733 - trading_strategies - WARNING - Analysis failed for NSE:KOTAKBANK: Insufficient data
2025-10-07 12:55:49,951 - kite_client - ERROR - Failed to get historical data: Incorrect `api_key` or `access_token`.
2025-10-07 12:55:49,957 - trading_strategies - WARNING - Analysis failed for NSE:LT: Insufficient data
2025-10-07 12:55:51,159 - kite_client - ERROR - Failed to get historical data: Incorrect `api_key` or `access_token`.
2025-10-07 12:55:51,165 - trading_strategies - WARNING - Analysis failed for NSE:SBIN: Insufficient data
2025-10-07 12:55:52,690 - kite_client - ERROR - Failed to get historical data: Incorrect `api_key` or `access_token`.
2025-10-07 12:55:52,696 - trading_strategies - WARNING - Analysis failed for NSE:BHARTIARTL: Insufficient data
2025-10-07 12:55:53,012 - kite_client - ERROR - Failed to get positions: Incorrect `api_key` or `access_token`.
2025-10-07 12:55:53,336 - kite_client - ERROR - Failed to get positions: Incorrect `api_key` or `access_token`.
2025-10-07 12:55:53,647 - kite_client - ERROR - Failed to get holdings: Incorrect `api_key` or `access_token`.
2025-10-07 12:55:54,240 - kite_client - ERROR - Failed to get margins: Incorrect `api_key` or `access_token`.
2025-10-07 12:55:54,241 - __main__ - INFO - Portfolio rebalancing suggestions:
2025-10-07 12:55:54,241 - __main__ - INFO -   - {'type': 'diversify', 'current_positions': 0, 'suggested_positions': 8, 'reason': 'Portfolio under-diversified'}
2025-10-07 12:55:54,241 - __main__ - INFO - Trading cycle completed
2025-10-07 13:00:54,280 - __main__ - INFO - Starting trading cycle...
2025-10-07 13:00:54,999 - kite_client - ERROR - Failed to get positions: Incorrect `api_key` or `access_token`.
2025-10-07 13:00:55,445 - kite_client - ERROR - Failed to get holdings: Incorrect `api_key` or `access_token`.
2025-10-07 13:00:56,038 - kite_client - ERROR - Failed to get margins: Incorrect `api_key` or `access_token`.
2025-10-07 13:00:56,970 - kite_client - ERROR - Failed to get positions: Incorrect `api_key` or `access_token`.
2025-10-07 13:00:57,559 - kite_client - ERROR - Failed to get holdings: Incorrect `api_key` or `access_token`.
2025-10-07 13:00:57,952 - kite_client - ERROR - Failed to get margins: Incorrect `api_key` or `access_token`.
2025-10-07 13:00:57,953 - __main__ - INFO - Portfolio value: ₹0.00
2025-10-07 13:00:57,953 - __main__ - INFO - Day PnL: ₹0.00
2025-10-07 13:00:59,456 - kite_client - ERROR - Failed to get historical data: Incorrect `api_key` or `access_token`.
2025-10-07 13:00:59,462 - trading_strategies - WARNING - Analysis failed for NSE:RELIANCE: Insufficient data
2025-10-07 13:01:00,763 - kite_client - ERROR - Failed to get historical data: Incorrect `api_key` or `access_token`.
2025-10-07 13:01:00,771 - trading_strategies - WARNING - Analysis failed for NSE:TCS: Insufficient data
2025-10-07 13:01:02,154 - kite_client - ERROR - Failed to get historical data: Incorrect `api_key` or `access_token`.
2025-10-07 13:01:02,159 - trading_strategies - WARNING - Analysis failed for NSE:HDFCBANK: Insufficient data
2025-10-07 13:01:03,446 - kite_client - ERROR - Failed to get historical data: Incorrect `api_key` or `access_token`.
2025-10-07 13:01:03,452 - trading_strategies - WARNING - Analysis failed for NSE:INFY: Insufficient data
2025-10-07 13:01:04,858 - kite_client - ERROR - Failed to get historical data: Incorrect `api_key` or `access_token`.
2025-10-07 13:01:04,867 - trading_strategies - WARNING - Analysis failed for NSE:HINDUNILVR: Insufficient data
2025-10-07 13:01:06,591 - kite_client - ERROR - Failed to get historical data: Incorrect `api_key` or `access_token`.
2025-10-07 13:01:06,597 - trading_strategies - WARNING - Analysis failed for NSE:ITC: Insufficient data
2025-10-07 13:01:08,154 - kite_client - ERROR - Failed to get historical data: Incorrect `api_key` or `access_token`.
2025-10-07 13:01:08,162 - trading_strategies - WARNING - Analysis failed for NSE:KOTAKBANK: Insufficient data
2025-10-07 13:01:10,056 - kite_client - ERROR - Failed to get historical data: Incorrect `api_key` or `access_token`.
2025-10-07 13:01:10,062 - trading_strategies - WARNING - Analysis failed for NSE:LT: Insufficient data
2025-10-07 13:01:11,610 - kite_client - ERROR - Failed to get historical data: Incorrect `api_key` or `access_token`.
2025-10-07 13:01:11,616 - trading_strategies - WARNING - Analysis failed for NSE:SBIN: Insufficient data
2025-10-07 13:01:13,516 - kite_client - ERROR - Failed to get historical data: Incorrect `api_key` or `access_token`.
2025-10-07 13:01:13,525 - trading_strategies - WARNING - Analysis failed for NSE:BHARTIARTL: Insufficient data
2025-10-07 13:01:13,858 - kite_client - ERROR - Failed to get positions: Incorrect `api_key` or `access_token`.
2025-10-07 13:01:14,250 - kite_client - ERROR - Failed to get positions: Incorrect `api_key` or `access_token`.
2025-10-07 13:01:14,875 - kite_client - ERROR - Failed to get holdings: Incorrect `api_key` or `access_token`.
2025-10-07 13:01:15,568 - kite_client - ERROR - Failed to get margins: Incorrect `api_key` or `access_token`.
2025-10-07 13:01:15,568 - __main__ - INFO - Portfolio rebalancing suggestions:
2025-10-07 13:01:15,569 - __main__ - INFO -   - {'type': 'diversify', 'current_positions': 0, 'suggested_positions': 8, 'reason': 'Portfolio under-diversified'}
2025-10-07 13:01:15,569 - __main__ - INFO - Trading cycle completed
2025-10-07 13:06:15,791 - __main__ - INFO - Starting trading cycle...
2025-10-07 13:06:16,219 - kite_client - ERROR - Failed to get positions: Incorrect `api_key` or `access_token`.
2025-10-07 13:06:17,055 - kite_client - ERROR - Failed to get holdings: Incorrect `api_key` or `access_token`.
2025-10-07 13:06:17,524 - kite_client - ERROR - Failed to get margins: Incorrect `api_key` or `access_token`.
2025-10-07 13:06:17,884 - kite_client - ERROR - Failed to get positions: Incorrect `api_key` or `access_token`.
2025-10-07 13:06:18,705 - kite_client - ERROR - Failed to get holdings: Incorrect `api_key` or `access_token`.
2025-10-07 13:06:19,285 - kite_client - ERROR - Failed to get margins: Incorrect `api_key` or `access_token`.
2025-10-07 13:06:19,285 - __main__ - INFO - Portfolio value: ₹0.00
2025-10-07 13:06:19,286 - __main__ - INFO - Day PnL: ₹0.00
2025-10-07 13:06:23,332 - kite_client - ERROR - Failed to get historical data: Incorrect `api_key` or `access_token`.
2025-10-07 13:06:23,337 - trading_strategies - WARNING - Analysis failed for NSE:RELIANCE: Insufficient data
2025-10-07 13:06:27,298 - kite_client - ERROR - Failed to get historical data: Incorrect `api_key` or `access_token`.
2025-10-07 13:06:27,302 - trading_strategies - WARNING - Analysis failed for NSE:TCS: Insufficient data
2025-10-07 13:06:30,443 - kite_client - ERROR - Failed to get historical data: Incorrect `api_key` or `access_token`.
2025-10-07 13:06:30,449 - trading_strategies - WARNING - Analysis failed for NSE:HDFCBANK: Insufficient data
2025-10-07 13:06:32,907 - kite_client - ERROR - Failed to get historical data: Incorrect `api_key` or `access_token`.
2025-10-07 13:06:32,911 - trading_strategies - WARNING - Analysis failed for NSE:INFY: Insufficient data
2025-10-07 13:06:34,626 - kite_client - ERROR - Failed to get historical data: Incorrect `api_key` or `access_token`.
2025-10-07 13:06:34,632 - trading_strategies - WARNING - Analysis failed for NSE:HINDUNILVR: Insufficient data
2025-10-07 13:06:36,441 - kite_client - ERROR - Failed to get historical data: Incorrect `api_key` or `access_token`.
2025-10-07 13:06:36,447 - trading_strategies - WARNING - Analysis failed for NSE:ITC: Insufficient data
2025-10-07 13:06:38,273 - kite_client - ERROR - Failed to get historical data: Incorrect `api_key` or `access_token`.
2025-10-07 13:06:38,282 - trading_strategies - WARNING - Analysis failed for NSE:KOTAKBANK: Insufficient data
2025-10-07 13:06:40,507 - kite_client - ERROR - Failed to get historical data: Incorrect `api_key` or `access_token`.
2025-10-07 13:06:40,514 - trading_strategies - WARNING - Analysis failed for NSE:LT: Insufficient data
2025-10-07 13:06:42,389 - kite_client - ERROR - Failed to get historical data: Incorrect `api_key` or `access_token`.
2025-10-07 13:06:42,397 - trading_strategies - WARNING - Analysis failed for NSE:SBIN: Insufficient data
2025-10-07 13:06:44,174 - kite_client - ERROR - Failed to get historical data: Incorrect `api_key` or `access_token`.
2025-10-07 13:06:44,180 - trading_strategies - WARNING - Analysis failed for NSE:BHARTIARTL: Insufficient data
2025-10-07 13:06:44,727 - kite_client - ERROR - Failed to get positions: Incorrect `api_key` or `access_token`.
2025-10-07 13:06:45,083 - kite_client - ERROR - Failed to get positions: Incorrect `api_key` or `access_token`.
2025-10-07 13:06:45,457 - kite_client - ERROR - Failed to get holdings: Incorrect `api_key` or `access_token`.
2025-10-07 13:06:45,785 - kite_client - ERROR - Failed to get margins: Incorrect `api_key` or `access_token`.
2025-10-07 13:06:45,786 - __main__ - INFO - Portfolio rebalancing suggestions:
2025-10-07 13:06:45,786 - __main__ - INFO -   - {'type': 'diversify', 'current_positions': 0, 'suggested_positions': 8, 'reason': 'Portfolio under-diversified'}
2025-10-07 13:06:45,786 - __main__ - INFO - Trading cycle completed
2025-10-07 13:11:46,017 - __main__ - INFO - Starting trading cycle...
2025-10-07 13:11:46,354 - kite_client - ERROR - Failed to get positions: Incorrect `api_key` or `access_token`.
2025-10-07 13:11:46,669 - kite_client - ERROR - Failed to get holdings: Incorrect `api_key` or `access_token`.
2025-10-07 13:11:46,988 - kite_client - ERROR - Failed to get margins: Incorrect `api_key` or `access_token`.
2025-10-07 13:11:47,294 - kite_client - ERROR - Failed to get positions: Incorrect `api_key` or `access_token`.
2025-10-07 13:11:47,643 - kite_client - ERROR - Failed to get holdings: Incorrect `api_key` or `access_token`.
2025-10-07 13:11:47,943 - kite_client - ERROR - Failed to get margins: Incorrect `api_key` or `access_token`.
2025-10-07 13:11:47,943 - __main__ - INFO - Portfolio value: ₹0.00
2025-10-07 13:11:47,943 - __main__ - INFO - Day PnL: ₹0.00
2025-10-07 13:11:49,684 - kite_client - ERROR - Failed to get historical data: Incorrect `api_key` or `access_token`.
2025-10-07 13:11:49,690 - trading_strategies - WARNING - Analysis failed for NSE:RELIANCE: Insufficient data
2025-10-07 13:11:51,444 - kite_client - ERROR - Failed to get historical data: Incorrect `api_key` or `access_token`.
2025-10-07 13:11:51,450 - trading_strategies - WARNING - Analysis failed for NSE:TCS: Insufficient data
2025-10-07 13:11:52,750 - kite_client - ERROR - Failed to get historical data: Incorrect `api_key` or `access_token`.
2025-10-07 13:11:52,757 - trading_strategies - WARNING - Analysis failed for NSE:HDFCBANK: Insufficient data
2025-10-07 13:11:53,912 - kite_client - ERROR - Failed to get historical data: Incorrect `api_key` or `access_token`.
2025-10-07 13:11:53,918 - trading_strategies - WARNING - Analysis failed for NSE:INFY: Insufficient data
2025-10-07 13:11:55,092 - kite_client - ERROR - Failed to get historical data: Incorrect `api_key` or `access_token`.
2025-10-07 13:11:55,098 - trading_strategies - WARNING - Analysis failed for NSE:HINDUNILVR: Insufficient data
2025-10-07 13:11:56,084 - kite_client - ERROR - Failed to get historical data: Incorrect `api_key` or `access_token`.
2025-10-07 13:11:56,090 - trading_strategies - WARNING - Analysis failed for NSE:ITC: Insufficient data
2025-10-07 13:11:57,989 - kite_client - ERROR - Failed to get historical data: Incorrect `api_key` or `access_token`.
2025-10-07 13:11:57,995 - trading_strategies - WARNING - Analysis failed for NSE:KOTAKBANK: Insufficient data
2025-10-07 13:11:58,919 - kite_client - ERROR - Failed to get historical data: Incorrect `api_key` or `access_token`.
2025-10-07 13:11:58,924 - trading_strategies - WARNING - Analysis failed for NSE:LT: Insufficient data
2025-10-07 13:12:00,497 - kite_client - ERROR - Failed to get historical data: Incorrect `api_key` or `access_token`.
2025-10-07 13:12:00,503 - trading_strategies - WARNING - Analysis failed for NSE:SBIN: Insufficient data
2025-10-07 13:12:01,391 - kite_client - ERROR - Failed to get historical data: Incorrect `api_key` or `access_token`.
2025-10-07 13:12:01,396 - trading_strategies - WARNING - Analysis failed for NSE:BHARTIARTL: Insufficient data
2025-10-07 13:12:01,782 - kite_client - ERROR - Failed to get positions: Incorrect `api_key` or `access_token`.
2025-10-07 13:12:02,077 - kite_client - ERROR - Failed to get positions: Incorrect `api_key` or `access_token`.
2025-10-07 13:12:02,767 - kite_client - ERROR - Failed to get holdings: Incorrect `api_key` or `access_token`.
2025-10-07 13:12:03,073 - kite_client - ERROR - Failed to get margins: Incorrect `api_key` or `access_token`.
2025-10-07 13:12:03,074 - __main__ - INFO - Portfolio rebalancing suggestions:
2025-10-07 13:12:03,074 - __main__ - INFO -   - {'type': 'diversify', 'current_positions': 0, 'suggested_positions': 8, 'reason': 'Portfolio under-diversified'}
2025-10-07 13:12:03,074 - __main__ - INFO - Trading cycle completed
2025-10-07 13:17:03,289 - __main__ - INFO - Starting trading cycle...
2025-10-07 13:17:03,680 - kite_client - ERROR - Failed to get positions: Incorrect `api_key` or `access_token`.
2025-10-07 13:17:05,067 - kite_client - ERROR - Failed to get holdings: Incorrect `api_key` or `access_token`.
2025-10-07 13:17:05,353 - kite_client - ERROR - Failed to get margins: Incorrect `api_key` or `access_token`.
2025-10-07 13:17:05,652 - kite_client - ERROR - Failed to get positions: Incorrect `api_key` or `access_token`.
2025-10-07 13:17:05,929 - kite_client - ERROR - Failed to get holdings: Incorrect `api_key` or `access_token`.
2025-10-07 13:17:06,250 - kite_client - ERROR - Failed to get margins: Incorrect `api_key` or `access_token`.
2025-10-07 13:17:06,250 - __main__ - INFO - Portfolio value: ₹0.00
2025-10-07 13:17:06,251 - __main__ - INFO - Day PnL: ₹0.00
2025-10-07 13:17:07,268 - kite_client - ERROR - Failed to get historical data: Incorrect `api_key` or `access_token`.
2025-10-07 13:17:07,277 - trading_strategies - WARNING - Analysis failed for NSE:RELIANCE: Insufficient data
2025-10-07 13:17:08,337 - kite_client - ERROR - Failed to get historical data: Incorrect `api_key` or `access_token`.
2025-10-07 13:17:08,345 - trading_strategies - WARNING - Analysis failed for NSE:TCS: Insufficient data
2025-10-07 13:17:10,304 - kite_client - ERROR - Failed to get historical data: Incorrect `api_key` or `access_token`.
2025-10-07 13:17:10,312 - trading_strategies - WARNING - Analysis failed for NSE:HDFCBANK: Insufficient data
2025-10-07 13:17:12,052 - kite_client - ERROR - Failed to get historical data: Incorrect `api_key` or `access_token`.
2025-10-07 13:17:12,058 - trading_strategies - WARNING - Analysis failed for NSE:INFY: Insufficient data
2025-10-07 13:17:13,621 - kite_client - ERROR - Failed to get historical data: Incorrect `api_key` or `access_token`.
2025-10-07 13:17:13,627 - trading_strategies - WARNING - Analysis failed for NSE:HINDUNILVR: Insufficient data
2025-10-07 13:17:14,643 - kite_client - ERROR - Failed to get historical data: Incorrect `api_key` or `access_token`.
2025-10-07 13:17:14,649 - trading_strategies - WARNING - Analysis failed for NSE:ITC: Insufficient data
2025-10-07 13:17:15,570 - kite_client - ERROR - Failed to get historical data: Incorrect `api_key` or `access_token`.
2025-10-07 13:17:15,576 - trading_strategies - WARNING - Analysis failed for NSE:KOTAKBANK: Insufficient data
2025-10-07 13:17:16,954 - kite_client - ERROR - Failed to get historical data: Incorrect `api_key` or `access_token`.
2025-10-07 13:17:16,962 - trading_strategies - WARNING - Analysis failed for NSE:LT: Insufficient data
2025-10-07 13:17:17,934 - kite_client - ERROR - Failed to get historical data: Incorrect `api_key` or `access_token`.
2025-10-07 13:17:17,939 - trading_strategies - WARNING - Analysis failed for NSE:SBIN: Insufficient data
2025-10-07 13:17:18,942 - kite_client - ERROR - Failed to get historical data: Incorrect `api_key` or `access_token`.
2025-10-07 13:17:18,948 - trading_strategies - WARNING - Analysis failed for NSE:BHARTIARTL: Insufficient data
2025-10-07 13:17:19,251 - kite_client - ERROR - Failed to get positions: Incorrect `api_key` or `access_token`.
2025-10-07 13:17:19,529 - kite_client - ERROR - Failed to get positions: Incorrect `api_key` or `access_token`.
2025-10-07 13:17:19,865 - kite_client - ERROR - Failed to get holdings: Incorrect `api_key` or `access_token`.
2025-10-07 13:17:20,171 - kite_client - ERROR - Failed to get margins: Incorrect `api_key` or `access_token`.
2025-10-07 13:17:20,171 - __main__ - INFO - Portfolio rebalancing suggestions:
2025-10-07 13:17:20,172 - __main__ - INFO -   - {'type': 'diversify', 'current_positions': 0, 'suggested_positions': 8, 'reason': 'Portfolio under-diversified'}
2025-10-07 13:17:20,172 - __main__ - INFO - Trading cycle completed
2025-10-07 13:22:20,367 - __main__ - INFO - Starting trading cycle...
2025-10-07 13:22:20,829 - kite_client - ERROR - Failed to get positions: Incorrect `api_key` or `access_token`.
2025-10-07 13:22:21,150 - kite_client - ERROR - Failed to get holdings: Incorrect `api_key` or `access_token`.
2025-10-07 13:22:21,448 - kite_client - ERROR - Failed to get margins: Incorrect `api_key` or `access_token`.
2025-10-07 13:22:22,149 - kite_client - ERROR - Failed to get positions: Incorrect `api_key` or `access_token`.
2025-10-07 13:22:22,513 - kite_client - ERROR - Failed to get holdings: Incorrect `api_key` or `access_token`.
2025-10-07 13:22:22,904 - kite_client - ERROR - Failed to get margins: Incorrect `api_key` or `access_token`.
2025-10-07 13:22:22,905 - __main__ - INFO - Portfolio value: ₹0.00
2025-10-07 13:22:22,905 - __main__ - INFO - Day PnL: ₹0.00
2025-10-07 13:22:25,943 - kite_client - ERROR - Failed to get historical data: Incorrect `api_key` or `access_token`.
2025-10-07 13:22:25,949 - trading_strategies - WARNING - Analysis failed for NSE:RELIANCE: Insufficient data
2025-10-07 13:22:27,491 - kite_client - ERROR - Failed to get historical data: Incorrect `api_key` or `access_token`.
2025-10-07 13:22:27,496 - trading_strategies - WARNING - Analysis failed for NSE:TCS: Insufficient data
2025-10-07 13:22:28,879 - kite_client - ERROR - Failed to get historical data: Incorrect `api_key` or `access_token`.
2025-10-07 13:22:28,885 - trading_strategies - WARNING - Analysis failed for NSE:HDFCBANK: Insufficient data
2025-10-07 13:22:30,327 - kite_client - ERROR - Failed to get historical data: Incorrect `api_key` or `access_token`.
2025-10-07 13:22:30,333 - trading_strategies - WARNING - Analysis failed for NSE:INFY: Insufficient data
2025-10-07 13:22:31,583 - kite_client - ERROR - Failed to get historical data: Incorrect `api_key` or `access_token`.
2025-10-07 13:22:31,588 - trading_strategies - WARNING - Analysis failed for NSE:HINDUNILVR: Insufficient data
2025-10-07 13:22:33,348 - kite_client - ERROR - Failed to get historical data: Incorrect `api_key` or `access_token`.
2025-10-07 13:22:33,354 - trading_strategies - WARNING - Analysis failed for NSE:ITC: Insufficient data
2025-10-07 13:22:34,322 - kite_client - ERROR - Failed to get historical data: Incorrect `api_key` or `access_token`.
2025-10-07 13:22:34,327 - trading_strategies - WARNING - Analysis failed for NSE:KOTAKBANK: Insufficient data
2025-10-07 13:22:35,361 - kite_client - ERROR - Failed to get historical data: Incorrect `api_key` or `access_token`.
2025-10-07 13:22:35,367 - trading_strategies - WARNING - Analysis failed for NSE:LT: Insufficient data
2025-10-07 13:22:36,281 - kite_client - ERROR - Failed to get historical data: Incorrect `api_key` or `access_token`.
2025-10-07 13:22:36,287 - trading_strategies - WARNING - Analysis failed for NSE:SBIN: Insufficient data
2025-10-07 13:22:37,127 - kite_client - ERROR - Failed to get historical data: Incorrect `api_key` or `access_token`.
2025-10-07 13:22:37,133 - trading_strategies - WARNING - Analysis failed for NSE:BHARTIARTL: Insufficient data
2025-10-07 13:22:37,417 - kite_client - ERROR - Failed to get positions: Incorrect `api_key` or `access_token`.
2025-10-07 13:22:37,717 - kite_client - ERROR - Failed to get positions: Incorrect `api_key` or `access_token`.
2025-10-07 13:22:38,124 - kite_client - ERROR - Failed to get holdings: Incorrect `api_key` or `access_token`.
2025-10-07 13:22:38,415 - kite_client - ERROR - Failed to get margins: Incorrect `api_key` or `access_token`.
2025-10-07 13:22:38,416 - __main__ - INFO - Portfolio rebalancing suggestions:
2025-10-07 13:22:38,416 - __main__ - INFO -   - {'type': 'diversify', 'current_positions': 0, 'suggested_positions': 8, 'reason': 'Portfolio under-diversified'}
2025-10-07 13:22:38,416 - __main__ - INFO - Trading cycle completed
2025-10-07 13:27:38,653 - __main__ - INFO - Starting trading cycle...
2025-10-07 13:27:39,362 - kite_client - ERROR - Failed to get positions: Incorrect `api_key` or `access_token`.
2025-10-07 13:27:39,695 - kite_client - ERROR - Failed to get holdings: Incorrect `api_key` or `access_token`.
2025-10-07 13:27:40,104 - kite_client - ERROR - Failed to get margins: Incorrect `api_key` or `access_token`.
2025-10-07 13:27:40,513 - kite_client - ERROR - Failed to get positions: Incorrect `api_key` or `access_token`.
2025-10-07 13:27:40,807 - kite_client - ERROR - Failed to get holdings: Incorrect `api_key` or `access_token`.
2025-10-07 13:27:41,127 - kite_client - ERROR - Failed to get margins: Incorrect `api_key` or `access_token`.
2025-10-07 13:27:41,127 - __main__ - INFO - Portfolio value: ₹0.00
2025-10-07 13:27:41,128 - __main__ - INFO - Day PnL: ₹0.00
2025-10-07 13:27:42,253 - kite_client - ERROR - Failed to get historical data: Incorrect `api_key` or `access_token`.
2025-10-07 13:27:42,259 - trading_strategies - WARNING - Analysis failed for NSE:RELIANCE: Insufficient data
2025-10-07 13:27:43,179 - kite_client - ERROR - Failed to get historical data: Incorrect `api_key` or `access_token`.
2025-10-07 13:27:43,185 - trading_strategies - WARNING - Analysis failed for NSE:TCS: Insufficient data
2025-10-07 13:27:44,344 - kite_client - ERROR - Failed to get historical data: Incorrect `api_key` or `access_token`.
2025-10-07 13:27:44,349 - trading_strategies - WARNING - Analysis failed for NSE:HDFCBANK: Insufficient data
2025-10-07 13:27:46,563 - kite_client - ERROR - Failed to get historical data: Incorrect `api_key` or `access_token`.
2025-10-07 13:27:46,569 - trading_strategies - WARNING - Analysis failed for NSE:INFY: Insufficient data
2025-10-07 13:27:47,521 - kite_client - ERROR - Failed to get historical data: Incorrect `api_key` or `access_token`.
2025-10-07 13:27:47,529 - trading_strategies - WARNING - Analysis failed for NSE:HINDUNILVR: Insufficient data
2025-10-07 13:27:48,542 - kite_client - ERROR - Failed to get historical data: Incorrect `api_key` or `access_token`.
2025-10-07 13:27:48,547 - trading_strategies - WARNING - Analysis failed for NSE:ITC: Insufficient data
2025-10-07 13:27:49,876 - kite_client - ERROR - Failed to get historical data: Incorrect `api_key` or `access_token`.
2025-10-07 13:27:49,882 - trading_strategies - WARNING - Analysis failed for NSE:KOTAKBANK: Insufficient data
2025-10-07 13:27:50,858 - kite_client - ERROR - Failed to get historical data: Incorrect `api_key` or `access_token`.
2025-10-07 13:27:50,864 - trading_strategies - WARNING - Analysis failed for NSE:LT: Insufficient data
2025-10-07 13:27:51,947 - kite_client - ERROR - Failed to get historical data: Incorrect `api_key` or `access_token`.
2025-10-07 13:27:51,953 - trading_strategies - WARNING - Analysis failed for NSE:SBIN: Insufficient data
2025-10-07 13:27:53,707 - kite_client - ERROR - Failed to get historical data: Incorrect `api_key` or `access_token`.
2025-10-07 13:27:53,717 - trading_strategies - WARNING - Analysis failed for NSE:BHARTIARTL: Insufficient data
2025-10-07 13:27:54,330 - kite_client - ERROR - Failed to get positions: Incorrect `api_key` or `access_token`.
2025-10-07 13:27:55,160 - kite_client - ERROR - Failed to get positions: Incorrect `api_key` or `access_token`.
2025-10-07 13:27:55,463 - kite_client - ERROR - Failed to get holdings: Incorrect `api_key` or `access_token`.
2025-10-07 13:27:55,747 - kite_client - ERROR - Failed to get margins: Incorrect `api_key` or `access_token`.
2025-10-07 13:27:55,748 - __main__ - INFO - Portfolio rebalancing suggestions:
2025-10-07 13:27:55,748 - __main__ - INFO -   - {'type': 'diversify', 'current_positions': 0, 'suggested_positions': 8, 'reason': 'Portfolio under-diversified'}
2025-10-07 13:27:55,748 - __main__ - INFO - Trading cycle completed
2025-10-07 13:40:58,707 - __main__ - INFO - Starting trading cycle...
2025-10-07 13:41:05,731 - kite_client - ERROR - Failed to get positions: HTTPSConnectionPool(host='api.kite.trade', port=443): Read timed out. (read timeout=7)
2025-10-07 13:41:06,691 - kite_client - ERROR - Failed to get holdings: Incorrect `api_key` or `access_token`.
2025-10-07 13:41:06,999 - kite_client - ERROR - Failed to get margins: Incorrect `api_key` or `access_token`.
2025-10-07 13:41:07,408 - kite_client - ERROR - Failed to get positions: Incorrect `api_key` or `access_token`.
2025-10-07 13:41:07,775 - kite_client - ERROR - Failed to get holdings: Incorrect `api_key` or `access_token`.
2025-10-07 13:41:08,116 - kite_client - ERROR - Failed to get margins: Incorrect `api_key` or `access_token`.
2025-10-07 13:41:08,117 - __main__ - INFO - Portfolio value: ₹0.00
2025-10-07 13:41:08,117 - __main__ - INFO - Day PnL: ₹0.00
2025-10-07 13:41:10,383 - kite_client - ERROR - Failed to get historical data: Incorrect `api_key` or `access_token`.
2025-10-07 13:41:10,392 - trading_strategies - WARNING - Analysis failed for NSE:RELIANCE: Insufficient data
2025-10-07 13:41:11,303 - kite_client - ERROR - Failed to get historical data: Incorrect `api_key` or `access_token`.
2025-10-07 13:41:11,311 - trading_strategies - WARNING - Analysis failed for NSE:TCS: Insufficient data
2025-10-07 13:41:12,131 - kite_client - ERROR - Failed to get historical data: Incorrect `api_key` or `access_token`.
2025-10-07 13:41:12,136 - trading_strategies - WARNING - Analysis failed for NSE:HDFCBANK: Insufficient data
2025-10-07 13:41:13,747 - kite_client - ERROR - Failed to get historical data: Incorrect `api_key` or `access_token`.
2025-10-07 13:41:13,753 - trading_strategies - WARNING - Analysis failed for NSE:INFY: Insufficient data
2025-10-07 13:41:14,517 - kite_client - ERROR - Failed to get historical data: Incorrect `api_key` or `access_token`.
2025-10-07 13:41:14,523 - trading_strategies - WARNING - Analysis failed for NSE:HINDUNILVR: Insufficient data
2025-10-07 13:41:15,349 - kite_client - ERROR - Failed to get historical data: Incorrect `api_key` or `access_token`.
2025-10-07 13:41:15,357 - trading_strategies - WARNING - Analysis failed for NSE:ITC: Insufficient data
2025-10-07 13:41:16,218 - kite_client - ERROR - Failed to get historical data: Incorrect `api_key` or `access_token`.
2025-10-07 13:41:16,224 - trading_strategies - WARNING - Analysis failed for NSE:KOTAKBANK: Insufficient data
2025-10-07 13:41:17,385 - kite_client - ERROR - Failed to get historical data: Incorrect `api_key` or `access_token`.
2025-10-07 13:41:17,391 - trading_strategies - WARNING - Analysis failed for NSE:LT: Insufficient data
2025-10-07 13:41:18,511 - kite_client - ERROR - Failed to get historical data: Incorrect `api_key` or `access_token`.
2025-10-07 13:41:18,517 - trading_strategies - WARNING - Analysis failed for NSE:SBIN: Insufficient data
2025-10-07 13:41:19,566 - kite_client - ERROR - Failed to get historical data: Incorrect `api_key` or `access_token`.
2025-10-07 13:41:19,574 - trading_strategies - WARNING - Analysis failed for NSE:BHARTIARTL: Insufficient data
2025-10-07 13:41:19,968 - kite_client - ERROR - Failed to get positions: Incorrect `api_key` or `access_token`.
2025-10-07 13:41:20,344 - kite_client - ERROR - Failed to get positions: Incorrect `api_key` or `access_token`.
2025-10-07 13:41:20,820 - kite_client - ERROR - Failed to get holdings: Incorrect `api_key` or `access_token`.
2025-10-07 13:41:21,148 - kite_client - ERROR - Failed to get margins: Incorrect `api_key` or `access_token`.
2025-10-07 13:41:21,148 - __main__ - INFO - Portfolio rebalancing suggestions:
2025-10-07 13:41:21,148 - __main__ - INFO -   - {'type': 'diversify', 'current_positions': 0, 'suggested_positions': 8, 'reason': 'Portfolio under-diversified'}
2025-10-07 13:41:21,148 - __main__ - INFO - Trading cycle completed
2025-10-07 13:47:29,306 - __main__ - INFO - Starting trading cycle...
2025-10-07 13:47:30,157 - kite_client - ERROR - Failed to get positions: Incorrect `api_key` or `access_token`.
2025-10-07 13:47:30,449 - kite_client - ERROR - Failed to get holdings: Incorrect `api_key` or `access_token`.
2025-10-07 13:47:30,758 - kite_client - ERROR - Failed to get margins: Incorrect `api_key` or `access_token`.
2025-10-07 13:47:31,129 - kite_client - ERROR - Failed to get positions: Incorrect `api_key` or `access_token`.
2025-10-07 13:47:31,535 - kite_client - ERROR - Failed to get holdings: Incorrect `api_key` or `access_token`.
2025-10-07 13:47:31,836 - kite_client - ERROR - Failed to get margins: Incorrect `api_key` or `access_token`.
2025-10-07 13:47:31,837 - __main__ - INFO - Portfolio value: ₹0.00
2025-10-07 13:47:31,837 - __main__ - INFO - Day PnL: ₹0.00
2025-10-07 13:47:32,595 - kite_client - ERROR - Failed to get historical data: Incorrect `api_key` or `access_token`.
2025-10-07 13:47:32,598 - trading_strategies - WARNING - Analysis failed for NSE:RELIANCE: Insufficient data
2025-10-07 13:47:33,980 - kite_client - ERROR - Failed to get historical data: Incorrect `api_key` or `access_token`.
2025-10-07 13:47:33,987 - trading_strategies - WARNING - Analysis failed for NSE:TCS: Insufficient data
2025-10-07 13:47:36,663 - kite_client - ERROR - Failed to get historical data: Incorrect `api_key` or `access_token`.
2025-10-07 13:47:36,669 - trading_strategies - WARNING - Analysis failed for NSE:HDFCBANK: Insufficient data
2025-10-07 13:47:38,199 - kite_client - ERROR - Failed to get historical data: Incorrect `api_key` or `access_token`.
2025-10-07 13:47:38,207 - trading_strategies - WARNING - Analysis failed for NSE:INFY: Insufficient data
2025-10-07 13:47:39,510 - kite_client - ERROR - Failed to get historical data: Incorrect `api_key` or `access_token`.
2025-10-07 13:47:39,516 - trading_strategies - WARNING - Analysis failed for NSE:HINDUNILVR: Insufficient data
2025-10-07 13:47:40,588 - kite_client - ERROR - Failed to get historical data: Incorrect `api_key` or `access_token`.
2025-10-07 13:47:40,593 - trading_strategies - WARNING - Analysis failed for NSE:ITC: Insufficient data
2025-10-07 13:47:42,906 - kite_client - ERROR - Failed to get historical data: Incorrect `api_key` or `access_token`.
2025-10-07 13:47:42,911 - trading_strategies - WARNING - Analysis failed for NSE:KOTAKBANK: Insufficient data
2025-10-07 13:47:43,982 - kite_client - ERROR - Failed to get historical data: Incorrect `api_key` or `access_token`.
2025-10-07 13:47:43,988 - trading_strategies - WARNING - Analysis failed for NSE:LT: Insufficient data
2025-10-07 13:47:45,042 - kite_client - ERROR - Failed to get historical data: Incorrect `api_key` or `access_token`.
2025-10-07 13:47:45,048 - trading_strategies - WARNING - Analysis failed for NSE:SBIN: Insufficient data
2025-10-07 13:47:45,894 - kite_client - ERROR - Failed to get historical data: Incorrect `api_key` or `access_token`.
2025-10-07 13:47:45,900 - trading_strategies - WARNING - Analysis failed for NSE:BHARTIARTL: Insufficient data
2025-10-07 13:47:46,243 - kite_client - ERROR - Failed to get positions: Incorrect `api_key` or `access_token`.
2025-10-07 13:47:46,534 - kite_client - ERROR - Failed to get positions: Incorrect `api_key` or `access_token`.
2025-10-07 13:47:46,835 - kite_client - ERROR - Failed to get holdings: Incorrect `api_key` or `access_token`.
2025-10-07 13:47:47,130 - kite_client - ERROR - Failed to get margins: Incorrect `api_key` or `access_token`.
2025-10-07 13:47:47,131 - __main__ - INFO - Portfolio rebalancing suggestions:
2025-10-07 13:47:47,131 - __main__ - INFO -   - {'type': 'diversify', 'current_positions': 0, 'suggested_positions': 8, 'reason': 'Portfolio under-diversified'}
2025-10-07 13:47:47,131 - __main__ - INFO - Trading cycle completed
2025-10-07 13:53:06,403 - __main__ - INFO - Starting trading cycle...
2025-10-07 13:53:07,498 - kite_client - ERROR - Failed to get positions: Incorrect `api_key` or `access_token`.
2025-10-07 13:53:07,837 - kite_client - ERROR - Failed to get holdings: Incorrect `api_key` or `access_token`.
2025-10-07 13:53:08,144 - kite_client - ERROR - Failed to get margins: Incorrect `api_key` or `access_token`.
2025-10-07 13:53:08,468 - kite_client - ERROR - Failed to get positions: Incorrect `api_key` or `access_token`.
2025-10-07 13:53:08,767 - kite_client - ERROR - Failed to get holdings: Incorrect `api_key` or `access_token`.
2025-10-07 13:53:09,096 - kite_client - ERROR - Failed to get margins: Incorrect `api_key` or `access_token`.
2025-10-07 13:53:09,096 - __main__ - INFO - Portfolio value: ₹0.00
2025-10-07 13:53:09,096 - __main__ - INFO - Day PnL: ₹0.00
2025-10-07 13:53:09,974 - kite_client - ERROR - Failed to get historical data: Incorrect `api_key` or `access_token`.
2025-10-07 13:53:09,978 - trading_strategies - WARNING - Analysis failed for NSE:RELIANCE: Insufficient data
2025-10-07 13:53:11,843 - kite_client - ERROR - Failed to get historical data: Incorrect `api_key` or `access_token`.
2025-10-07 13:53:11,848 - trading_strategies - WARNING - Analysis failed for NSE:TCS: Insufficient data
2025-10-07 13:53:13,013 - kite_client - ERROR - Failed to get historical data: Incorrect `api_key` or `access_token`.
2025-10-07 13:53:13,018 - trading_strategies - WARNING - Analysis failed for NSE:HDFCBANK: Insufficient data
2025-10-07 13:53:13,993 - kite_client - ERROR - Failed to get historical data: Incorrect `api_key` or `access_token`.
2025-10-07 13:53:13,998 - trading_strategies - WARNING - Analysis failed for NSE:INFY: Insufficient data
2025-10-07 13:53:14,731 - kite_client - ERROR - Failed to get historical data: Incorrect `api_key` or `access_token`.
2025-10-07 13:53:14,734 - trading_strategies - WARNING - Analysis failed for NSE:HINDUNILVR: Insufficient data
2025-10-07 13:53:15,596 - kite_client - ERROR - Failed to get historical data: Incorrect `api_key` or `access_token`.
2025-10-07 13:53:15,599 - trading_strategies - WARNING - Analysis failed for NSE:ITC: Insufficient data
2025-10-07 13:53:16,467 - kite_client - ERROR - Failed to get historical data: Incorrect `api_key` or `access_token`.
2025-10-07 13:53:16,469 - trading_strategies - WARNING - Analysis failed for NSE:KOTAKBANK: Insufficient data
2025-10-07 13:53:17,382 - kite_client - ERROR - Failed to get historical data: Incorrect `api_key` or `access_token`.
2025-10-07 13:53:17,385 - trading_strategies - WARNING - Analysis failed for NSE:LT: Insufficient data
2025-10-07 13:53:18,443 - kite_client - ERROR - Failed to get historical data: Incorrect `api_key` or `access_token`.
2025-10-07 13:53:18,448 - trading_strategies - WARNING - Analysis failed for NSE:SBIN: Insufficient data
2025-10-07 13:53:19,417 - kite_client - ERROR - Failed to get historical data: Incorrect `api_key` or `access_token`.
2025-10-07 13:53:19,420 - trading_strategies - WARNING - Analysis failed for NSE:BHARTIARTL: Insufficient data
2025-10-07 13:53:19,747 - kite_client - ERROR - Failed to get positions: Incorrect `api_key` or `access_token`.
2025-10-07 13:53:20,304 - kite_client - ERROR - Failed to get positions: Incorrect `api_key` or `access_token`.
2025-10-07 13:53:20,641 - kite_client - ERROR - Failed to get holdings: Incorrect `api_key` or `access_token`.
2025-10-07 13:53:21,059 - kite_client - ERROR - Failed to get margins: Incorrect `api_key` or `access_token`.
2025-10-07 13:53:21,060 - __main__ - INFO - Portfolio rebalancing suggestions:
2025-10-07 13:53:21,060 - __main__ - INFO -   - {'type': 'diversify', 'current_positions': 0, 'suggested_positions': 8, 'reason': 'Portfolio under-diversified'}
2025-10-07 13:53:21,060 - __main__ - INFO - Trading cycle completed
2025-10-07 13:58:21,222 - __main__ - INFO - Starting trading cycle...
2025-10-07 13:58:21,627 - kite_client - ERROR - Failed to get positions: Incorrect `api_key` or `access_token`.
2025-10-07 13:58:21,958 - kite_client - ERROR - Failed to get holdings: Incorrect `api_key` or `access_token`.
2025-10-07 13:58:22,343 - kite_client - ERROR - Failed to get margins: Incorrect `api_key` or `access_token`.
2025-10-07 13:58:22,676 - kite_client - ERROR - Failed to get positions: Incorrect `api_key` or `access_token`.
2025-10-07 13:58:23,024 - kite_client - ERROR - Failed to get holdings: Incorrect `api_key` or `access_token`.
2025-10-07 13:58:23,317 - kite_client - ERROR - Failed to get margins: Incorrect `api_key` or `access_token`.
2025-10-07 13:58:23,318 - __main__ - INFO - Portfolio value: ₹0.00
2025-10-07 13:58:23,318 - __main__ - INFO - Day PnL: ₹0.00
2025-10-07 13:58:24,590 - kite_client - ERROR - Failed to get historical data: Incorrect `api_key` or `access_token`.
2025-10-07 13:58:24,595 - trading_strategies - WARNING - Analysis failed for NSE:RELIANCE: Insufficient data
2025-10-07 13:58:26,039 - kite_client - ERROR - Failed to get historical data: Incorrect `api_key` or `access_token`.
2025-10-07 13:58:26,044 - trading_strategies - WARNING - Analysis failed for NSE:TCS: Insufficient data
2025-10-07 13:58:26,891 - kite_client - ERROR - Failed to get historical data: Incorrect `api_key` or `access_token`.
2025-10-07 13:58:26,897 - trading_strategies - WARNING - Analysis failed for NSE:HDFCBANK: Insufficient data
2025-10-07 13:58:27,874 - kite_client - ERROR - Failed to get historical data: Incorrect `api_key` or `access_token`.
2025-10-07 13:58:27,882 - trading_strategies - WARNING - Analysis failed for NSE:INFY: Insufficient data
2025-10-07 13:58:28,899 - kite_client - ERROR - Failed to get historical data: Incorrect `api_key` or `access_token`.
2025-10-07 13:58:28,904 - trading_strategies - WARNING - Analysis failed for NSE:HINDUNILVR: Insufficient data
2025-10-07 13:58:29,744 - kite_client - ERROR - Failed to get historical data: Incorrect `api_key` or `access_token`.
2025-10-07 13:58:29,750 - trading_strategies - WARNING - Analysis failed for NSE:ITC: Insufficient data
2025-10-07 13:58:30,739 - kite_client - ERROR - Failed to get historical data: Incorrect `api_key` or `access_token`.
2025-10-07 13:58:30,748 - trading_strategies - WARNING - Analysis failed for NSE:KOTAKBANK: Insufficient data
2025-10-07 13:58:31,662 - kite_client - ERROR - Failed to get historical data: Incorrect `api_key` or `access_token`.
2025-10-07 13:58:31,667 - trading_strategies - WARNING - Analysis failed for NSE:LT: Insufficient data
2025-10-07 13:58:32,686 - kite_client - ERROR - Failed to get historical data: Incorrect `api_key` or `access_token`.
2025-10-07 13:58:32,695 - trading_strategies - WARNING - Analysis failed for NSE:SBIN: Insufficient data
2025-10-07 13:58:33,607 - kite_client - ERROR - Failed to get historical data: Incorrect `api_key` or `access_token`.
2025-10-07 13:58:33,612 - trading_strategies - WARNING - Analysis failed for NSE:BHARTIARTL: Insufficient data
2025-10-07 13:58:33,915 - kite_client - ERROR - Failed to get positions: Incorrect `api_key` or `access_token`.
2025-10-07 13:58:34,324 - kite_client - ERROR - Failed to get positions: Incorrect `api_key` or `access_token`.
2025-10-07 13:58:34,631 - kite_client - ERROR - Failed to get holdings: Incorrect `api_key` or `access_token`.
2025-10-07 13:58:35,040 - kite_client - ERROR - Failed to get margins: Incorrect `api_key` or `access_token`.
2025-10-07 13:58:35,041 - __main__ - INFO - Portfolio rebalancing suggestions:
2025-10-07 13:58:35,041 - __main__ - INFO -   - {'type': 'diversify', 'current_positions': 0, 'suggested_positions': 8, 'reason': 'Portfolio under-diversified'}
2025-10-07 13:58:35,041 - __main__ - INFO - Trading cycle completed
2025-10-07 14:03:35,318 - __main__ - INFO - Starting trading cycle...
2025-10-07 14:03:35,638 - kite_client - ERROR - Failed to get positions: Incorrect `api_key` or `access_token`.
2025-10-07 14:03:35,991 - kite_client - ERROR - Failed to get holdings: Incorrect `api_key` or `access_token`.
2025-10-07 14:03:36,273 - kite_client - ERROR - Failed to get margins: Incorrect `api_key` or `access_token`.
2025-10-07 14:03:36,577 - kite_client - ERROR - Failed to get positions: Incorrect `api_key` or `access_token`.
2025-10-07 14:03:36,876 - kite_client - ERROR - Failed to get holdings: Incorrect `api_key` or `access_token`.
2025-10-07 14:03:37,178 - kite_client - ERROR - Failed to get margins: Incorrect `api_key` or `access_token`.
2025-10-07 14:03:37,179 - __main__ - INFO - Portfolio value: ₹0.00
2025-10-07 14:03:37,179 - __main__ - INFO - Day PnL: ₹0.00
2025-10-07 14:03:38,103 - kite_client - ERROR - Failed to get historical data: Incorrect `api_key` or `access_token`.
2025-10-07 14:03:38,109 - trading_strategies - WARNING - Analysis failed for NSE:RELIANCE: Insufficient data
2025-10-07 14:03:39,073 - kite_client - ERROR - Failed to get historical data: Incorrect `api_key` or `access_token`.
2025-10-07 14:03:39,079 - trading_strategies - WARNING - Analysis failed for NSE:TCS: Insufficient data
2025-10-07 14:03:39,958 - kite_client - ERROR - Failed to get historical data: Incorrect `api_key` or `access_token`.
2025-10-07 14:03:39,964 - trading_strategies - WARNING - Analysis failed for NSE:HDFCBANK: Insufficient data
2025-10-07 14:03:40,861 - kite_client - ERROR - Failed to get historical data: Incorrect `api_key` or `access_token`.
2025-10-07 14:03:40,866 - trading_strategies - WARNING - Analysis failed for NSE:INFY: Insufficient data
2025-10-07 14:03:42,332 - kite_client - ERROR - Failed to get historical data: Incorrect `api_key` or `access_token`.
2025-10-07 14:03:42,336 - trading_strategies - WARNING - Analysis failed for NSE:HINDUNILVR: Insufficient data
2025-10-07 14:03:43,472 - kite_client - ERROR - Failed to get historical data: Incorrect `api_key` or `access_token`.
2025-10-07 14:03:43,478 - trading_strategies - WARNING - Analysis failed for NSE:ITC: Insufficient data
2025-10-07 14:03:44,423 - kite_client - ERROR - Failed to get historical data: Incorrect `api_key` or `access_token`.
2025-10-07 14:03:44,428 - trading_strategies - WARNING - Analysis failed for NSE:KOTAKBANK: Insufficient data
2025-10-07 14:03:45,442 - kite_client - ERROR - Failed to get historical data: Incorrect `api_key` or `access_token`.
2025-10-07 14:03:45,448 - trading_strategies - WARNING - Analysis failed for NSE:LT: Insufficient data
2025-10-07 14:03:47,516 - kite_client - ERROR - Failed to get historical data: Incorrect `api_key` or `access_token`.
2025-10-07 14:03:47,523 - trading_strategies - WARNING - Analysis failed for NSE:SBIN: Insufficient data
2025-10-07 14:03:48,594 - kite_client - ERROR - Failed to get historical data: Incorrect `api_key` or `access_token`.
2025-10-07 14:03:48,600 - trading_strategies - WARNING - Analysis failed for NSE:BHARTIARTL: Insufficient data
2025-10-07 14:03:49,004 - kite_client - ERROR - Failed to get positions: Incorrect `api_key` or `access_token`.
2025-10-07 14:03:49,298 - kite_client - ERROR - Failed to get positions: Incorrect `api_key` or `access_token`.
2025-10-07 14:03:49,602 - kite_client - ERROR - Failed to get holdings: Incorrect `api_key` or `access_token`.
2025-10-07 14:03:49,925 - kite_client - ERROR - Failed to get margins: Incorrect `api_key` or `access_token`.
2025-10-07 14:03:49,925 - __main__ - INFO - Portfolio rebalancing suggestions:
2025-10-07 14:03:49,925 - __main__ - INFO -   - {'type': 'diversify', 'current_positions': 0, 'suggested_positions': 8, 'reason': 'Portfolio under-diversified'}
2025-10-07 14:03:49,925 - __main__ - INFO - Trading cycle completed
2025-10-07 14:08:50,122 - __main__ - INFO - Starting trading cycle...
2025-10-07 14:08:50,426 - kite_client - ERROR - Failed to get positions: Incorrect `api_key` or `access_token`.
2025-10-07 14:08:50,849 - kite_client - ERROR - Failed to get holdings: Incorrect `api_key` or `access_token`.
2025-10-07 14:08:51,171 - kite_client - ERROR - Failed to get margins: Incorrect `api_key` or `access_token`.
2025-10-07 14:08:51,457 - kite_client - ERROR - Failed to get positions: Incorrect `api_key` or `access_token`.
2025-10-07 14:08:51,750 - kite_client - ERROR - Failed to get holdings: Incorrect `api_key` or `access_token`.
2025-10-07 14:08:52,314 - kite_client - ERROR - Failed to get margins: Incorrect `api_key` or `access_token`.
2025-10-07 14:08:52,314 - __main__ - INFO - Portfolio value: ₹0.00
2025-10-07 14:08:52,314 - __main__ - INFO - Day PnL: ₹0.00
2025-10-07 14:09:00,937 - kite_client - ERROR - Failed to get historical data: Incorrect `api_key` or `access_token`.
2025-10-07 14:09:00,941 - trading_strategies - WARNING - Analysis failed for NSE:RELIANCE: Insufficient data
2025-10-07 14:09:02,592 - kite_client - ERROR - Failed to get historical data: Incorrect `api_key` or `access_token`.
2025-10-07 14:09:02,597 - trading_strategies - WARNING - Analysis failed for NSE:TCS: Insufficient data
2025-10-07 14:09:07,044 - kite_client - ERROR - Failed to get historical data: Incorrect `api_key` or `access_token`.
2025-10-07 14:09:07,048 - trading_strategies - WARNING - Analysis failed for NSE:HDFCBANK: Insufficient data
2025-10-07 14:09:07,867 - kite_client - ERROR - Failed to get historical data: Incorrect `api_key` or `access_token`.
2025-10-07 14:09:07,871 - trading_strategies - WARNING - Analysis failed for NSE:INFY: Insufficient data
2025-10-07 14:09:08,620 - kite_client - ERROR - Failed to get historical data: Incorrect `api_key` or `access_token`.
2025-10-07 14:09:08,623 - trading_strategies - WARNING - Analysis failed for NSE:HINDUNILVR: Insufficient data
2025-10-07 14:09:10,369 - kite_client - ERROR - Failed to get historical data: Incorrect `api_key` or `access_token`.
2025-10-07 14:09:10,373 - trading_strategies - WARNING - Analysis failed for NSE:ITC: Insufficient data
2025-10-07 14:09:11,166 - kite_client - ERROR - Failed to get historical data: Incorrect `api_key` or `access_token`.
2025-10-07 14:09:11,172 - trading_strategies - WARNING - Analysis failed for NSE:KOTAKBANK: Insufficient data
2025-10-07 14:09:12,030 - kite_client - ERROR - Failed to get historical data: Incorrect `api_key` or `access_token`.
2025-10-07 14:09:12,035 - trading_strategies - WARNING - Analysis failed for NSE:LT: Insufficient data
2025-10-07 14:09:13,297 - kite_client - ERROR - Failed to get historical data: Incorrect `api_key` or `access_token`.
2025-10-07 14:09:13,303 - trading_strategies - WARNING - Analysis failed for NSE:SBIN: Insufficient data
2025-10-07 14:09:14,058 - kite_client - ERROR - Failed to get historical data: Incorrect `api_key` or `access_token`.
2025-10-07 14:09:14,062 - trading_strategies - WARNING - Analysis failed for NSE:BHARTIARTL: Insufficient data
2025-10-07 14:09:14,335 - kite_client - ERROR - Failed to get positions: Incorrect `api_key` or `access_token`.
2025-10-07 14:09:14,680 - kite_client - ERROR - Failed to get positions: Incorrect `api_key` or `access_token`.
2025-10-07 14:09:14,958 - kite_client - ERROR - Failed to get holdings: Incorrect `api_key` or `access_token`.
2025-10-07 14:09:15,237 - kite_client - ERROR - Failed to get margins: Incorrect `api_key` or `access_token`.
2025-10-07 14:09:15,238 - __main__ - INFO - Portfolio rebalancing suggestions:
2025-10-07 14:09:15,238 - __main__ - INFO -   - {'type': 'diversify', 'current_positions': 0, 'suggested_positions': 8, 'reason': 'Portfolio under-diversified'}
2025-10-07 14:09:15,238 - __main__ - INFO - Trading cycle completed
2025-10-07 14:14:15,371 - __main__ - INFO - Starting trading cycle...
2025-10-07 14:14:15,785 - kite_client - ERROR - Failed to get positions: Incorrect `api_key` or `access_token`.
2025-10-07 14:14:16,340 - kite_client - ERROR - Failed to get holdings: Incorrect `api_key` or `access_token`.
2025-10-07 14:14:16,615 - kite_client - ERROR - Failed to get margins: Incorrect `api_key` or `access_token`.
2025-10-07 14:14:16,922 - kite_client - ERROR - Failed to get positions: Incorrect `api_key` or `access_token`.
2025-10-07 14:14:17,224 - kite_client - ERROR - Failed to get holdings: Incorrect `api_key` or `access_token`.
2025-10-07 14:14:17,587 - kite_client - ERROR - Failed to get margins: Incorrect `api_key` or `access_token`.
2025-10-07 14:14:17,587 - __main__ - INFO - Portfolio value: ₹0.00
2025-10-07 14:14:17,587 - __main__ - INFO - Day PnL: ₹0.00
2025-10-07 14:14:18,417 - kite_client - ERROR - Failed to get historical data: Incorrect `api_key` or `access_token`.
2025-10-07 14:14:18,421 - trading_strategies - WARNING - Analysis failed for NSE:RELIANCE: Insufficient data
2025-10-07 14:14:19,239 - kite_client - ERROR - Failed to get historical data: Incorrect `api_key` or `access_token`.
2025-10-07 14:14:19,242 - trading_strategies - WARNING - Analysis failed for NSE:TCS: Insufficient data
2025-10-07 14:14:20,045 - kite_client - ERROR - Failed to get historical data: Incorrect `api_key` or `access_token`.
2025-10-07 14:14:20,049 - trading_strategies - WARNING - Analysis failed for NSE:HDFCBANK: Insufficient data
2025-10-07 14:14:20,839 - kite_client - ERROR - Failed to get historical data: Incorrect `api_key` or `access_token`.
2025-10-07 14:14:20,843 - trading_strategies - WARNING - Analysis failed for NSE:INFY: Insufficient data
2025-10-07 14:14:21,608 - kite_client - ERROR - Failed to get historical data: Incorrect `api_key` or `access_token`.
2025-10-07 14:14:21,613 - trading_strategies - WARNING - Analysis failed for NSE:HINDUNILVR: Insufficient data
2025-10-07 14:14:22,973 - kite_client - ERROR - Failed to get historical data: Incorrect `api_key` or `access_token`.
2025-10-07 14:14:22,976 - trading_strategies - WARNING - Analysis failed for NSE:ITC: Insufficient data
2025-10-07 14:14:24,203 - kite_client - ERROR - Failed to get historical data: Incorrect `api_key` or `access_token`.
2025-10-07 14:14:24,208 - trading_strategies - WARNING - Analysis failed for NSE:KOTAKBANK: Insufficient data
2025-10-07 14:14:25,035 - kite_client - ERROR - Failed to get historical data: Incorrect `api_key` or `access_token`.
2025-10-07 14:14:25,040 - trading_strategies - WARNING - Analysis failed for NSE:LT: Insufficient data
2025-10-07 14:14:25,966 - kite_client - ERROR - Failed to get historical data: Incorrect `api_key` or `access_token`.
2025-10-07 14:14:25,970 - trading_strategies - WARNING - Analysis failed for NSE:SBIN: Insufficient data
2025-10-07 14:14:26,756 - kite_client - ERROR - Failed to get historical data: Incorrect `api_key` or `access_token`.
2025-10-07 14:14:26,760 - trading_strategies - WARNING - Analysis failed for NSE:BHARTIARTL: Insufficient data
2025-10-07 14:14:27,071 - kite_client - ERROR - Failed to get positions: Incorrect `api_key` or `access_token`.
2025-10-07 14:14:27,347 - kite_client - ERROR - Failed to get positions: Incorrect `api_key` or `access_token`.
2025-10-07 14:14:27,652 - kite_client - ERROR - Failed to get holdings: Incorrect `api_key` or `access_token`.
2025-10-07 14:14:27,973 - kite_client - ERROR - Failed to get margins: Incorrect `api_key` or `access_token`.
2025-10-07 14:14:27,974 - __main__ - INFO - Portfolio rebalancing suggestions:
2025-10-07 14:14:27,974 - __main__ - INFO -   - {'type': 'diversify', 'current_positions': 0, 'suggested_positions': 8, 'reason': 'Portfolio under-diversified'}
2025-10-07 14:14:27,974 - __main__ - INFO - Trading cycle completed
2025-10-07 14:19:28,966 - __main__ - INFO - Starting trading cycle...
2025-10-07 14:19:29,434 - kite_client - ERROR - Failed to get positions: Incorrect `api_key` or `access_token`.
2025-10-07 14:20:03,717 - kite_client - ERROR - Failed to get holdings: HTTPSConnectionPool(host='api.kite.trade', port=443): Read timed out. (read timeout=7)
2025-10-07 14:20:04,173 - kite_client - ERROR - Failed to get margins: Incorrect `api_key` or `access_token`.
2025-10-07 14:20:04,600 - kite_client - ERROR - Failed to get positions: Incorrect `api_key` or `access_token`.
2025-10-07 14:20:04,958 - kite_client - ERROR - Failed to get holdings: Incorrect `api_key` or `access_token`.
2025-10-07 14:20:05,335 - kite_client - ERROR - Failed to get margins: Incorrect `api_key` or `access_token`.
2025-10-07 14:20:05,336 - __main__ - INFO - Portfolio value: ₹0.00
2025-10-07 14:20:05,336 - __main__ - INFO - Day PnL: ₹0.00
2025-10-07 14:20:07,850 - kite_client - ERROR - Failed to get historical data: Incorrect `api_key` or `access_token`.
2025-10-07 14:20:07,857 - trading_strategies - WARNING - Analysis failed for NSE:RELIANCE: Insufficient data
2025-10-07 14:20:09,446 - kite_client - ERROR - Failed to get historical data: Incorrect `api_key` or `access_token`.
2025-10-07 14:20:09,455 - trading_strategies - WARNING - Analysis failed for NSE:TCS: Insufficient data
2025-10-07 14:20:57,022 - kite_client - ERROR - Failed to get instruments: HTTPSConnectionPool(host='api.kite.trade', port=443): Read timed out. (read timeout=7)
2025-10-07 14:20:57,024 - trading_strategies - WARNING - Analysis failed for NSE:HDFCBANK: Insufficient data
2025-10-07 14:20:57,028 - kite_client - ERROR - Failed to get instruments: HTTPSConnectionPool(host='api.kite.trade', port=443): Max retries exceeded with url: /instruments/NSE (Caused by NameResolutionError("<urllib3.connection.HTTPSConnection object at 0x12020fb10>: Failed to resolve 'api.kite.trade' ([Errno 8] nodename nor servname provided, or not known)"))
2025-10-07 14:20:57,028 - trading_strategies - WARNING - Analysis failed for NSE:INFY: Insufficient data
2025-10-07 14:20:57,030 - kite_client - ERROR - Failed to get instruments: HTTPSConnectionPool(host='api.kite.trade', port=443): Max retries exceeded with url: /instruments/NSE (Caused by NameResolutionError("<urllib3.connection.HTTPSConnection object at 0x12020f890>: Failed to resolve 'api.kite.trade' ([Errno 8] nodename nor servname provided, or not known)"))
2025-10-07 14:20:57,030 - trading_strategies - WARNING - Analysis failed for NSE:HINDUNILVR: Insufficient data
2025-10-07 14:20:57,032 - kite_client - ERROR - Failed to get instruments: HTTPSConnectionPool(host='api.kite.trade', port=443): Max retries exceeded with url: /instruments/NSE (Caused by NameResolutionError("<urllib3.connection.HTTPSConnection object at 0x12020f4d0>: Failed to resolve 'api.kite.trade' ([Errno 8] nodename nor servname provided, or not known)"))
2025-10-07 14:20:57,032 - trading_strategies - WARNING - Analysis failed for NSE:ITC: Insufficient data
2025-10-07 14:20:57,034 - kite_client - ERROR - Failed to get instruments: HTTPSConnectionPool(host='api.kite.trade', port=443): Max retries exceeded with url: /instruments/NSE (Caused by NameResolutionError("<urllib3.connection.HTTPSConnection object at 0x12020ec10>: Failed to resolve 'api.kite.trade' ([Errno 8] nodename nor servname provided, or not known)"))
2025-10-07 14:20:57,034 - trading_strategies - WARNING - Analysis failed for NSE:KOTAKBANK: Insufficient data
2025-10-07 14:20:57,039 - kite_client - ERROR - Failed to get instruments: HTTPSConnectionPool(host='api.kite.trade', port=443): Max retries exceeded with url: /instruments/NSE (Caused by NameResolutionError("<urllib3.connection.HTTPSConnection object at 0x12020e990>: Failed to resolve 'api.kite.trade' ([Errno 8] nodename nor servname provided, or not known)"))
2025-10-07 14:20:57,040 - trading_strategies - WARNING - Analysis failed for NSE:LT: Insufficient data
2025-10-07 14:20:57,043 - kite_client - ERROR - Failed to get instruments: HTTPSConnectionPool(host='api.kite.trade', port=443): Max retries exceeded with url: /instruments/NSE (Caused by NameResolutionError("<urllib3.connection.HTTPSConnection object at 0x12020e350>: Failed to resolve 'api.kite.trade' ([Errno 8] nodename nor servname provided, or not known)"))
2025-10-07 14:20:57,043 - trading_strategies - WARNING - Analysis failed for NSE:SBIN: Insufficient data
2025-10-07 14:20:57,045 - kite_client - ERROR - Failed to get instruments: HTTPSConnectionPool(host='api.kite.trade', port=443): Max retries exceeded with url: /instruments/NSE (Caused by NameResolutionError("<urllib3.connection.HTTPSConnection object at 0x12020d950>: Failed to resolve 'api.kite.trade' ([Errno 8] nodename nor servname provided, or not known)"))
2025-10-07 14:20:57,046 - trading_strategies - WARNING - Analysis failed for NSE:BHARTIARTL: Insufficient data
2025-10-07 14:20:57,048 - kite_client - ERROR - Failed to get positions: HTTPSConnectionPool(host='api.kite.trade', port=443): Max retries exceeded with url: /portfolio/positions (Caused by NameResolutionError("<urllib3.connection.HTTPSConnection object at 0x1202c8190>: Failed to resolve 'api.kite.trade' ([Errno 8] nodename nor servname provided, or not known)"))
2025-10-07 14:20:57,050 - kite_client - ERROR - Failed to get positions: HTTPSConnectionPool(host='api.kite.trade', port=443): Max retries exceeded with url: /portfolio/positions (Caused by NameResolutionError("<urllib3.connection.HTTPSConnection object at 0x1202c8690>: Failed to resolve 'api.kite.trade' ([Errno 8] nodename nor servname provided, or not known)"))
2025-10-07 14:20:57,051 - kite_client - ERROR - Failed to get holdings: HTTPSConnectionPool(host='api.kite.trade', port=443): Max retries exceeded with url: /portfolio/holdings (Caused by NameResolutionError("<urllib3.connection.HTTPSConnection object at 0x1202c8a50>: Failed to resolve 'api.kite.trade' ([Errno 8] nodename nor servname provided, or not known)"))
2025-10-07 14:20:57,053 - kite_client - ERROR - Failed to get margins: HTTPSConnectionPool(host='api.kite.trade', port=443): Max retries exceeded with url: /user/margins (Caused by NameResolutionError("<urllib3.connection.HTTPSConnection object at 0x1202c8e10>: Failed to resolve 'api.kite.trade' ([Errno 8] nodename nor servname provided, or not known)"))
2025-10-07 14:20:57,053 - __main__ - INFO - Portfolio rebalancing suggestions:
2025-10-07 14:20:57,054 - __main__ - INFO -   - {'type': 'diversify', 'current_positions': 0, 'suggested_positions': 8, 'reason': 'Portfolio under-diversified'}
2025-10-07 14:20:57,054 - __main__ - INFO - Trading cycle completed
2025-10-07 14:33:50,720 - __main__ - INFO - Starting trading cycle...
2025-10-07 14:33:50,819 - kite_client - ERROR - Failed to get positions: HTTPSConnectionPool(host='api.kite.trade', port=443): Max retries exceeded with url: /portfolio/positions (Caused by NameResolutionError("<urllib3.connection.HTTPSConnection object at 0x1202c91d0>: Failed to resolve 'api.kite.trade' ([Errno 8] nodename nor servname provided, or not known)"))
2025-10-07 14:33:50,820 - kite_client - ERROR - Failed to get holdings: HTTPSConnectionPool(host='api.kite.trade', port=443): Max retries exceeded with url: /portfolio/holdings (Caused by NameResolutionError("<urllib3.connection.HTTPSConnection object at 0x1202c9590>: Failed to resolve 'api.kite.trade' ([Errno 8] nodename nor servname provided, or not known)"))
2025-10-07 14:33:50,821 - kite_client - ERROR - Failed to get margins: HTTPSConnectionPool(host='api.kite.trade', port=443): Max retries exceeded with url: /user/margins (Caused by NameResolutionError("<urllib3.connection.HTTPSConnection object at 0x1202c9950>: Failed to resolve 'api.kite.trade' ([Errno 8] nodename nor servname provided, or not known)"))
2025-10-07 14:33:50,823 - kite_client - ERROR - Failed to get positions: HTTPSConnectionPool(host='api.kite.trade', port=443): Max retries exceeded with url: /portfolio/positions (Caused by NameResolutionError("<urllib3.connection.HTTPSConnection object at 0x1202c9d10>: Failed to resolve 'api.kite.trade' ([Errno 8] nodename nor servname provided, or not known)"))
2025-10-07 14:33:50,824 - kite_client - ERROR - Failed to get holdings: HTTPSConnectionPool(host='api.kite.trade', port=443): Max retries exceeded with url: /portfolio/holdings (Caused by NameResolutionError("<urllib3.connection.HTTPSConnection object at 0x1202ca0d0>: Failed to resolve 'api.kite.trade' ([Errno 8] nodename nor servname provided, or not known)"))
2025-10-07 14:33:50,825 - kite_client - ERROR - Failed to get margins: HTTPSConnectionPool(host='api.kite.trade', port=443): Max retries exceeded with url: /user/margins (Caused by NameResolutionError("<urllib3.connection.HTTPSConnection object at 0x1202ca490>: Failed to resolve 'api.kite.trade' ([Errno 8] nodename nor servname provided, or not known)"))
2025-10-07 14:33:50,825 - __main__ - INFO - Portfolio value: ₹0.00
2025-10-07 14:33:50,825 - __main__ - INFO - Day PnL: ₹0.00
2025-10-07 14:33:50,826 - kite_client - ERROR - Failed to get instruments: HTTPSConnectionPool(host='api.kite.trade', port=443): Max retries exceeded with url: /instruments/NSE (Caused by NameResolutionError("<urllib3.connection.HTTPSConnection object at 0x1202ca850>: Failed to resolve 'api.kite.trade' ([Errno 8] nodename nor servname provided, or not known)"))
2025-10-07 14:33:50,826 - trading_strategies - WARNING - Analysis failed for NSE:RELIANCE: Insufficient data
2025-10-07 14:33:50,833 - kite_client - ERROR - Failed to get instruments: HTTPSConnectionPool(host='api.kite.trade', port=443): Max retries exceeded with url: /instruments/NSE (Caused by NameResolutionError("<urllib3.connection.HTTPSConnection object at 0x1202cae90>: Failed to resolve 'api.kite.trade' ([Errno 8] nodename nor servname provided, or not known)"))
2025-10-07 14:33:50,833 - trading_strategies - WARNING - Analysis failed for NSE:TCS: Insufficient data
2025-10-07 14:33:50,835 - kite_client - ERROR - Failed to get instruments: HTTPSConnectionPool(host='api.kite.trade', port=443): Max retries exceeded with url: /instruments/NSE (Caused by NameResolutionError("<urllib3.connection.HTTPSConnection object at 0x1202cb390>: Failed to resolve 'api.kite.trade' ([Errno 8] nodename nor servname provided, or not known)"))
2025-10-07 14:33:50,835 - trading_strategies - WARNING - Analysis failed for NSE:HDFCBANK: Insufficient data
2025-10-07 14:33:50,836 - kite_client - ERROR - Failed to get instruments: HTTPSConnectionPool(host='api.kite.trade', port=443): Max retries exceeded with url: /instruments/NSE (Caused by NameResolutionError("<urllib3.connection.HTTPSConnection object at 0x1202cb890>: Failed to resolve 'api.kite.trade' ([Errno 8] nodename nor servname provided, or not known)"))
2025-10-07 14:33:50,836 - trading_strategies - WARNING - Analysis failed for NSE:INFY: Insufficient data
2025-10-07 14:33:50,838 - kite_client - ERROR - Failed to get instruments: HTTPSConnectionPool(host='api.kite.trade', port=443): Max retries exceeded with url: /instruments/NSE (Caused by NameResolutionError("<urllib3.connection.HTTPSConnection object at 0x1202cbd90>: Failed to resolve 'api.kite.trade' ([Errno 8] nodename nor servname provided, or not known)"))
2025-10-07 14:33:50,838 - trading_strategies - WARNING - Analysis failed for NSE:HINDUNILVR: Insufficient data
2025-10-07 14:33:50,839 - kite_client - ERROR - Failed to get instruments: HTTPSConnectionPool(host='api.kite.trade', port=443): Max retries exceeded with url: /instruments/NSE (Caused by NameResolutionError("<urllib3.connection.HTTPSConnection object at 0x1202782d0>: Failed to resolve 'api.kite.trade' ([Errno 8] nodename nor servname provided, or not known)"))
2025-10-07 14:33:50,839 - trading_strategies - WARNING - Analysis failed for NSE:ITC: Insufficient data
2025-10-07 14:33:50,841 - kite_client - ERROR - Failed to get instruments: HTTPSConnectionPool(host='api.kite.trade', port=443): Max retries exceeded with url: /instruments/NSE (Caused by NameResolutionError("<urllib3.connection.HTTPSConnection object at 0x1202787d0>: Failed to resolve 'api.kite.trade' ([Errno 8] nodename nor servname provided, or not known)"))
2025-10-07 14:33:50,841 - trading_strategies - WARNING - Analysis failed for NSE:KOTAKBANK: Insufficient data
2025-10-07 14:33:50,847 - kite_client - ERROR - Failed to get instruments: HTTPSConnectionPool(host='api.kite.trade', port=443): Max retries exceeded with url: /instruments/NSE (Caused by NameResolutionError("<urllib3.connection.HTTPSConnection object at 0x120278cd0>: Failed to resolve 'api.kite.trade' ([Errno 8] nodename nor servname provided, or not known)"))
2025-10-07 14:33:50,847 - trading_strategies - WARNING - Analysis failed for NSE:LT: Insufficient data
2025-10-07 14:33:50,848 - kite_client - ERROR - Failed to get instruments: HTTPSConnectionPool(host='api.kite.trade', port=443): Max retries exceeded with url: /instruments/NSE (Caused by NameResolutionError("<urllib3.connection.HTTPSConnection object at 0x1202791d0>: Failed to resolve 'api.kite.trade' ([Errno 8] nodename nor servname provided, or not known)"))
2025-10-07 14:33:50,848 - trading_strategies - WARNING - Analysis failed for NSE:SBIN: Insufficient data
2025-10-07 14:33:50,849 - kite_client - ERROR - Failed to get instruments: HTTPSConnectionPool(host='api.kite.trade', port=443): Max retries exceeded with url: /instruments/NSE (Caused by NameResolutionError("<urllib3.connection.HTTPSConnection object at 0x1202796d0>: Failed to resolve 'api.kite.trade' ([Errno 8] nodename nor servname provided, or not known)"))
2025-10-07 14:33:50,849 - trading_strategies - WARNING - Analysis failed for NSE:BHARTIARTL: Insufficient data
2025-10-07 14:33:50,849 - kite_client - ERROR - Failed to get positions: HTTPSConnectionPool(host='api.kite.trade', port=443): Max retries exceeded with url: /portfolio/positions (Caused by NameResolutionError("<urllib3.connection.HTTPSConnection object at 0x120279bd0>: Failed to resolve 'api.kite.trade' ([Errno 8] nodename nor servname provided, or not known)"))
2025-10-07 14:33:50,850 - kite_client - ERROR - Failed to get positions: HTTPSConnectionPool(host='api.kite.trade', port=443): Max retries exceeded with url: /portfolio/positions (Caused by NameResolutionError("<urllib3.connection.HTTPSConnection object at 0x12027a0d0>: Failed to resolve 'api.kite.trade' ([Errno 8] nodename nor servname provided, or not known)"))
2025-10-07 14:33:50,850 - kite_client - ERROR - Failed to get holdings: HTTPSConnectionPool(host='api.kite.trade', port=443): Max retries exceeded with url: /portfolio/holdings (Caused by NameResolutionError("<urllib3.connection.HTTPSConnection object at 0x12027a490>: Failed to resolve 'api.kite.trade' ([Errno 8] nodename nor servname provided, or not known)"))
2025-10-07 14:33:50,854 - kite_client - ERROR - Failed to get margins: HTTPSConnectionPool(host='api.kite.trade', port=443): Max retries exceeded with url: /user/margins (Caused by NameResolutionError("<urllib3.connection.HTTPSConnection object at 0x12020e490>: Failed to resolve 'api.kite.trade' ([Errno 8] nodename nor servname provided, or not known)"))
2025-10-07 14:33:50,854 - __main__ - INFO - Portfolio rebalancing suggestions:
2025-10-07 14:33:50,854 - __main__ - INFO -   - {'type': 'diversify', 'current_positions': 0, 'suggested_positions': 8, 'reason': 'Portfolio under-diversified'}
2025-10-07 14:33:50,854 - __main__ - INFO - Trading cycle completed
2025-10-07 14:50:36,576 - __main__ - INFO - Starting trading cycle...
2025-10-07 14:50:37,013 - kite_client - ERROR - Failed to get positions: Incorrect `api_key` or `access_token`.
2025-10-07 14:50:37,324 - kite_client - ERROR - Failed to get holdings: Incorrect `api_key` or `access_token`.
2025-10-07 14:50:37,633 - kite_client - ERROR - Failed to get margins: Incorrect `api_key` or `access_token`.
2025-10-07 14:50:37,917 - kite_client - ERROR - Failed to get positions: Incorrect `api_key` or `access_token`.
2025-10-07 14:50:38,192 - kite_client - ERROR - Failed to get holdings: Incorrect `api_key` or `access_token`.
2025-10-07 14:50:38,482 - kite_client - ERROR - Failed to get margins: Incorrect `api_key` or `access_token`.
2025-10-07 14:50:38,483 - __main__ - INFO - Portfolio value: ₹0.00
2025-10-07 14:50:38,483 - __main__ - INFO - Day PnL: ₹0.00
2025-10-07 14:50:39,124 - kite_client - ERROR - Failed to get historical data: Incorrect `api_key` or `access_token`.
2025-10-07 14:50:39,131 - trading_strategies - WARNING - Analysis failed for NSE:RELIANCE: Insufficient data
2025-10-07 14:50:39,840 - kite_client - ERROR - Failed to get historical data: Incorrect `api_key` or `access_token`.
2025-10-07 14:50:39,846 - trading_strategies - WARNING - Analysis failed for NSE:TCS: Insufficient data
2025-10-07 14:50:40,485 - kite_client - ERROR - Failed to get historical data: Incorrect `api_key` or `access_token`.
2025-10-07 14:50:40,489 - trading_strategies - WARNING - Analysis failed for NSE:HDFCBANK: Insufficient data
2025-10-07 14:50:41,139 - kite_client - ERROR - Failed to get historical data: Incorrect `api_key` or `access_token`.
2025-10-07 14:50:41,144 - trading_strategies - WARNING - Analysis failed for NSE:INFY: Insufficient data
2025-10-07 14:50:41,798 - kite_client - ERROR - Failed to get historical data: Incorrect `api_key` or `access_token`.
2025-10-07 14:50:41,804 - trading_strategies - WARNING - Analysis failed for NSE:HINDUNILVR: Insufficient data
2025-10-07 14:50:42,499 - kite_client - ERROR - Failed to get historical data: Incorrect `api_key` or `access_token`.
2025-10-07 14:50:42,505 - trading_strategies - WARNING - Analysis failed for NSE:ITC: Insufficient data
2025-10-07 14:50:43,155 - kite_client - ERROR - Failed to get historical data: Incorrect `api_key` or `access_token`.
2025-10-07 14:50:43,160 - trading_strategies - WARNING - Analysis failed for NSE:KOTAKBANK: Insufficient data
2025-10-07 14:50:43,801 - kite_client - ERROR - Failed to get historical data: Incorrect `api_key` or `access_token`.
2025-10-07 14:50:43,807 - trading_strategies - WARNING - Analysis failed for NSE:LT: Insufficient data
2025-10-07 14:50:44,545 - kite_client - ERROR - Failed to get historical data: Incorrect `api_key` or `access_token`.
2025-10-07 14:50:44,550 - trading_strategies - WARNING - Analysis failed for NSE:SBIN: Insufficient data
2025-10-07 14:50:45,205 - kite_client - ERROR - Failed to get historical data: Incorrect `api_key` or `access_token`.
2025-10-07 14:50:45,211 - trading_strategies - WARNING - Analysis failed for NSE:BHARTIARTL: Insufficient data
2025-10-07 14:50:45,483 - kite_client - ERROR - Failed to get positions: Incorrect `api_key` or `access_token`.
2025-10-07 14:50:45,789 - kite_client - ERROR - Failed to get positions: Incorrect `api_key` or `access_token`.
2025-10-07 14:50:46,825 - kite_client - ERROR - Failed to get holdings: Incorrect `api_key` or `access_token`.
2025-10-07 14:50:47,108 - kite_client - ERROR - Failed to get margins: Incorrect `api_key` or `access_token`.
2025-10-07 14:50:47,108 - __main__ - INFO - Portfolio rebalancing suggestions:
2025-10-07 14:50:47,108 - __main__ - INFO -   - {'type': 'diversify', 'current_positions': 0, 'suggested_positions': 8, 'reason': 'Portfolio under-diversified'}
2025-10-07 14:50:47,109 - __main__ - INFO - Trading cycle completed
2025-10-07 15:07:29,160 - __main__ - INFO - Starting trading cycle...
2025-10-07 15:07:29,463 - kite_client - ERROR - Failed to get positions: ('Connection aborted.', ConnectionResetError(54, 'Connection reset by peer'))
2025-10-07 15:07:29,921 - kite_client - ERROR - Failed to get holdings: Incorrect `api_key` or `access_token`.
2025-10-07 15:07:30,391 - kite_client - ERROR - Failed to get margins: Incorrect `api_key` or `access_token`.
2025-10-07 15:07:30,695 - kite_client - ERROR - Failed to get positions: Incorrect `api_key` or `access_token`.
2025-10-07 15:07:31,040 - kite_client - ERROR - Failed to get holdings: Incorrect `api_key` or `access_token`.
2025-10-07 15:07:31,373 - kite_client - ERROR - Failed to get margins: Incorrect `api_key` or `access_token`.
2025-10-07 15:07:31,373 - __main__ - INFO - Portfolio value: ₹0.00
2025-10-07 15:07:31,373 - __main__ - INFO - Day PnL: ₹0.00
2025-10-07 15:07:32,145 - kite_client - ERROR - Failed to get historical data: Incorrect `api_key` or `access_token`.
2025-10-07 15:07:32,151 - trading_strategies - WARNING - Analysis failed for NSE:RELIANCE: Insufficient data
2025-10-07 15:07:32,994 - kite_client - ERROR - Failed to get historical data: Incorrect `api_key` or `access_token`.
2025-10-07 15:07:32,997 - trading_strategies - WARNING - Analysis failed for NSE:TCS: Insufficient data
2025-10-07 15:07:33,742 - kite_client - ERROR - Failed to get historical data: Incorrect `api_key` or `access_token`.
2025-10-07 15:07:33,748 - trading_strategies - WARNING - Analysis failed for NSE:HDFCBANK: Insufficient data
2025-10-07 15:07:34,670 - kite_client - ERROR - Failed to get historical data: Incorrect `api_key` or `access_token`.
2025-10-07 15:07:34,676 - trading_strategies - WARNING - Analysis failed for NSE:INFY: Insufficient data
2025-10-07 15:07:35,474 - kite_client - ERROR - Failed to get historical data: Incorrect `api_key` or `access_token`.
2025-10-07 15:07:35,479 - trading_strategies - WARNING - Analysis failed for NSE:HINDUNILVR: Insufficient data
2025-10-07 15:07:36,203 - kite_client - ERROR - Failed to get historical data: Incorrect `api_key` or `access_token`.
2025-10-07 15:07:36,211 - trading_strategies - WARNING - Analysis failed for NSE:ITC: Insufficient data
2025-10-07 15:07:38,382 - kite_client - ERROR - Failed to get historical data: Incorrect `api_key` or `access_token`.
2025-10-07 15:07:38,388 - trading_strategies - WARNING - Analysis failed for NSE:KOTAKBANK: Insufficient data
2025-10-07 15:07:39,099 - kite_client - ERROR - Failed to get historical data: Incorrect `api_key` or `access_token`.
2025-10-07 15:07:39,105 - trading_strategies - WARNING - Analysis failed for NSE:LT: Insufficient data
2025-10-07 15:07:40,062 - kite_client - ERROR - Failed to get historical data: Incorrect `api_key` or `access_token`.
2025-10-07 15:07:40,069 - trading_strategies - WARNING - Analysis failed for NSE:SBIN: Insufficient data
2025-10-07 15:07:40,688 - kite_client - ERROR - Failed to get historical data: Incorrect `api_key` or `access_token`.
2025-10-07 15:07:40,695 - trading_strategies - WARNING - Analysis failed for NSE:BHARTIARTL: Insufficient data
2025-10-07 15:07:40,979 - kite_client - ERROR - Failed to get positions: Incorrect `api_key` or `access_token`.
2025-10-07 15:07:41,242 - kite_client - ERROR - Failed to get positions: Incorrect `api_key` or `access_token`.
2025-10-07 15:07:41,504 - kite_client - ERROR - Failed to get holdings: Incorrect `api_key` or `access_token`.
2025-10-07 15:07:41,776 - kite_client - ERROR - Failed to get margins: Incorrect `api_key` or `access_token`.
2025-10-07 15:07:41,777 - __main__ - INFO - Portfolio rebalancing suggestions:
2025-10-07 15:07:41,777 - __main__ - INFO -   - {'type': 'diversify', 'current_positions': 0, 'suggested_positions': 8, 'reason': 'Portfolio under-diversified'}
2025-10-07 15:07:41,777 - __main__ - INFO - Trading cycle completed
2025-10-07 15:23:00,656 - __main__ - INFO - Starting trading cycle...
2025-10-07 15:23:00,711 - kite_client - ERROR - Failed to get positions: ('Connection aborted.', ConnectionResetError(54, 'Connection reset by peer'))
2025-10-07 15:23:01,230 - kite_client - ERROR - Failed to get holdings: Incorrect `api_key` or `access_token`.
2025-10-07 15:23:01,598 - kite_client - ERROR - Failed to get margins: Incorrect `api_key` or `access_token`.
2025-10-07 15:23:01,953 - kite_client - ERROR - Failed to get positions: Incorrect `api_key` or `access_token`.
2025-10-07 15:23:02,228 - kite_client - ERROR - Failed to get holdings: Incorrect `api_key` or `access_token`.
2025-10-07 15:23:02,534 - kite_client - ERROR - Failed to get margins: Incorrect `api_key` or `access_token`.
2025-10-07 15:23:02,535 - __main__ - INFO - Portfolio value: ₹0.00
2025-10-07 15:23:02,535 - __main__ - INFO - Day PnL: ₹0.00
2025-10-07 15:23:03,996 - kite_client - ERROR - Failed to get historical data: Incorrect `api_key` or `access_token`.
2025-10-07 15:23:04,002 - trading_strategies - WARNING - Analysis failed for NSE:RELIANCE: Insufficient data
2025-10-07 15:23:04,887 - kite_client - ERROR - Failed to get historical data: Incorrect `api_key` or `access_token`.
2025-10-07 15:23:04,892 - trading_strategies - WARNING - Analysis failed for NSE:TCS: Insufficient data
2025-10-07 15:23:05,518 - kite_client - ERROR - Failed to get historical data: Incorrect `api_key` or `access_token`.
2025-10-07 15:23:05,524 - trading_strategies - WARNING - Analysis failed for NSE:HDFCBANK: Insufficient data
2025-10-07 15:23:06,239 - kite_client - ERROR - Failed to get historical data: Incorrect `api_key` or `access_token`.
2025-10-07 15:23:06,242 - trading_strategies - WARNING - Analysis failed for NSE:INFY: Insufficient data
2025-10-07 15:23:07,023 - kite_client - ERROR - Failed to get historical data: Incorrect `api_key` or `access_token`.
2025-10-07 15:23:07,030 - trading_strategies - WARNING - Analysis failed for NSE:HINDUNILVR: Insufficient data
2025-10-07 15:23:07,792 - kite_client - ERROR - Failed to get historical data: Incorrect `api_key` or `access_token`.
2025-10-07 15:23:07,798 - trading_strategies - WARNING - Analysis failed for NSE:ITC: Insufficient data
2025-10-07 15:23:08,499 - kite_client - ERROR - Failed to get historical data: Incorrect `api_key` or `access_token`.
2025-10-07 15:23:08,505 - trading_strategies - WARNING - Analysis failed for NSE:KOTAKBANK: Insufficient data
2025-10-07 15:23:09,901 - kite_client - ERROR - Failed to get historical data: Incorrect `api_key` or `access_token`.
2025-10-07 15:23:09,905 - trading_strategies - WARNING - Analysis failed for NSE:LT: Insufficient data
2025-10-07 15:23:10,654 - kite_client - ERROR - Failed to get historical data: Incorrect `api_key` or `access_token`.
2025-10-07 15:23:10,659 - trading_strategies - WARNING - Analysis failed for NSE:SBIN: Insufficient data
2025-10-07 15:23:11,311 - kite_client - ERROR - Failed to get historical data: Incorrect `api_key` or `access_token`.
2025-10-07 15:23:11,320 - trading_strategies - WARNING - Analysis failed for NSE:BHARTIARTL: Insufficient data
2025-10-07 15:23:11,678 - kite_client - ERROR - Failed to get positions: Incorrect `api_key` or `access_token`.
2025-10-07 15:23:11,985 - kite_client - ERROR - Failed to get positions: Incorrect `api_key` or `access_token`.
2025-10-07 15:23:12,273 - kite_client - ERROR - Failed to get holdings: Incorrect `api_key` or `access_token`.
2025-10-07 15:23:12,566 - kite_client - ERROR - Failed to get margins: Incorrect `api_key` or `access_token`.
2025-10-07 15:23:12,567 - __main__ - INFO - Portfolio rebalancing suggestions:
2025-10-07 15:23:12,567 - __main__ - INFO -   - {'type': 'diversify', 'current_positions': 0, 'suggested_positions': 8, 'reason': 'Portfolio under-diversified'}
2025-10-07 15:23:12,567 - __main__ - INFO - Trading cycle completed
2025-10-07 15:38:54,534 - __main__ - INFO - Starting trading cycle...
2025-10-07 15:38:54,534 - __main__ - INFO - Market is closed
2025-10-07 15:58:50,340 - __main__ - INFO - Starting trading cycle...
2025-10-07 15:58:50,411 - __main__ - INFO - Market is closed
2025-10-07 16:08:34,901 - __main__ - INFO - Starting trading cycle...
2025-10-07 16:08:34,902 - __main__ - INFO - Market is closed
2025-10-07 16:18:23,680 - __main__ - INFO - Starting trading cycle...
2025-10-07 16:18:23,683 - __main__ - INFO - Market is closed
2025-10-07 16:36:42,813 - __main__ - INFO - Starting trading cycle...
2025-10-07 16:36:42,814 - __main__ - INFO - Market is closed
2025-10-07 16:54:47,955 - __main__ - INFO - Starting trading cycle...
2025-10-07 16:54:48,031 - __main__ - INFO - Market is closed
2025-10-07 17:10:58,030 - __main__ - INFO - Starting trading cycle...
2025-10-07 17:10:58,033 - __main__ - INFO - Market is closed
2025-10-07 17:19:24,095 - __main__ - INFO - Starting trading cycle...
2025-10-07 17:19:24,097 - __main__ - INFO - Market is closed
2025-10-07 17:36:30,665 - __main__ - INFO - Starting trading cycle...
2025-10-07 17:36:30,666 - __main__ - INFO - Market is closed
2025-10-07 17:52:53,692 - __main__ - INFO - Starting trading cycle...
2025-10-07 17:52:53,699 - __main__ - INFO - Market is closed
2025-10-07 18:08:24,901 - __main__ - INFO - Starting trading cycle...
2025-10-07 18:08:24,999 - __main__ - INFO - Market is closed
2025-10-07 18:16:05,637 - __main__ - INFO - Starting trading cycle...
2025-10-07 18:16:05,639 - __main__ - INFO - Market is closed
2025-10-07 18:30:47,353 - __main__ - INFO - Starting trading cycle...
2025-10-07 18:30:47,355 - __main__ - INFO - Market is closed
2025-10-07 18:47:24,618 - __main__ - INFO - Starting trading cycle...
2025-10-07 18:47:24,627 - __main__ - INFO - Market is closed
2025-10-07 19:03:12,709 - __main__ - INFO - Starting trading cycle...
2025-10-07 19:03:12,710 - __main__ - INFO - Market is closed
2025-10-07 19:18:48,709 - __main__ - INFO - Starting trading cycle...
2025-10-07 19:18:48,718 - __main__ - INFO - Market is closed
2025-10-07 19:37:16,318 - __main__ - INFO - Starting trading cycle...
2025-10-07 19:37:16,319 - __main__ - INFO - Market is closed
2025-10-07 19:54:58,331 - __main__ - INFO - Starting trading cycle...
2025-10-07 19:54:58,334 - __main__ - INFO - Market is closed
2025-10-07 20:11:52,442 - __main__ - INFO - Starting trading cycle...
2025-10-07 20:11:52,443 - __main__ - INFO - Market is closed
2025-10-07 20:21:59,526 - __main__ - INFO - Starting trading cycle...
2025-10-07 20:21:59,528 - __main__ - INFO - Market is closed
2025-10-07 20:38:42,028 - __main__ - INFO - Starting trading cycle...
2025-10-07 20:38:42,030 - __main__ - INFO - Market is closed
2025-10-07 20:55:02,094 - __main__ - INFO - Starting trading cycle...
2025-10-07 20:55:02,095 - __main__ - INFO - Market is closed
2025-10-07 21:13:19,040 - __main__ - INFO - Starting trading cycle...
2025-10-07 21:13:19,041 - __main__ - INFO - Market is closed
2025-10-07 21:23:00,097 - __main__ - INFO - Starting trading cycle...
2025-10-07 21:23:00,100 - __main__ - INFO - Market is closed
2025-10-07 21:39:38,646 - __main__ - INFO - Starting trading cycle...
2025-10-07 21:39:38,647 - __main__ - INFO - Market is closed
2025-10-07 21:58:04,785 - __main__ - INFO - Starting trading cycle...
2025-10-07 21:58:04,787 - __main__ - INFO - Market is closed
2025-10-07 22:14:42,907 - __main__ - INFO - Starting trading cycle...
2025-10-07 22:14:42,979 - __main__ - INFO - Market is closed
2025-10-07 22:24:00,972 - __main__ - INFO - Starting trading cycle...
2025-10-07 22:24:00,974 - __main__ - INFO - Market is closed
2025-10-07 22:45:41,009 - __main__ - INFO - Starting trading cycle...
2025-10-07 22:45:41,010 - __main__ - INFO - Market is closed
2025-10-07 23:03:02,709 - __main__ - INFO - Starting trading cycle...
2025-10-07 23:03:02,710 - __main__ - INFO - Market is closed
2025-10-07 23:08:03,418 - __main__ - INFO - Starting trading cycle...
2025-10-07 23:08:03,422 - __main__ - INFO - Market is closed
2025-10-07 23:13:03,581 - __main__ - INFO - Starting trading cycle...
2025-10-07 23:13:03,585 - __main__ - INFO - Market is closed
2025-10-07 23:18:03,768 - __main__ - INFO - Starting trading cycle...
2025-10-07 23:18:03,773 - __main__ - INFO - Market is closed
2025-10-07 23:35:11,008 - __main__ - INFO - Starting trading cycle...
2025-10-07 23:35:11,009 - __main__ - INFO - Market is closed
2025-10-07 23:40:11,462 - __main__ - INFO - Starting trading cycle...
2025-10-07 23:40:11,466 - __main__ - INFO - Market is closed
2025-10-07 23:45:11,791 - __main__ - INFO - Starting trading cycle...
2025-10-07 23:45:11,799 - __main__ - INFO - Market is closed
2025-10-07 23:50:11,944 - __main__ - INFO - Starting trading cycle...
2025-10-07 23:50:11,948 - __main__ - INFO - Market is closed
2025-10-07 23:55:12,125 - __main__ - INFO - Starting trading cycle...
2025-10-07 23:55:12,136 - __main__ - INFO - Market is closed
2025-10-08 00:00:12,309 - __main__ - INFO - Starting trading cycle...
2025-10-08 00:00:12,314 - __main__ - INFO - Market is closed
2025-10-08 00:19:28,068 - __main__ - INFO - Starting trading cycle...
2025-10-08 00:19:28,070 - __main__ - INFO - Market is closed
2025-10-08 00:35:39,155 - __main__ - INFO - Starting trading cycle...
2025-10-08 00:35:39,164 - __main__ - INFO - Market is closed
2025-10-08 00:55:09,592 - __main__ - INFO - Starting trading cycle...
2025-10-08 00:55:09,598 - __main__ - INFO - Market is closed
2025-10-08 01:11:19,771 - __main__ - INFO - Starting trading cycle...
2025-10-08 01:11:19,772 - __main__ - INFO - Market is closed
2025-10-08 01:28:41,879 - __main__ - INFO - Starting trading cycle...
2025-10-08 01:28:41,984 - __main__ - INFO - Market is closed
2025-10-08 01:46:46,087 - __main__ - INFO - Starting trading cycle...
2025-10-08 01:46:46,088 - __main__ - INFO - Market is closed
2025-10-08 02:04:34,220 - __main__ - INFO - Starting trading cycle...
2025-10-08 02:04:34,221 - __main__ - INFO - Market is closed
2025-10-08 02:20:42,361 - __main__ - INFO - Starting trading cycle...
2025-10-08 02:20:42,361 - __main__ - INFO - Market is closed
2025-10-08 02:37:34,418 - __main__ - INFO - Starting trading cycle...
2025-10-08 02:37:34,419 - __main__ - INFO - Market is closed
2025-10-08 02:54:40,512 - __main__ - INFO - Starting trading cycle...
2025-10-08 02:54:40,512 - __main__ - INFO - Market is closed
2025-10-08 03:12:54,591 - __main__ - INFO - Starting trading cycle...
2025-10-08 03:12:54,592 - __main__ - INFO - Market is closed
2025-10-08 03:31:07,701 - __main__ - INFO - Starting trading cycle...
2025-10-08 03:31:07,701 - __main__ - INFO - Market is closed
2025-10-08 03:36:31,661 - __main__ - INFO - Starting trading cycle...
2025-10-08 03:36:31,663 - __main__ - INFO - Market is closed
2025-10-08 03:56:58,005 - __main__ - INFO - Starting trading cycle...
2025-10-08 03:56:58,013 - __main__ - INFO - Market is closed
2025-10-08 04:14:39,005 - __main__ - INFO - Starting trading cycle...
2025-10-08 04:14:39,006 - __main__ - INFO - Market is closed
2025-10-08 04:32:35,126 - __main__ - INFO - Starting trading cycle...
2025-10-08 04:32:35,127 - __main__ - INFO - Market is closed
2025-10-08 04:48:51,154 - __main__ - INFO - Starting trading cycle...
2025-10-08 04:48:51,156 - __main__ - INFO - Market is closed
2025-10-08 05:04:45,237 - __main__ - INFO - Starting trading cycle...
2025-10-08 05:04:45,237 - __main__ - INFO - Market is closed
2025-10-08 05:22:24,292 - __main__ - INFO - Starting trading cycle...
2025-10-08 05:22:24,294 - __main__ - INFO - Market is closed
2025-10-08 05:41:49,704 - __main__ - INFO - Starting trading cycle...
2025-10-08 05:41:49,706 - __main__ - INFO - Market is closed
2025-10-08 05:59:31,416 - __main__ - INFO - Starting trading cycle...
2025-10-08 05:59:31,416 - __main__ - INFO - Market is closed
2025-10-08 06:19:52,671 - __main__ - INFO - Starting trading cycle...
2025-10-08 06:19:52,672 - __main__ - INFO - Market is closed
2025-10-08 06:36:14,396 - __main__ - INFO - Starting trading cycle...
2025-10-08 06:36:14,397 - __main__ - INFO - Market is closed
2025-10-08 06:56:51,399 - __main__ - INFO - Starting trading cycle...
2025-10-08 06:56:51,399 - __main__ - INFO - Market is closed
2025-10-08 07:13:32,470 - __main__ - INFO - Starting trading cycle...
2025-10-08 07:13:32,481 - __main__ - INFO - Market is closed
2025-10-08 07:30:28,299 - __main__ - INFO - Starting trading cycle...
2025-10-08 07:30:28,301 - __main__ - INFO - Market is closed
2025-10-08 07:47:03,365 - __main__ - INFO - Starting trading cycle...
2025-10-08 07:47:03,365 - __main__ - INFO - Market is closed
2025-10-08 08:03:40,422 - __main__ - INFO - Starting trading cycle...
2025-10-08 08:03:40,424 - __main__ - INFO - Market is closed
2025-10-08 08:20:16,568 - __main__ - INFO - Starting trading cycle...
2025-10-08 08:20:16,570 - __main__ - INFO - Market is closed
2025-10-08 08:37:25,646 - __main__ - INFO - Starting trading cycle...
2025-10-08 08:37:25,648 - __main__ - INFO - Market is closed
2025-10-08 08:53:40,648 - __main__ - INFO - Starting trading cycle...
2025-10-08 08:53:40,649 - __main__ - INFO - Market is closed
2025-10-08 09:04:40,654 - __main__ - INFO - Starting trading cycle...
2025-10-08 09:04:40,656 - __main__ - INFO - Market is closed
2025-10-08 09:04:40,656 - __main__ - INFO - Performing daily reset...
2025-10-08 09:04:40,657 - portfolio_manager - INFO - Daily statistics reset
2025-10-08 09:04:40,657 - __main__ - INFO - Daily reset completed
2025-10-08 09:20:09,633 - __main__ - INFO - Starting trading cycle...
2025-10-08 09:20:16,721 - kite_client - ERROR - Failed to get positions: HTTPSConnectionPool(host='api.kite.trade', port=443): Read timed out. (read timeout=7)
2025-10-08 09:20:17,187 - kite_client - ERROR - Failed to get holdings: Incorrect `api_key` or `access_token`.
2025-10-08 09:20:17,514 - kite_client - ERROR - Failed to get margins: Incorrect `api_key` or `access_token`.
2025-10-08 09:20:17,789 - kite_client - ERROR - Failed to get positions: Incorrect `api_key` or `access_token`.
2025-10-08 09:20:18,047 - kite_client - ERROR - Failed to get holdings: Incorrect `api_key` or `access_token`.
2025-10-08 09:20:19,093 - kite_client - ERROR - Failed to get margins: Incorrect `api_key` or `access_token`.
2025-10-08 09:20:19,094 - __main__ - INFO - Portfolio value: ₹0.00
2025-10-08 09:20:19,094 - __main__ - INFO - Day PnL: ₹0.00
2025-10-08 09:20:19,789 - kite_client - ERROR - Failed to get historical data: Incorrect `api_key` or `access_token`.
2025-10-08 09:20:19,795 - trading_strategies - WARNING - Analysis failed for NSE:RELIANCE: Insufficient data
2025-10-08 09:20:20,424 - kite_client - ERROR - Failed to get historical data: Incorrect `api_key` or `access_token`.
2025-10-08 09:20:20,430 - trading_strategies - WARNING - Analysis failed for NSE:TCS: Insufficient data
2025-10-08 09:20:21,247 - kite_client - ERROR - Failed to get historical data: Incorrect `api_key` or `access_token`.
2025-10-08 09:20:21,253 - trading_strategies - WARNING - Analysis failed for NSE:HDFCBANK: Insufficient data
2025-10-08 09:20:21,943 - kite_client - ERROR - Failed to get historical data: Incorrect `api_key` or `access_token`.
2025-10-08 09:20:21,951 - trading_strategies - WARNING - Analysis failed for NSE:INFY: Insufficient data
2025-10-08 09:20:22,781 - kite_client - ERROR - Failed to get historical data: Incorrect `api_key` or `access_token`.
2025-10-08 09:20:22,788 - trading_strategies - WARNING - Analysis failed for NSE:HINDUNILVR: Insufficient data
2025-10-08 09:20:23,457 - kite_client - ERROR - Failed to get historical data: Incorrect `api_key` or `access_token`.
2025-10-08 09:20:23,462 - trading_strategies - WARNING - Analysis failed for NSE:ITC: Insufficient data
2025-10-08 09:20:24,133 - kite_client - ERROR - Failed to get historical data: Incorrect `api_key` or `access_token`.
2025-10-08 09:20:24,140 - trading_strategies - WARNING - Analysis failed for NSE:KOTAKBANK: Insufficient data
2025-10-08 09:20:24,762 - kite_client - ERROR - Failed to get historical data: Incorrect `api_key` or `access_token`.
2025-10-08 09:20:24,768 - trading_strategies - WARNING - Analysis failed for NSE:LT: Insufficient data
2025-10-08 09:20:25,384 - kite_client - ERROR - Failed to get historical data: Incorrect `api_key` or `access_token`.
2025-10-08 09:20:25,389 - trading_strategies - WARNING - Analysis failed for NSE:SBIN: Insufficient data
2025-10-08 09:20:26,065 - kite_client - ERROR - Failed to get historical data: Incorrect `api_key` or `access_token`.
2025-10-08 09:20:26,070 - trading_strategies - WARNING - Analysis failed for NSE:BHARTIARTL: Insufficient data
2025-10-08 09:20:26,334 - kite_client - ERROR - Failed to get positions: Incorrect `api_key` or `access_token`.
2025-10-08 09:20:26,598 - kite_client - ERROR - Failed to get positions: Incorrect `api_key` or `access_token`.
2025-10-08 09:20:26,877 - kite_client - ERROR - Failed to get holdings: Incorrect `api_key` or `access_token`.
2025-10-08 09:20:27,143 - kite_client - ERROR - Failed to get margins: Incorrect `api_key` or `access_token`.
2025-10-08 09:20:27,143 - __main__ - INFO - Portfolio rebalancing suggestions:
2025-10-08 09:20:27,143 - __main__ - INFO -   - {'type': 'diversify', 'current_positions': 0, 'suggested_positions': 8, 'reason': 'Portfolio under-diversified'}
2025-10-08 09:20:27,143 - __main__ - INFO - Trading cycle completed
2025-10-08 09:35:57,887 - __main__ - INFO - Starting trading cycle...
2025-10-08 09:35:58,563 - kite_client - ERROR - Failed to get positions: ('Connection aborted.', ConnectionResetError(54, 'Connection reset by peer'))
2025-10-08 09:35:59,106 - kite_client - ERROR - Failed to get holdings: Incorrect `api_key` or `access_token`.
2025-10-08 09:35:59,401 - kite_client - ERROR - Failed to get margins: Incorrect `api_key` or `access_token`.
2025-10-08 09:35:59,805 - kite_client - ERROR - Failed to get positions: Incorrect `api_key` or `access_token`.
2025-10-08 09:36:00,139 - kite_client - ERROR - Failed to get holdings: Incorrect `api_key` or `access_token`.
2025-10-08 09:36:00,469 - kite_client - ERROR - Failed to get margins: Incorrect `api_key` or `access_token`.
2025-10-08 09:36:00,469 - __main__ - INFO - Portfolio value: ₹0.00
2025-10-08 09:36:00,470 - __main__ - INFO - Day PnL: ₹0.00
2025-10-08 09:36:01,260 - kite_client - ERROR - Failed to get historical data: Incorrect `api_key` or `access_token`.
2025-10-08 09:36:01,268 - trading_strategies - WARNING - Analysis failed for NSE:RELIANCE: Insufficient data
2025-10-08 09:36:02,023 - kite_client - ERROR - Failed to get historical data: Incorrect `api_key` or `access_token`.
2025-10-08 09:36:02,032 - trading_strategies - WARNING - Analysis failed for NSE:TCS: Insufficient data
2025-10-08 09:36:02,734 - kite_client - ERROR - Failed to get historical data: Incorrect `api_key` or `access_token`.
2025-10-08 09:36:02,743 - trading_strategies - WARNING - Analysis failed for NSE:HDFCBANK: Insufficient data
2025-10-08 09:36:03,549 - kite_client - ERROR - Failed to get historical data: Incorrect `api_key` or `access_token`.
2025-10-08 09:36:03,555 - trading_strategies - WARNING - Analysis failed for NSE:INFY: Insufficient data
2025-10-08 09:36:04,419 - kite_client - ERROR - Failed to get historical data: Incorrect `api_key` or `access_token`.
2025-10-08 09:36:04,425 - trading_strategies - WARNING - Analysis failed for NSE:HINDUNILVR: Insufficient data
2025-10-08 09:36:05,227 - kite_client - ERROR - Failed to get historical data: Incorrect `api_key` or `access_token`.
2025-10-08 09:36:05,232 - trading_strategies - WARNING - Analysis failed for NSE:ITC: Insufficient data
2025-10-08 09:36:06,022 - kite_client - ERROR - Failed to get historical data: Incorrect `api_key` or `access_token`.
2025-10-08 09:36:06,030 - trading_strategies - WARNING - Analysis failed for NSE:KOTAKBANK: Insufficient data
2025-10-08 09:36:06,733 - kite_client - ERROR - Failed to get historical data: Incorrect `api_key` or `access_token`.
2025-10-08 09:36:06,738 - trading_strategies - WARNING - Analysis failed for NSE:LT: Insufficient data
2025-10-08 09:36:07,369 - kite_client - ERROR - Failed to get historical data: Incorrect `api_key` or `access_token`.
2025-10-08 09:36:07,375 - trading_strategies - WARNING - Analysis failed for NSE:SBIN: Insufficient data
2025-10-08 09:36:08,036 - kite_client - ERROR - Failed to get historical data: Incorrect `api_key` or `access_token`.
2025-10-08 09:36:08,039 - trading_strategies - WARNING - Analysis failed for NSE:BHARTIARTL: Insufficient data
2025-10-08 09:36:08,305 - kite_client - ERROR - Failed to get positions: Incorrect `api_key` or `access_token`.
2025-10-08 09:36:08,580 - kite_client - ERROR - Failed to get positions: Incorrect `api_key` or `access_token`.
2025-10-08 09:36:08,856 - kite_client - ERROR - Failed to get holdings: Incorrect `api_key` or `access_token`.
2025-10-08 09:36:09,131 - kite_client - ERROR - Failed to get margins: Incorrect `api_key` or `access_token`.
2025-10-08 09:36:09,132 - __main__ - INFO - Portfolio rebalancing suggestions:
2025-10-08 09:36:09,132 - __main__ - INFO -   - {'type': 'diversify', 'current_positions': 0, 'suggested_positions': 8, 'reason': 'Portfolio under-diversified'}
2025-10-08 09:36:09,132 - __main__ - INFO - Trading cycle completed
2025-10-08 09:54:37,549 - __main__ - INFO - Starting trading cycle...
2025-10-08 09:54:37,573 - kite_client - ERROR - Failed to get positions: ('Connection aborted.', ConnectionResetError(54, 'Connection reset by peer'))
2025-10-08 09:54:37,918 - kite_client - ERROR - Failed to get holdings: Incorrect `api_key` or `access_token`.
2025-10-08 09:54:38,242 - kite_client - ERROR - Failed to get margins: Incorrect `api_key` or `access_token`.
2025-10-08 09:54:38,513 - kite_client - ERROR - Failed to get positions: Incorrect `api_key` or `access_token`.
2025-10-08 09:54:38,845 - kite_client - ERROR - Failed to get holdings: Incorrect `api_key` or `access_token`.
2025-10-08 09:54:39,175 - kite_client - ERROR - Failed to get margins: Incorrect `api_key` or `access_token`.
2025-10-08 09:54:39,175 - __main__ - INFO - Portfolio value: ₹0.00
2025-10-08 09:54:39,175 - __main__ - INFO - Day PnL: ₹0.00
2025-10-08 09:54:39,960 - kite_client - ERROR - Failed to get historical data: Incorrect `api_key` or `access_token`.
2025-10-08 09:54:39,966 - trading_strategies - WARNING - Analysis failed for NSE:RELIANCE: Insufficient data
2025-10-08 09:54:41,435 - kite_client - ERROR - Failed to get historical data: Incorrect `api_key` or `access_token`.
2025-10-08 09:54:41,441 - trading_strategies - WARNING - Analysis failed for NSE:TCS: Insufficient data
2025-10-08 09:54:42,075 - kite_client - ERROR - Failed to get historical data: Incorrect `api_key` or `access_token`.
2025-10-08 09:54:42,081 - trading_strategies - WARNING - Analysis failed for NSE:HDFCBANK: Insufficient data
2025-10-08 09:54:43,591 - kite_client - ERROR - Failed to get historical data: Incorrect `api_key` or `access_token`.
2025-10-08 09:54:43,597 - trading_strategies - WARNING - Analysis failed for NSE:INFY: Insufficient data
2025-10-08 09:54:44,308 - kite_client - ERROR - Failed to get historical data: Incorrect `api_key` or `access_token`.
2025-10-08 09:54:44,316 - trading_strategies - WARNING - Analysis failed for NSE:HINDUNILVR: Insufficient data
2025-10-08 09:54:45,188 - kite_client - ERROR - Failed to get historical data: Incorrect `api_key` or `access_token`.
2025-10-08 09:54:45,194 - trading_strategies - WARNING - Analysis failed for NSE:ITC: Insufficient data
2025-10-08 09:54:45,963 - kite_client - ERROR - Failed to get historical data: Incorrect `api_key` or `access_token`.
2025-10-08 09:54:45,969 - trading_strategies - WARNING - Analysis failed for NSE:KOTAKBANK: Insufficient data
2025-10-08 09:54:46,580 - kite_client - ERROR - Failed to get historical data: Incorrect `api_key` or `access_token`.
2025-10-08 09:54:46,586 - trading_strategies - WARNING - Analysis failed for NSE:LT: Insufficient data
2025-10-08 09:54:47,324 - kite_client - ERROR - Failed to get historical data: Incorrect `api_key` or `access_token`.
2025-10-08 09:54:47,330 - trading_strategies - WARNING - Analysis failed for NSE:SBIN: Insufficient data
2025-10-08 09:54:48,251 - kite_client - ERROR - Failed to get historical data: Incorrect `api_key` or `access_token`.
2025-10-08 09:54:48,259 - trading_strategies - WARNING - Analysis failed for NSE:BHARTIARTL: Insufficient data
2025-10-08 09:54:48,525 - kite_client - ERROR - Failed to get positions: Incorrect `api_key` or `access_token`.
2025-10-08 09:54:48,804 - kite_client - ERROR - Failed to get positions: Incorrect `api_key` or `access_token`.
2025-10-08 09:54:49,089 - kite_client - ERROR - Failed to get holdings: Incorrect `api_key` or `access_token`.
2025-10-08 09:54:49,425 - kite_client - ERROR - Failed to get margins: Incorrect `api_key` or `access_token`.
2025-10-08 09:54:49,426 - __main__ - INFO - Portfolio rebalancing suggestions:
2025-10-08 09:54:49,426 - __main__ - INFO -   - {'type': 'diversify', 'current_positions': 0, 'suggested_positions': 8, 'reason': 'Portfolio under-diversified'}
2025-10-08 09:54:49,426 - __main__ - INFO - Trading cycle completed
2025-10-08 10:12:24,453 - __main__ - INFO - Starting trading cycle...
2025-10-08 10:12:24,500 - kite_client - ERROR - Failed to get positions: ('Connection aborted.', ConnectionResetError(54, 'Connection reset by peer'))
2025-10-08 10:12:25,025 - kite_client - ERROR - Failed to get holdings: Incorrect `api_key` or `access_token`.
2025-10-08 10:12:26,221 - kite_client - ERROR - Failed to get margins: Incorrect `api_key` or `access_token`.
2025-10-08 10:12:26,629 - kite_client - ERROR - Failed to get positions: Incorrect `api_key` or `access_token`.
2025-10-08 10:12:26,976 - kite_client - ERROR - Failed to get holdings: Incorrect `api_key` or `access_token`.
2025-10-08 10:12:27,307 - kite_client - ERROR - Failed to get margins: Incorrect `api_key` or `access_token`.
2025-10-08 10:12:27,307 - __main__ - INFO - Portfolio value: ₹0.00
2025-10-08 10:12:27,307 - __main__ - INFO - Day PnL: ₹0.00
2025-10-08 10:12:28,351 - kite_client - ERROR - Failed to get historical data: Incorrect `api_key` or `access_token`.
2025-10-08 10:12:28,356 - trading_strategies - WARNING - Analysis failed for NSE:RELIANCE: Insufficient data
2025-10-08 10:12:29,817 - kite_client - ERROR - Failed to get historical data: Incorrect `api_key` or `access_token`.
2025-10-08 10:12:29,822 - trading_strategies - WARNING - Analysis failed for NSE:TCS: Insufficient data
2025-10-08 10:12:30,694 - kite_client - ERROR - Failed to get historical data: Incorrect `api_key` or `access_token`.
2025-10-08 10:12:30,698 - trading_strategies - WARNING - Analysis failed for NSE:HDFCBANK: Insufficient data
2025-10-08 10:12:31,923 - kite_client - ERROR - Failed to get historical data: Incorrect `api_key` or `access_token`.
2025-10-08 10:12:31,926 - trading_strategies - WARNING - Analysis failed for NSE:INFY: Insufficient data
2025-10-08 10:12:32,873 - kite_client - ERROR - Failed to get historical data: Incorrect `api_key` or `access_token`.
2025-10-08 10:12:32,876 - trading_strategies - WARNING - Analysis failed for NSE:HINDUNILVR: Insufficient data
2025-10-08 10:12:33,673 - kite_client - ERROR - Failed to get historical data: Incorrect `api_key` or `access_token`.
2025-10-08 10:12:33,679 - trading_strategies - WARNING - Analysis failed for NSE:ITC: Insufficient data
2025-10-08 10:12:34,424 - kite_client - ERROR - Failed to get historical data: Incorrect `api_key` or `access_token`.
2025-10-08 10:12:34,432 - trading_strategies - WARNING - Analysis failed for NSE:KOTAKBANK: Insufficient data
2025-10-08 10:12:35,116 - kite_client - ERROR - Failed to get historical data: Incorrect `api_key` or `access_token`.
2025-10-08 10:12:35,123 - trading_strategies - WARNING - Analysis failed for NSE:LT: Insufficient data
2025-10-08 10:12:35,937 - kite_client - ERROR - Failed to get historical data: Incorrect `api_key` or `access_token`.
2025-10-08 10:12:35,944 - trading_strategies - WARNING - Analysis failed for NSE:SBIN: Insufficient data
2025-10-08 10:12:36,641 - kite_client - ERROR - Failed to get historical data: Incorrect `api_key` or `access_token`.
2025-10-08 10:12:36,649 - trading_strategies - WARNING - Analysis failed for NSE:BHARTIARTL: Insufficient data
2025-10-08 10:12:36,932 - kite_client - ERROR - Failed to get positions: Incorrect `api_key` or `access_token`.
2025-10-08 10:12:37,226 - kite_client - ERROR - Failed to get positions: Incorrect `api_key` or `access_token`.
2025-10-08 10:12:37,561 - kite_client - ERROR - Failed to get holdings: Incorrect `api_key` or `access_token`.
2025-10-08 10:12:37,845 - kite_client - ERROR - Failed to get margins: Incorrect `api_key` or `access_token`.
2025-10-08 10:12:37,845 - __main__ - INFO - Portfolio rebalancing suggestions:
2025-10-08 10:12:37,845 - __main__ - INFO -   - {'type': 'diversify', 'current_positions': 0, 'suggested_positions': 8, 'reason': 'Portfolio under-diversified'}
2025-10-08 10:12:37,846 - __main__ - INFO - Trading cycle completed
2025-10-08 10:29:56,829 - __main__ - INFO - Starting trading cycle...
2025-10-08 10:29:57,382 - kite_client - ERROR - Failed to get positions: ('Connection aborted.', ConnectionResetError(54, 'Connection reset by peer'))
2025-10-08 10:29:58,702 - kite_client - ERROR - Failed to get holdings: Incorrect `api_key` or `access_token`.
2025-10-08 10:29:59,931 - kite_client - ERROR - Failed to get margins: Incorrect `api_key` or `access_token`.
2025-10-08 10:30:00,257 - kite_client - ERROR - Failed to get positions: Incorrect `api_key` or `access_token`.
2025-10-08 10:30:00,762 - kite_client - ERROR - Failed to get holdings: Incorrect `api_key` or `access_token`.
2025-10-08 10:30:01,134 - kite_client - ERROR - Failed to get margins: Incorrect `api_key` or `access_token`.
2025-10-08 10:30:01,134 - __main__ - INFO - Portfolio value: ₹0.00
2025-10-08 10:30:01,134 - __main__ - INFO - Day PnL: ₹0.00
2025-10-08 10:30:02,087 - kite_client - ERROR - Failed to get historical data: Incorrect `api_key` or `access_token`.
2025-10-08 10:30:02,092 - trading_strategies - WARNING - Analysis failed for NSE:RELIANCE: Insufficient data
2025-10-08 10:30:03,630 - kite_client - ERROR - Failed to get historical data: Incorrect `api_key` or `access_token`.
2025-10-08 10:30:03,636 - trading_strategies - WARNING - Analysis failed for NSE:TCS: Insufficient data
2025-10-08 10:30:04,406 - kite_client - ERROR - Failed to get historical data: Incorrect `api_key` or `access_token`.
2025-10-08 10:30:04,411 - trading_strategies - WARNING - Analysis failed for NSE:HDFCBANK: Insufficient data
2025-10-08 10:30:06,266 - kite_client - ERROR - Failed to get historical data: Incorrect `api_key` or `access_token`.
2025-10-08 10:30:06,272 - trading_strategies - WARNING - Analysis failed for NSE:INFY: Insufficient data
2025-10-08 10:30:08,802 - kite_client - ERROR - Failed to get historical data: Incorrect `api_key` or `access_token`.
2025-10-08 10:30:08,808 - trading_strategies - WARNING - Analysis failed for NSE:HINDUNILVR: Insufficient data
2025-10-08 10:30:09,950 - kite_client - ERROR - Failed to get historical data: Incorrect `api_key` or `access_token`.
2025-10-08 10:30:09,956 - trading_strategies - WARNING - Analysis failed for NSE:ITC: Insufficient data
2025-10-08 10:30:10,826 - kite_client - ERROR - Failed to get historical data: Incorrect `api_key` or `access_token`.
2025-10-08 10:30:10,832 - trading_strategies - WARNING - Analysis failed for NSE:KOTAKBANK: Insufficient data
2025-10-08 10:30:12,151 - kite_client - ERROR - Failed to get historical data: Incorrect `api_key` or `access_token`.
2025-10-08 10:30:12,157 - trading_strategies - WARNING - Analysis failed for NSE:LT: Insufficient data
2025-10-08 10:30:13,232 - kite_client - ERROR - Failed to get historical data: Incorrect `api_key` or `access_token`.
2025-10-08 10:30:13,238 - trading_strategies - WARNING - Analysis failed for NSE:SBIN: Insufficient data
2025-10-08 10:30:14,359 - kite_client - ERROR - Failed to get historical data: Incorrect `api_key` or `access_token`.
2025-10-08 10:30:14,365 - trading_strategies - WARNING - Analysis failed for NSE:BHARTIARTL: Insufficient data
2025-10-08 10:30:15,599 - kite_client - ERROR - Failed to get positions: Incorrect `api_key` or `access_token`.
2025-10-08 10:30:15,914 - kite_client - ERROR - Failed to get positions: Incorrect `api_key` or `access_token`.
2025-10-08 10:30:16,322 - kite_client - ERROR - Failed to get holdings: Incorrect `api_key` or `access_token`.
2025-10-08 10:30:16,709 - kite_client - ERROR - Failed to get margins: Incorrect `api_key` or `access_token`.
2025-10-08 10:30:16,709 - __main__ - INFO - Portfolio rebalancing suggestions:
2025-10-08 10:30:16,709 - __main__ - INFO -   - {'type': 'diversify', 'current_positions': 0, 'suggested_positions': 8, 'reason': 'Portfolio under-diversified'}
2025-10-08 10:30:16,710 - __main__ - INFO - Trading cycle completed
2025-10-08 10:45:43,657 - __main__ - INFO - Starting trading cycle...
2025-10-08 10:45:43,715 - kite_client - ERROR - Failed to get positions: ('Connection aborted.', ConnectionResetError(54, 'Connection reset by peer'))
2025-10-08 10:45:44,147 - kite_client - ERROR - Failed to get holdings: Incorrect `api_key` or `access_token`.
2025-10-08 10:45:44,455 - kite_client - ERROR - Failed to get margins: Incorrect `api_key` or `access_token`.
2025-10-08 10:45:44,808 - kite_client - ERROR - Failed to get positions: Incorrect `api_key` or `access_token`.
2025-10-08 10:45:45,133 - kite_client - ERROR - Failed to get holdings: Incorrect `api_key` or `access_token`.
2025-10-08 10:45:45,553 - kite_client - ERROR - Failed to get margins: Incorrect `api_key` or `access_token`.
2025-10-08 10:45:45,553 - __main__ - INFO - Portfolio value: ₹0.00
2025-10-08 10:45:45,553 - __main__ - INFO - Day PnL: ₹0.00
2025-10-08 10:45:46,491 - kite_client - ERROR - Failed to get historical data: Incorrect `api_key` or `access_token`.
2025-10-08 10:45:46,496 - trading_strategies - WARNING - Analysis failed for NSE:RELIANCE: Insufficient data
2025-10-08 10:45:47,205 - kite_client - ERROR - Failed to get historical data: Incorrect `api_key` or `access_token`.
2025-10-08 10:45:47,211 - trading_strategies - WARNING - Analysis failed for NSE:TCS: Insufficient data
2025-10-08 10:45:48,007 - kite_client - ERROR - Failed to get historical data: Incorrect `api_key` or `access_token`.
2025-10-08 10:45:48,012 - trading_strategies - WARNING - Analysis failed for NSE:HDFCBANK: Insufficient data
2025-10-08 10:45:48,962 - kite_client - ERROR - Failed to get historical data: Incorrect `api_key` or `access_token`.
2025-10-08 10:45:48,968 - trading_strategies - WARNING - Analysis failed for NSE:INFY: Insufficient data
2025-10-08 10:45:49,728 - kite_client - ERROR - Failed to get historical data: Incorrect `api_key` or `access_token`.
2025-10-08 10:45:49,734 - trading_strategies - WARNING - Analysis failed for NSE:HINDUNILVR: Insufficient data
2025-10-08 10:45:50,420 - kite_client - ERROR - Failed to get historical data: Incorrect `api_key` or `access_token`.
2025-10-08 10:45:50,426 - trading_strategies - WARNING - Analysis failed for NSE:ITC: Insufficient data
2025-10-08 10:45:51,058 - kite_client - ERROR - Failed to get historical data: Incorrect `api_key` or `access_token`.
2025-10-08 10:45:51,063 - trading_strategies - WARNING - Analysis failed for NSE:KOTAKBANK: Insufficient data
2025-10-08 10:45:51,969 - kite_client - ERROR - Failed to get historical data: Incorrect `api_key` or `access_token`.
2025-10-08 10:45:51,977 - trading_strategies - WARNING - Analysis failed for NSE:LT: Insufficient data
2025-10-08 10:45:52,890 - kite_client - ERROR - Failed to get historical data: Incorrect `api_key` or `access_token`.
2025-10-08 10:45:52,896 - trading_strategies - WARNING - Analysis failed for NSE:SBIN: Insufficient data
2025-10-08 10:45:54,368 - kite_client - ERROR - Failed to get historical data: Incorrect `api_key` or `access_token`.
2025-10-08 10:45:54,373 - trading_strategies - WARNING - Analysis failed for NSE:BHARTIARTL: Insufficient data
2025-10-08 10:45:54,684 - kite_client - ERROR - Failed to get positions: Incorrect `api_key` or `access_token`.
2025-10-08 10:45:54,994 - kite_client - ERROR - Failed to get positions: Incorrect `api_key` or `access_token`.
2025-10-08 10:45:56,692 - kite_client - ERROR - Failed to get holdings: Incorrect `api_key` or `access_token`.
2025-10-08 10:45:57,090 - kite_client - ERROR - Failed to get margins: Incorrect `api_key` or `access_token`.
2025-10-08 10:45:57,091 - __main__ - INFO - Portfolio rebalancing suggestions:
2025-10-08 10:45:57,091 - __main__ - INFO -   - {'type': 'diversify', 'current_positions': 0, 'suggested_positions': 8, 'reason': 'Portfolio under-diversified'}
2025-10-08 10:45:57,091 - __main__ - INFO - Trading cycle completed
2025-10-08 10:50:57,428 - __main__ - INFO - Starting trading cycle...
2025-10-08 10:50:57,791 - kite_client - ERROR - Failed to get positions: Incorrect `api_key` or `access_token`.
2025-10-08 10:50:58,150 - kite_client - ERROR - Failed to get holdings: Incorrect `api_key` or `access_token`.
2025-10-08 10:50:58,505 - kite_client - ERROR - Failed to get margins: Incorrect `api_key` or `access_token`.
2025-10-08 10:50:58,782 - kite_client - ERROR - Failed to get positions: Incorrect `api_key` or `access_token`.
2025-10-08 10:50:59,119 - kite_client - ERROR - Failed to get holdings: Incorrect `api_key` or `access_token`.
2025-10-08 10:50:59,397 - kite_client - ERROR - Failed to get margins: Incorrect `api_key` or `access_token`.
2025-10-08 10:50:59,397 - __main__ - INFO - Portfolio value: ₹0.00
2025-10-08 10:50:59,398 - __main__ - INFO - Day PnL: ₹0.00
2025-10-08 10:51:00,037 - kite_client - ERROR - Failed to get historical data: Incorrect `api_key` or `access_token`.
2025-10-08 10:51:00,045 - trading_strategies - WARNING - Analysis failed for NSE:RELIANCE: Insufficient data
2025-10-08 10:51:01,014 - kite_client - ERROR - Failed to get historical data: Incorrect `api_key` or `access_token`.
2025-10-08 10:51:01,020 - trading_strategies - WARNING - Analysis failed for NSE:TCS: Insufficient data
2025-10-08 10:51:02,037 - kite_client - ERROR - Failed to get historical data: Incorrect `api_key` or `access_token`.
2025-10-08 10:51:02,043 - trading_strategies - WARNING - Analysis failed for NSE:HDFCBANK: Insufficient data
2025-10-08 10:51:03,126 - kite_client - ERROR - Failed to get historical data: Incorrect `api_key` or `access_token`.
2025-10-08 10:51:03,132 - trading_strategies - WARNING - Analysis failed for NSE:INFY: Insufficient data
2025-10-08 10:51:04,186 - kite_client - ERROR - Failed to get historical data: Incorrect `api_key` or `access_token`.
2025-10-08 10:51:04,194 - trading_strategies - WARNING - Analysis failed for NSE:HINDUNILVR: Insufficient data
2025-10-08 10:51:05,212 - kite_client - ERROR - Failed to get historical data: Incorrect `api_key` or `access_token`.
2025-10-08 10:51:05,218 - trading_strategies - WARNING - Analysis failed for NSE:ITC: Insufficient data
2025-10-08 10:51:09,129 - kite_client - ERROR - Failed to get historical data: Incorrect `api_key` or `access_token`.
2025-10-08 10:51:09,136 - trading_strategies - WARNING - Analysis failed for NSE:KOTAKBANK: Insufficient data
2025-10-08 10:51:10,552 - kite_client - ERROR - Failed to get historical data: Incorrect `api_key` or `access_token`.
2025-10-08 10:51:10,557 - trading_strategies - WARNING - Analysis failed for NSE:LT: Insufficient data
2025-10-08 10:51:12,047 - kite_client - ERROR - Failed to get historical data: Incorrect `api_key` or `access_token`.
2025-10-08 10:51:12,055 - trading_strategies - WARNING - Analysis failed for NSE:SBIN: Insufficient data
2025-10-08 10:51:13,293 - kite_client - ERROR - Failed to get historical data: Incorrect `api_key` or `access_token`.
2025-10-08 10:51:13,300 - trading_strategies - WARNING - Analysis failed for NSE:BHARTIARTL: Insufficient data
2025-10-08 10:51:13,606 - kite_client - ERROR - Failed to get positions: Incorrect `api_key` or `access_token`.
2025-10-08 10:51:13,957 - kite_client - ERROR - Failed to get positions: Incorrect `api_key` or `access_token`.
2025-10-08 10:51:14,217 - kite_client - ERROR - Failed to get holdings: Incorrect `api_key` or `access_token`.
2025-10-08 10:51:14,528 - kite_client - ERROR - Failed to get margins: Incorrect `api_key` or `access_token`.
2025-10-08 10:51:14,529 - __main__ - INFO - Portfolio rebalancing suggestions:
2025-10-08 10:51:14,529 - __main__ - INFO -   - {'type': 'diversify', 'current_positions': 0, 'suggested_positions': 8, 'reason': 'Portfolio under-diversified'}
2025-10-08 10:51:14,529 - __main__ - INFO - Trading cycle completed
2025-10-08 10:57:08,079 - __main__ - INFO - Starting trading cycle...
2025-10-08 10:57:08,665 - kite_client - ERROR - Failed to get positions: Incorrect `api_key` or `access_token`.
2025-10-08 10:57:09,012 - kite_client - ERROR - Failed to get holdings: Incorrect `api_key` or `access_token`.
2025-10-08 10:57:09,352 - kite_client - ERROR - Failed to get margins: Incorrect `api_key` or `access_token`.
2025-10-08 10:57:09,625 - kite_client - ERROR - Failed to get positions: Incorrect `api_key` or `access_token`.
2025-10-08 10:57:10,678 - kite_client - ERROR - Failed to get holdings: Incorrect `api_key` or `access_token`.
2025-10-08 10:57:10,947 - kite_client - ERROR - Failed to get margins: Incorrect `api_key` or `access_token`.
2025-10-08 10:57:10,947 - __main__ - INFO - Portfolio value: ₹0.00
2025-10-08 10:57:10,947 - __main__ - INFO - Day PnL: ₹0.00
2025-10-08 10:57:11,751 - kite_client - ERROR - Failed to get historical data: Incorrect `api_key` or `access_token`.
2025-10-08 10:57:11,758 - trading_strategies - WARNING - Analysis failed for NSE:RELIANCE: Insufficient data
2025-10-08 10:57:12,506 - kite_client - ERROR - Failed to get historical data: Incorrect `api_key` or `access_token`.
2025-10-08 10:57:12,513 - trading_strategies - WARNING - Analysis failed for NSE:TCS: Insufficient data
2025-10-08 10:57:13,222 - kite_client - ERROR - Failed to get historical data: Incorrect `api_key` or `access_token`.
2025-10-08 10:57:13,230 - trading_strategies - WARNING - Analysis failed for NSE:HDFCBANK: Insufficient data
2025-10-08 10:57:14,011 - kite_client - ERROR - Failed to get historical data: Incorrect `api_key` or `access_token`.
2025-10-08 10:57:14,017 - trading_strategies - WARNING - Analysis failed for NSE:INFY: Insufficient data
2025-10-08 10:57:14,799 - kite_client - ERROR - Failed to get historical data: Incorrect `api_key` or `access_token`.
2025-10-08 10:57:14,807 - trading_strategies - WARNING - Analysis failed for NSE:HINDUNILVR: Insufficient data
2025-10-08 10:57:15,586 - kite_client - ERROR - Failed to get historical data: Incorrect `api_key` or `access_token`.
2025-10-08 10:57:15,592 - trading_strategies - WARNING - Analysis failed for NSE:ITC: Insufficient data
2025-10-08 10:57:16,270 - kite_client - ERROR - Failed to get historical data: Incorrect `api_key` or `access_token`.
2025-10-08 10:57:16,275 - trading_strategies - WARNING - Analysis failed for NSE:KOTAKBANK: Insufficient data
2025-10-08 10:57:16,936 - kite_client - ERROR - Failed to get historical data: Incorrect `api_key` or `access_token`.
2025-10-08 10:57:16,943 - trading_strategies - WARNING - Analysis failed for NSE:LT: Insufficient data
2025-10-08 10:57:17,610 - kite_client - ERROR - Failed to get historical data: Incorrect `api_key` or `access_token`.
2025-10-08 10:57:17,616 - trading_strategies - WARNING - Analysis failed for NSE:SBIN: Insufficient data
2025-10-08 10:57:19,002 - kite_client - ERROR - Failed to get historical data: Incorrect `api_key` or `access_token`.
2025-10-08 10:57:19,006 - trading_strategies - WARNING - Analysis failed for NSE:BHARTIARTL: Insufficient data
2025-10-08 10:57:19,286 - kite_client - ERROR - Failed to get positions: Incorrect `api_key` or `access_token`.
2025-10-08 10:57:19,691 - kite_client - ERROR - Failed to get positions: Incorrect `api_key` or `access_token`.
2025-10-08 10:57:20,038 - kite_client - ERROR - Failed to get holdings: Incorrect `api_key` or `access_token`.
2025-10-08 10:57:20,354 - kite_client - ERROR - Failed to get margins: Incorrect `api_key` or `access_token`.
2025-10-08 10:57:20,354 - __main__ - INFO - Portfolio rebalancing suggestions:
2025-10-08 10:57:20,354 - __main__ - INFO -   - {'type': 'diversify', 'current_positions': 0, 'suggested_positions': 8, 'reason': 'Portfolio under-diversified'}
2025-10-08 10:57:20,355 - __main__ - INFO - Trading cycle completed
2025-10-08 11:02:20,560 - __main__ - INFO - Starting trading cycle...
2025-10-08 11:02:21,140 - kite_client - ERROR - Failed to get positions: Incorrect `api_key` or `access_token`.
2025-10-08 11:02:21,606 - kite_client - ERROR - Failed to get holdings: Incorrect `api_key` or `access_token`.
2025-10-08 11:02:22,160 - kite_client - ERROR - Failed to get margins: Incorrect `api_key` or `access_token`.
2025-10-08 11:02:22,798 - kite_client - ERROR - Failed to get positions: Incorrect `api_key` or `access_token`.
2025-10-08 11:02:23,412 - kite_client - ERROR - Failed to get holdings: Incorrect `api_key` or `access_token`.
2025-10-08 11:02:24,029 - kite_client - ERROR - Failed to get margins: Incorrect `api_key` or `access_token`.
2025-10-08 11:02:24,029 - __main__ - INFO - Portfolio value: ₹0.00
2025-10-08 11:02:24,030 - __main__ - INFO - Day PnL: ₹0.00
2025-10-08 11:02:24,825 - kite_client - ERROR - Failed to get historical data: Incorrect `api_key` or `access_token`.
2025-10-08 11:02:24,831 - trading_strategies - WARNING - Analysis failed for NSE:RELIANCE: Insufficient data
2025-10-08 11:02:25,519 - kite_client - ERROR - Failed to get historical data: Incorrect `api_key` or `access_token`.
2025-10-08 11:02:25,525 - trading_strategies - WARNING - Analysis failed for NSE:TCS: Insufficient data
2025-10-08 11:02:27,200 - kite_client - ERROR - Failed to get historical data: Incorrect `api_key` or `access_token`.
2025-10-08 11:02:27,206 - trading_strategies - WARNING - Analysis failed for NSE:HDFCBANK: Insufficient data
2025-10-08 11:02:28,031 - kite_client - ERROR - Failed to get historical data: Incorrect `api_key` or `access_token`.
2025-10-08 11:02:28,037 - trading_strategies - WARNING - Analysis failed for NSE:INFY: Insufficient data
2025-10-08 11:02:28,951 - kite_client - ERROR - Failed to get historical data: Incorrect `api_key` or `access_token`.
2025-10-08 11:02:28,957 - trading_strategies - WARNING - Analysis failed for NSE:HINDUNILVR: Insufficient data
2025-10-08 11:02:29,867 - kite_client - ERROR - Failed to get historical data: Incorrect `api_key` or `access_token`.
2025-10-08 11:02:29,873 - trading_strategies - WARNING - Analysis failed for NSE:ITC: Insufficient data
2025-10-08 11:02:31,148 - kite_client - ERROR - Failed to get historical data: Incorrect `api_key` or `access_token`.
2025-10-08 11:02:31,153 - trading_strategies - WARNING - Analysis failed for NSE:KOTAKBANK: Insufficient data
2025-10-08 11:02:31,964 - kite_client - ERROR - Failed to get historical data: Incorrect `api_key` or `access_token`.
2025-10-08 11:02:31,969 - trading_strategies - WARNING - Analysis failed for NSE:LT: Insufficient data
2025-10-08 11:02:32,669 - kite_client - ERROR - Failed to get historical data: Incorrect `api_key` or `access_token`.
2025-10-08 11:02:32,676 - trading_strategies - WARNING - Analysis failed for NSE:SBIN: Insufficient data
2025-10-08 11:02:33,449 - kite_client - ERROR - Failed to get historical data: Incorrect `api_key` or `access_token`.
2025-10-08 11:02:33,455 - trading_strategies - WARNING - Analysis failed for NSE:BHARTIARTL: Insufficient data
2025-10-08 11:02:33,754 - kite_client - ERROR - Failed to get positions: Incorrect `api_key` or `access_token`.
2025-10-08 11:02:34,061 - kite_client - ERROR - Failed to get positions: Incorrect `api_key` or `access_token`.
2025-10-08 11:02:34,755 - kite_client - ERROR - Failed to get holdings: Incorrect `api_key` or `access_token`.
2025-10-08 11:02:35,289 - kite_client - ERROR - Failed to get margins: Incorrect `api_key` or `access_token`.
2025-10-08 11:02:35,289 - __main__ - INFO - Portfolio rebalancing suggestions:
2025-10-08 11:02:35,290 - __main__ - INFO -   - {'type': 'diversify', 'current_positions': 0, 'suggested_positions': 8, 'reason': 'Portfolio under-diversified'}
2025-10-08 11:02:35,290 - __main__ - INFO - Trading cycle completed
2025-10-08 11:07:35,475 - __main__ - INFO - Starting trading cycle...
2025-10-08 11:07:36,121 - kite_client - ERROR - Failed to get positions: Incorrect `api_key` or `access_token`.
2025-10-08 11:07:36,659 - kite_client - ERROR - Failed to get holdings: Incorrect `api_key` or `access_token`.
2025-10-08 11:07:37,370 - kite_client - ERROR - Failed to get margins: Incorrect `api_key` or `access_token`.
2025-10-08 11:07:37,937 - kite_client - ERROR - Failed to get positions: Incorrect `api_key` or `access_token`.
2025-10-08 11:07:38,499 - kite_client - ERROR - Failed to get holdings: Incorrect `api_key` or `access_token`.
2025-10-08 11:07:39,012 - kite_client - ERROR - Failed to get margins: Incorrect `api_key` or `access_token`.
2025-10-08 11:07:39,012 - __main__ - INFO - Portfolio value: ₹0.00
2025-10-08 11:07:39,012 - __main__ - INFO - Day PnL: ₹0.00
2025-10-08 11:07:39,933 - kite_client - ERROR - Failed to get historical data: Incorrect `api_key` or `access_token`.
2025-10-08 11:07:39,941 - trading_strategies - WARNING - Analysis failed for NSE:RELIANCE: Insufficient data
2025-10-08 11:07:41,028 - kite_client - ERROR - Failed to get historical data: Incorrect `api_key` or `access_token`.
2025-10-08 11:07:41,034 - trading_strategies - WARNING - Analysis failed for NSE:TCS: Insufficient data
2025-10-08 11:07:41,779 - kite_client - ERROR - Failed to get historical data: Incorrect `api_key` or `access_token`.
2025-10-08 11:07:41,785 - trading_strategies - WARNING - Analysis failed for NSE:HDFCBANK: Insufficient data
2025-10-08 11:07:42,515 - kite_client - ERROR - Failed to get historical data: Incorrect `api_key` or `access_token`.
2025-10-08 11:07:42,524 - trading_strategies - WARNING - Analysis failed for NSE:INFY: Insufficient data
2025-10-08 11:07:44,891 - kite_client - ERROR - Failed to get historical data: Incorrect `api_key` or `access_token`.
2025-10-08 11:07:44,897 - trading_strategies - WARNING - Analysis failed for NSE:HINDUNILVR: Insufficient data
2025-10-08 11:07:45,871 - kite_client - ERROR - Failed to get historical data: Incorrect `api_key` or `access_token`.
2025-10-08 11:07:45,878 - trading_strategies - WARNING - Analysis failed for NSE:ITC: Insufficient data
2025-10-08 11:07:46,691 - kite_client - ERROR - Failed to get historical data: Incorrect `api_key` or `access_token`.
2025-10-08 11:07:46,698 - trading_strategies - WARNING - Analysis failed for NSE:KOTAKBANK: Insufficient data
2025-10-08 11:07:47,472 - kite_client - ERROR - Failed to get historical data: Incorrect `api_key` or `access_token`.
2025-10-08 11:07:47,481 - trading_strategies - WARNING - Analysis failed for NSE:LT: Insufficient data
2025-10-08 11:07:48,331 - kite_client - ERROR - Failed to get historical data: Incorrect `api_key` or `access_token`.
2025-10-08 11:07:48,339 - trading_strategies - WARNING - Analysis failed for NSE:SBIN: Insufficient data
2025-10-08 11:07:49,268 - kite_client - ERROR - Failed to get historical data: Incorrect `api_key` or `access_token`.
2025-10-08 11:07:49,276 - trading_strategies - WARNING - Analysis failed for NSE:BHARTIARTL: Insufficient data
2025-10-08 11:07:49,765 - kite_client - ERROR - Failed to get positions: Incorrect `api_key` or `access_token`.
2025-10-08 11:07:50,191 - kite_client - ERROR - Failed to get positions: Incorrect `api_key` or `access_token`.
2025-10-08 11:07:50,561 - kite_client - ERROR - Failed to get holdings: Incorrect `api_key` or `access_token`.
2025-10-08 11:07:50,869 - kite_client - ERROR - Failed to get margins: Incorrect `api_key` or `access_token`.
2025-10-08 11:07:50,870 - __main__ - INFO - Portfolio rebalancing suggestions:
2025-10-08 11:07:50,870 - __main__ - INFO -   - {'type': 'diversify', 'current_positions': 0, 'suggested_positions': 8, 'reason': 'Portfolio under-diversified'}
2025-10-08 11:07:50,870 - __main__ - INFO - Trading cycle completed
2025-10-08 11:12:50,903 - __main__ - INFO - Starting trading cycle...
2025-10-08 11:12:51,277 - kite_client - ERROR - Failed to get positions: Incorrect `api_key` or `access_token`.
2025-10-08 11:12:51,599 - kite_client - ERROR - Failed to get holdings: Incorrect `api_key` or `access_token`.
2025-10-08 11:12:51,932 - kite_client - ERROR - Failed to get margins: Incorrect `api_key` or `access_token`.
2025-10-08 11:12:52,266 - kite_client - ERROR - Failed to get positions: Incorrect `api_key` or `access_token`.
2025-10-08 11:12:52,584 - kite_client - ERROR - Failed to get holdings: Incorrect `api_key` or `access_token`.
2025-10-08 11:12:52,914 - kite_client - ERROR - Failed to get margins: Incorrect `api_key` or `access_token`.
2025-10-08 11:12:52,914 - __main__ - INFO - Portfolio value: ₹0.00
2025-10-08 11:12:52,915 - __main__ - INFO - Day PnL: ₹0.00
2025-10-08 11:12:53,565 - kite_client - ERROR - Failed to get historical data: Incorrect `api_key` or `access_token`.
2025-10-08 11:12:53,571 - trading_strategies - WARNING - Analysis failed for NSE:RELIANCE: Insufficient data
2025-10-08 11:12:55,786 - kite_client - ERROR - Failed to get historical data: Incorrect `api_key` or `access_token`.
2025-10-08 11:12:55,792 - trading_strategies - WARNING - Analysis failed for NSE:TCS: Insufficient data
2025-10-08 11:12:56,685 - kite_client - ERROR - Failed to get historical data: Incorrect `api_key` or `access_token`.
2025-10-08 11:12:56,691 - trading_strategies - WARNING - Analysis failed for NSE:HDFCBANK: Insufficient data
2025-10-08 11:12:57,556 - kite_client - ERROR - Failed to get historical data: Incorrect `api_key` or `access_token`.
2025-10-08 11:12:57,561 - trading_strategies - WARNING - Analysis failed for NSE:INFY: Insufficient data
2025-10-08 11:12:58,432 - kite_client - ERROR - Failed to get historical data: Incorrect `api_key` or `access_token`.
2025-10-08 11:12:58,437 - trading_strategies - WARNING - Analysis failed for NSE:HINDUNILVR: Insufficient data
2025-10-08 11:12:59,221 - kite_client - ERROR - Failed to get historical data: Incorrect `api_key` or `access_token`.
2025-10-08 11:12:59,229 - trading_strategies - WARNING - Analysis failed for NSE:ITC: Insufficient data
2025-10-08 11:12:59,840 - kite_client - ERROR - Failed to get historical data: Incorrect `api_key` or `access_token`.
2025-10-08 11:12:59,846 - trading_strategies - WARNING - Analysis failed for NSE:KOTAKBANK: Insufficient data
2025-10-08 11:13:00,552 - kite_client - ERROR - Failed to get historical data: Incorrect `api_key` or `access_token`.
2025-10-08 11:13:00,558 - trading_strategies - WARNING - Analysis failed for NSE:LT: Insufficient data
2025-10-08 11:13:01,355 - kite_client - ERROR - Failed to get historical data: Incorrect `api_key` or `access_token`.
2025-10-08 11:13:01,363 - trading_strategies - WARNING - Analysis failed for NSE:SBIN: Insufficient data
2025-10-08 11:13:02,119 - kite_client - ERROR - Failed to get historical data: Incorrect `api_key` or `access_token`.
2025-10-08 11:13:02,127 - trading_strategies - WARNING - Analysis failed for NSE:BHARTIARTL: Insufficient data
2025-10-08 11:13:02,418 - kite_client - ERROR - Failed to get positions: Incorrect `api_key` or `access_token`.
2025-10-08 11:13:02,786 - kite_client - ERROR - Failed to get positions: Incorrect `api_key` or `access_token`.
2025-10-08 11:13:03,195 - kite_client - ERROR - Failed to get holdings: Incorrect `api_key` or `access_token`.
2025-10-08 11:13:03,592 - kite_client - ERROR - Failed to get margins: Incorrect `api_key` or `access_token`.
2025-10-08 11:13:03,593 - __main__ - INFO - Portfolio rebalancing suggestions:
2025-10-08 11:13:03,593 - __main__ - INFO -   - {'type': 'diversify', 'current_positions': 0, 'suggested_positions': 8, 'reason': 'Portfolio under-diversified'}
2025-10-08 11:13:03,593 - __main__ - INFO - Trading cycle completed
2025-10-08 11:18:03,805 - __main__ - INFO - Starting trading cycle...
2025-10-08 11:18:04,136 - kite_client - ERROR - Failed to get positions: Incorrect `api_key` or `access_token`.
2025-10-08 11:18:05,174 - kite_client - ERROR - Failed to get holdings: Incorrect `api_key` or `access_token`.
2025-10-08 11:18:05,437 - kite_client - ERROR - Failed to get margins: Incorrect `api_key` or `access_token`.
2025-10-08 11:18:05,757 - kite_client - ERROR - Failed to get positions: Incorrect `api_key` or `access_token`.
2025-10-08 11:18:06,018 - kite_client - ERROR - Failed to get holdings: Incorrect `api_key` or `access_token`.
2025-10-08 11:18:06,277 - kite_client - ERROR - Failed to get margins: Incorrect `api_key` or `access_token`.
2025-10-08 11:18:06,277 - __main__ - INFO - Portfolio value: ₹0.00
2025-10-08 11:18:06,278 - __main__ - INFO - Day PnL: ₹0.00
2025-10-08 11:18:07,737 - kite_client - ERROR - Failed to get historical data: Incorrect `api_key` or `access_token`.
2025-10-08 11:18:07,743 - trading_strategies - WARNING - Analysis failed for NSE:RELIANCE: Insufficient data
2025-10-08 11:18:08,451 - kite_client - ERROR - Failed to get historical data: Incorrect `api_key` or `access_token`.
2025-10-08 11:18:08,456 - trading_strategies - WARNING - Analysis failed for NSE:TCS: Insufficient data
2025-10-08 11:18:09,219 - kite_client - ERROR - Failed to get historical data: Incorrect `api_key` or `access_token`.
2025-10-08 11:18:09,224 - trading_strategies - WARNING - Analysis failed for NSE:HDFCBANK: Insufficient data
2025-10-08 11:18:09,914 - kite_client - ERROR - Failed to get historical data: Incorrect `api_key` or `access_token`.
2025-10-08 11:18:09,920 - trading_strategies - WARNING - Analysis failed for NSE:INFY: Insufficient data
2025-10-08 11:18:10,605 - kite_client - ERROR - Failed to get historical data: Incorrect `api_key` or `access_token`.
2025-10-08 11:18:10,611 - trading_strategies - WARNING - Analysis failed for NSE:HINDUNILVR: Insufficient data
2025-10-08 11:18:11,831 - kite_client - ERROR - Failed to get historical data: Incorrect `api_key` or `access_token`.
2025-10-08 11:18:11,839 - trading_strategies - WARNING - Analysis failed for NSE:ITC: Insufficient data
2025-10-08 11:18:12,588 - kite_client - ERROR - Failed to get historical data: Incorrect `api_key` or `access_token`.
2025-10-08 11:18:12,593 - trading_strategies - WARNING - Analysis failed for NSE:KOTAKBANK: Insufficient data
2025-10-08 11:18:13,366 - kite_client - ERROR - Failed to get historical data: Incorrect `api_key` or `access_token`.
2025-10-08 11:18:13,372 - trading_strategies - WARNING - Analysis failed for NSE:LT: Insufficient data
2025-10-08 11:18:13,982 - kite_client - ERROR - Failed to get historical data: Incorrect `api_key` or `access_token`.
2025-10-08 11:18:13,987 - trading_strategies - WARNING - Analysis failed for NSE:SBIN: Insufficient data
2025-10-08 11:18:14,801 - kite_client - ERROR - Failed to get historical data: Incorrect `api_key` or `access_token`.
2025-10-08 11:18:14,807 - trading_strategies - WARNING - Analysis failed for NSE:BHARTIARTL: Insufficient data
2025-10-08 11:18:15,090 - kite_client - ERROR - Failed to get positions: Incorrect `api_key` or `access_token`.
2025-10-08 11:18:15,369 - kite_client - ERROR - Failed to get positions: Incorrect `api_key` or `access_token`.
2025-10-08 11:18:15,722 - kite_client - ERROR - Failed to get holdings: Incorrect `api_key` or `access_token`.
2025-10-08 11:18:16,080 - kite_client - ERROR - Failed to get margins: Incorrect `api_key` or `access_token`.
2025-10-08 11:18:16,080 - __main__ - INFO - Portfolio rebalancing suggestions:
2025-10-08 11:18:16,081 - __main__ - INFO -   - {'type': 'diversify', 'current_positions': 0, 'suggested_positions': 8, 'reason': 'Portfolio under-diversified'}
2025-10-08 11:18:16,081 - __main__ - INFO - Trading cycle completed
2025-10-08 11:24:30,711 - __main__ - INFO - Starting trading cycle...
2025-10-08 11:24:31,220 - kite_client - ERROR - Failed to get positions: Incorrect `api_key` or `access_token`.
2025-10-08 11:24:31,491 - kite_client - ERROR - Failed to get holdings: Incorrect `api_key` or `access_token`.
2025-10-08 11:24:31,750 - kite_client - ERROR - Failed to get margins: Incorrect `api_key` or `access_token`.
2025-10-08 11:24:32,008 - kite_client - ERROR - Failed to get positions: Incorrect `api_key` or `access_token`.
2025-10-08 11:24:32,326 - kite_client - ERROR - Failed to get holdings: Incorrect `api_key` or `access_token`.
2025-10-08 11:24:33,363 - kite_client - ERROR - Failed to get margins: Incorrect `api_key` or `access_token`.
2025-10-08 11:24:33,364 - __main__ - INFO - Portfolio value: ₹0.00
2025-10-08 11:24:33,364 - __main__ - INFO - Day PnL: ₹0.00
2025-10-08 11:24:34,152 - kite_client - ERROR - Failed to get historical data: Incorrect `api_key` or `access_token`.
2025-10-08 11:24:34,158 - trading_strategies - WARNING - Analysis failed for NSE:RELIANCE: Insufficient data
2025-10-08 11:24:34,950 - kite_client - ERROR - Failed to get historical data: Incorrect `api_key` or `access_token`.
2025-10-08 11:24:34,959 - trading_strategies - WARNING - Analysis failed for NSE:TCS: Insufficient data
2025-10-08 11:24:35,625 - kite_client - ERROR - Failed to get historical data: Incorrect `api_key` or `access_token`.
2025-10-08 11:24:35,630 - trading_strategies - WARNING - Analysis failed for NSE:HDFCBANK: Insufficient data
2025-10-08 11:24:36,366 - kite_client - ERROR - Failed to get historical data: Incorrect `api_key` or `access_token`.
2025-10-08 11:24:36,374 - trading_strategies - WARNING - Analysis failed for NSE:INFY: Insufficient data
2025-10-08 11:24:37,082 - kite_client - ERROR - Failed to get historical data: Incorrect `api_key` or `access_token`.
2025-10-08 11:24:37,095 - trading_strategies - WARNING - Analysis failed for NSE:HINDUNILVR: Insufficient data
2025-10-08 11:24:37,788 - kite_client - ERROR - Failed to get historical data: Incorrect `api_key` or `access_token`.
2025-10-08 11:24:37,792 - trading_strategies - WARNING - Analysis failed for NSE:ITC: Insufficient data
2025-10-08 11:24:38,410 - kite_client - ERROR - Failed to get historical data: Incorrect `api_key` or `access_token`.
2025-10-08 11:24:38,416 - trading_strategies - WARNING - Analysis failed for NSE:KOTAKBANK: Insufficient data
2025-10-08 11:24:39,793 - kite_client - ERROR - Failed to get historical data: Incorrect `api_key` or `access_token`.
2025-10-08 11:24:39,799 - trading_strategies - WARNING - Analysis failed for NSE:LT: Insufficient data
2025-10-08 11:24:40,477 - kite_client - ERROR - Failed to get historical data: Incorrect `api_key` or `access_token`.
2025-10-08 11:24:40,486 - trading_strategies - WARNING - Analysis failed for NSE:SBIN: Insufficient data
2025-10-08 11:24:41,168 - kite_client - ERROR - Failed to get historical data: Incorrect `api_key` or `access_token`.
2025-10-08 11:24:41,176 - trading_strategies - WARNING - Analysis failed for NSE:BHARTIARTL: Insufficient data
2025-10-08 11:24:41,503 - kite_client - ERROR - Failed to get positions: Incorrect `api_key` or `access_token`.
2025-10-08 11:24:41,874 - kite_client - ERROR - Failed to get positions: Incorrect `api_key` or `access_token`.
2025-10-08 11:24:42,181 - kite_client - ERROR - Failed to get holdings: Incorrect `api_key` or `access_token`.
2025-10-08 11:24:42,446 - kite_client - ERROR - Failed to get margins: Incorrect `api_key` or `access_token`.
2025-10-08 11:24:42,446 - __main__ - INFO - Portfolio rebalancing suggestions:
2025-10-08 11:24:42,446 - __main__ - INFO -   - {'type': 'diversify', 'current_positions': 0, 'suggested_positions': 8, 'reason': 'Portfolio under-diversified'}
2025-10-08 11:24:42,447 - __main__ - INFO - Trading cycle completed
2025-10-08 11:29:42,724 - __main__ - INFO - Starting trading cycle...
2025-10-08 11:29:43,234 - kite_client - ERROR - Failed to get positions: Incorrect `api_key` or `access_token`.
2025-10-08 11:29:43,493 - kite_client - ERROR - Failed to get holdings: Incorrect `api_key` or `access_token`.
2025-10-08 11:29:44,538 - kite_client - ERROR - Failed to get margins: Incorrect `api_key` or `access_token`.
2025-10-08 11:29:44,865 - kite_client - ERROR - Failed to get positions: Incorrect `api_key` or `access_token`.
2025-10-08 11:29:45,132 - kite_client - ERROR - Failed to get holdings: Incorrect `api_key` or `access_token`.
2025-10-08 11:29:45,398 - kite_client - ERROR - Failed to get margins: Incorrect `api_key` or `access_token`.
2025-10-08 11:29:45,398 - __main__ - INFO - Portfolio value: ₹0.00
2025-10-08 11:29:45,398 - __main__ - INFO - Day PnL: ₹0.00
2025-10-08 11:29:46,361 - kite_client - ERROR - Failed to get historical data: Incorrect `api_key` or `access_token`.
2025-10-08 11:29:46,364 - trading_strategies - WARNING - Analysis failed for NSE:RELIANCE: Insufficient data
2025-10-08 11:29:47,121 - kite_client - ERROR - Failed to get historical data: Incorrect `api_key` or `access_token`.
2025-10-08 11:29:47,127 - trading_strategies - WARNING - Analysis failed for NSE:TCS: Insufficient data
2025-10-08 11:29:47,946 - kite_client - ERROR - Failed to get historical data: Incorrect `api_key` or `access_token`.
2025-10-08 11:29:47,952 - trading_strategies - WARNING - Analysis failed for NSE:HDFCBANK: Insufficient data
2025-10-08 11:29:48,743 - kite_client - ERROR - Failed to get historical data: Incorrect `api_key` or `access_token`.
2025-10-08 11:29:48,748 - trading_strategies - WARNING - Analysis failed for NSE:INFY: Insufficient data
2025-10-08 11:29:49,466 - kite_client - ERROR - Failed to get historical data: Incorrect `api_key` or `access_token`.
2025-10-08 11:29:49,474 - trading_strategies - WARNING - Analysis failed for NSE:HINDUNILVR: Insufficient data
2025-10-08 11:29:50,216 - kite_client - ERROR - Failed to get historical data: Incorrect `api_key` or `access_token`.
2025-10-08 11:29:50,222 - trading_strategies - WARNING - Analysis failed for NSE:ITC: Insufficient data
2025-10-08 11:29:51,119 - kite_client - ERROR - Failed to get historical data: Incorrect `api_key` or `access_token`.
2025-10-08 11:29:51,125 - trading_strategies - WARNING - Analysis failed for NSE:KOTAKBANK: Insufficient data
2025-10-08 11:29:51,797 - kite_client - ERROR - Failed to get historical data: Incorrect `api_key` or `access_token`.
2025-10-08 11:29:51,804 - trading_strategies - WARNING - Analysis failed for NSE:LT: Insufficient data
2025-10-08 11:29:52,552 - kite_client - ERROR - Failed to get historical data: Incorrect `api_key` or `access_token`.
2025-10-08 11:29:52,557 - trading_strategies - WARNING - Analysis failed for NSE:SBIN: Insufficient data
2025-10-08 11:29:53,372 - kite_client - ERROR - Failed to get historical data: Incorrect `api_key` or `access_token`.
2025-10-08 11:29:53,378 - trading_strategies - WARNING - Analysis failed for NSE:BHARTIARTL: Insufficient data
2025-10-08 11:29:53,640 - kite_client - ERROR - Failed to get positions: Incorrect `api_key` or `access_token`.
2025-10-08 11:29:53,906 - kite_client - ERROR - Failed to get positions: Incorrect `api_key` or `access_token`.
2025-10-08 11:29:54,162 - kite_client - ERROR - Failed to get holdings: Incorrect `api_key` or `access_token`.
2025-10-08 11:29:54,415 - kite_client - ERROR - Failed to get margins: Incorrect `api_key` or `access_token`.
2025-10-08 11:29:54,416 - __main__ - INFO - Portfolio rebalancing suggestions:
2025-10-08 11:29:54,416 - __main__ - INFO -   - {'type': 'diversify', 'current_positions': 0, 'suggested_positions': 8, 'reason': 'Portfolio under-diversified'}
2025-10-08 11:29:54,416 - __main__ - INFO - Trading cycle completed
2025-10-08 11:34:54,634 - __main__ - INFO - Starting trading cycle...
2025-10-08 11:34:55,047 - kite_client - ERROR - Failed to get positions: Incorrect `api_key` or `access_token`.
2025-10-08 11:34:56,131 - kite_client - ERROR - Failed to get holdings: Incorrect `api_key` or `access_token`.
2025-10-08 11:34:56,474 - kite_client - ERROR - Failed to get margins: Incorrect `api_key` or `access_token`.
2025-10-08 11:34:56,884 - kite_client - ERROR - Failed to get positions: Incorrect `api_key` or `access_token`.
2025-10-08 11:34:57,191 - kite_client - ERROR - Failed to get holdings: Incorrect `api_key` or `access_token`.
2025-10-08 11:34:57,482 - kite_client - ERROR - Failed to get margins: Incorrect `api_key` or `access_token`.
2025-10-08 11:34:57,483 - __main__ - INFO - Portfolio value: ₹0.00
2025-10-08 11:34:57,483 - __main__ - INFO - Day PnL: ₹0.00
2025-10-08 11:34:58,351 - kite_client - ERROR - Failed to get historical data: Incorrect `api_key` or `access_token`.
2025-10-08 11:34:58,359 - trading_strategies - WARNING - Analysis failed for NSE:RELIANCE: Insufficient data
2025-10-08 11:34:59,104 - kite_client - ERROR - Failed to get historical data: Incorrect `api_key` or `access_token`.
2025-10-08 11:34:59,110 - trading_strategies - WARNING - Analysis failed for NSE:TCS: Insufficient data
2025-10-08 11:34:59,836 - kite_client - ERROR - Failed to get historical data: Incorrect `api_key` or `access_token`.
2025-10-08 11:34:59,842 - trading_strategies - WARNING - Analysis failed for NSE:HDFCBANK: Insufficient data
2025-10-08 11:35:00,605 - kite_client - ERROR - Failed to get historical data: Incorrect `api_key` or `access_token`.
2025-10-08 11:35:00,614 - trading_strategies - WARNING - Analysis failed for NSE:INFY: Insufficient data
2025-10-08 11:35:01,239 - kite_client - ERROR - Failed to get historical data: Incorrect `api_key` or `access_token`.
2025-10-08 11:35:01,245 - trading_strategies - WARNING - Analysis failed for NSE:HINDUNILVR: Insufficient data
2025-10-08 11:35:02,063 - kite_client - ERROR - Failed to get historical data: Incorrect `api_key` or `access_token`.
2025-10-08 11:35:02,068 - trading_strategies - WARNING - Analysis failed for NSE:ITC: Insufficient data
2025-10-08 11:35:02,823 - kite_client - ERROR - Failed to get historical data: Incorrect `api_key` or `access_token`.
2025-10-08 11:35:02,828 - trading_strategies - WARNING - Analysis failed for NSE:KOTAKBANK: Insufficient data
2025-10-08 11:35:03,642 - kite_client - ERROR - Failed to get historical data: Incorrect `api_key` or `access_token`.
2025-10-08 11:35:03,648 - trading_strategies - WARNING - Analysis failed for NSE:LT: Insufficient data
2025-10-08 11:35:04,285 - kite_client - ERROR - Failed to get historical data: Incorrect `api_key` or `access_token`.
2025-10-08 11:35:04,291 - trading_strategies - WARNING - Analysis failed for NSE:SBIN: Insufficient data
2025-10-08 11:35:05,050 - kite_client - ERROR - Failed to get historical data: Incorrect `api_key` or `access_token`.
2025-10-08 11:35:05,054 - trading_strategies - WARNING - Analysis failed for NSE:BHARTIARTL: Insufficient data
2025-10-08 11:35:05,329 - kite_client - ERROR - Failed to get positions: Incorrect `api_key` or `access_token`.
2025-10-08 11:35:05,587 - kite_client - ERROR - Failed to get positions: Incorrect `api_key` or `access_token`.
2025-10-08 11:35:05,884 - kite_client - ERROR - Failed to get holdings: Incorrect `api_key` or `access_token`.
2025-10-08 11:35:06,146 - kite_client - ERROR - Failed to get margins: Incorrect `api_key` or `access_token`.
2025-10-08 11:35:06,146 - __main__ - INFO - Portfolio rebalancing suggestions:
2025-10-08 11:35:06,146 - __main__ - INFO -   - {'type': 'diversify', 'current_positions': 0, 'suggested_positions': 8, 'reason': 'Portfolio under-diversified'}
2025-10-08 11:35:06,146 - __main__ - INFO - Trading cycle completed
2025-10-08 11:40:06,338 - __main__ - INFO - Starting trading cycle...
2025-10-08 11:40:06,689 - kite_client - ERROR - Failed to get positions: Incorrect `api_key` or `access_token`.
2025-10-08 11:40:07,054 - kite_client - ERROR - Failed to get holdings: Incorrect `api_key` or `access_token`.
2025-10-08 11:40:07,366 - kite_client - ERROR - Failed to get margins: Incorrect `api_key` or `access_token`.
2025-10-08 11:40:07,624 - kite_client - ERROR - Failed to get positions: Incorrect `api_key` or `access_token`.
2025-10-08 11:40:07,883 - kite_client - ERROR - Failed to get holdings: Incorrect `api_key` or `access_token`.
2025-10-08 11:40:08,207 - kite_client - ERROR - Failed to get margins: Incorrect `api_key` or `access_token`.
2025-10-08 11:40:08,207 - __main__ - INFO - Portfolio value: ₹0.00
2025-10-08 11:40:08,207 - __main__ - INFO - Day PnL: ₹0.00
2025-10-08 11:40:08,932 - kite_client - ERROR - Failed to get historical data: Incorrect `api_key` or `access_token`.
2025-10-08 11:40:08,938 - trading_strategies - WARNING - Analysis failed for NSE:RELIANCE: Insufficient data
2025-10-08 11:40:09,708 - kite_client - ERROR - Failed to get historical data: Incorrect `api_key` or `access_token`.
2025-10-08 11:40:09,714 - trading_strategies - WARNING - Analysis failed for NSE:TCS: Insufficient data
2025-10-08 11:40:10,372 - kite_client - ERROR - Failed to get historical data: Incorrect `api_key` or `access_token`.
2025-10-08 11:40:10,378 - trading_strategies - WARNING - Analysis failed for NSE:HDFCBANK: Insufficient data
2025-10-08 11:40:12,272 - kite_client - ERROR - Failed to get historical data: Incorrect `api_key` or `access_token`.
2025-10-08 11:40:12,278 - trading_strategies - WARNING - Analysis failed for NSE:INFY: Insufficient data
2025-10-08 11:40:12,978 - kite_client - ERROR - Failed to get historical data: Incorrect `api_key` or `access_token`.
2025-10-08 11:40:12,984 - trading_strategies - WARNING - Analysis failed for NSE:HINDUNILVR: Insufficient data
2025-10-08 11:40:14,379 - kite_client - ERROR - Failed to get historical data: Incorrect `api_key` or `access_token`.
2025-10-08 11:40:14,384 - trading_strategies - WARNING - Analysis failed for NSE:ITC: Insufficient data
2025-10-08 11:40:15,023 - kite_client - ERROR - Failed to get historical data: Incorrect `api_key` or `access_token`.
2025-10-08 11:40:15,029 - trading_strategies - WARNING - Analysis failed for NSE:KOTAKBANK: Insufficient data
2025-10-08 11:40:15,871 - kite_client - ERROR - Failed to get historical data: Incorrect `api_key` or `access_token`.
2025-10-08 11:40:15,876 - trading_strategies - WARNING - Analysis failed for NSE:LT: Insufficient data
2025-10-08 11:40:16,598 - kite_client - ERROR - Failed to get historical data: Incorrect `api_key` or `access_token`.
2025-10-08 11:40:16,603 - trading_strategies - WARNING - Analysis failed for NSE:SBIN: Insufficient data
2025-10-08 11:40:17,257 - kite_client - ERROR - Failed to get historical data: Incorrect `api_key` or `access_token`.
2025-10-08 11:40:17,262 - trading_strategies - WARNING - Analysis failed for NSE:BHARTIARTL: Insufficient data
2025-10-08 11:40:17,531 - kite_client - ERROR - Failed to get positions: Incorrect `api_key` or `access_token`.
2025-10-08 11:40:17,809 - kite_client - ERROR - Failed to get positions: Incorrect `api_key` or `access_token`.
2025-10-08 11:40:18,116 - kite_client - ERROR - Failed to get holdings: Incorrect `api_key` or `access_token`.
2025-10-08 11:40:18,397 - kite_client - ERROR - Failed to get margins: Incorrect `api_key` or `access_token`.
2025-10-08 11:40:18,397 - __main__ - INFO - Portfolio rebalancing suggestions:
2025-10-08 11:40:18,398 - __main__ - INFO -   - {'type': 'diversify', 'current_positions': 0, 'suggested_positions': 8, 'reason': 'Portfolio under-diversified'}
2025-10-08 11:40:18,398 - __main__ - INFO - Trading cycle completed
2025-10-08 11:45:18,609 - __main__ - INFO - Starting trading cycle...
2025-10-08 11:45:18,981 - kite_client - ERROR - Failed to get positions: Incorrect `api_key` or `access_token`.
2025-10-08 11:45:20,060 - kite_client - ERROR - Failed to get holdings: Incorrect `api_key` or `access_token`.
2025-10-08 11:45:20,329 - kite_client - ERROR - Failed to get margins: Incorrect `api_key` or `access_token`.
2025-10-08 11:45:20,705 - kite_client - ERROR - Failed to get positions: Incorrect `api_key` or `access_token`.
2025-10-08 11:45:21,115 - kite_client - ERROR - Failed to get holdings: Incorrect `api_key` or `access_token`.
2025-10-08 11:45:21,394 - kite_client - ERROR - Failed to get margins: Incorrect `api_key` or `access_token`.
2025-10-08 11:45:21,394 - __main__ - INFO - Portfolio value: ₹0.00
2025-10-08 11:45:21,394 - __main__ - INFO - Day PnL: ₹0.00
2025-10-08 11:45:22,337 - kite_client - ERROR - Failed to get historical data: Incorrect `api_key` or `access_token`.
2025-10-08 11:45:22,346 - trading_strategies - WARNING - Analysis failed for NSE:RELIANCE: Insufficient data
2025-10-08 11:45:23,037 - kite_client - ERROR - Failed to get historical data: Incorrect `api_key` or `access_token`.
2025-10-08 11:45:23,043 - trading_strategies - WARNING - Analysis failed for NSE:TCS: Insufficient data
2025-10-08 11:45:23,776 - kite_client - ERROR - Failed to get historical data: Incorrect `api_key` or `access_token`.
2025-10-08 11:45:23,781 - trading_strategies - WARNING - Analysis failed for NSE:HDFCBANK: Insufficient data
2025-10-08 11:45:25,156 - kite_client - ERROR - Failed to get historical data: Incorrect `api_key` or `access_token`.
2025-10-08 11:45:25,161 - trading_strategies - WARNING - Analysis failed for NSE:INFY: Insufficient data
2025-10-08 11:45:26,033 - kite_client - ERROR - Failed to get historical data: Incorrect `api_key` or `access_token`.
2025-10-08 11:45:26,038 - trading_strategies - WARNING - Analysis failed for NSE:HINDUNILVR: Insufficient data
2025-10-08 11:45:26,748 - kite_client - ERROR - Failed to get historical data: Incorrect `api_key` or `access_token`.
2025-10-08 11:45:26,753 - trading_strategies - WARNING - Analysis failed for NSE:ITC: Insufficient data
2025-10-08 11:45:27,545 - kite_client - ERROR - Failed to get historical data: Incorrect `api_key` or `access_token`.
2025-10-08 11:45:27,554 - trading_strategies - WARNING - Analysis failed for NSE:KOTAKBANK: Insufficient data
2025-10-08 11:45:28,285 - kite_client - ERROR - Failed to get historical data: Incorrect `api_key` or `access_token`.
2025-10-08 11:45:28,290 - trading_strategies - WARNING - Analysis failed for NSE:LT: Insufficient data
2025-10-08 11:45:29,003 - kite_client - ERROR - Failed to get historical data: Incorrect `api_key` or `access_token`.
2025-10-08 11:45:29,008 - trading_strategies - WARNING - Analysis failed for NSE:SBIN: Insufficient data
2025-10-08 11:45:29,766 - kite_client - ERROR - Failed to get historical data: Incorrect `api_key` or `access_token`.
2025-10-08 11:45:29,772 - trading_strategies - WARNING - Analysis failed for NSE:BHARTIARTL: Insufficient data
2025-10-08 11:45:30,065 - kite_client - ERROR - Failed to get positions: Incorrect `api_key` or `access_token`.
2025-10-08 11:45:30,335 - kite_client - ERROR - Failed to get positions: Incorrect `api_key` or `access_token`.
2025-10-08 11:45:30,641 - kite_client - ERROR - Failed to get holdings: Incorrect `api_key` or `access_token`.
2025-10-08 11:45:30,925 - kite_client - ERROR - Failed to get margins: Incorrect `api_key` or `access_token`.
2025-10-08 11:45:30,925 - __main__ - INFO - Portfolio rebalancing suggestions:
2025-10-08 11:45:30,925 - __main__ - INFO -   - {'type': 'diversify', 'current_positions': 0, 'suggested_positions': 8, 'reason': 'Portfolio under-diversified'}
2025-10-08 11:45:30,925 - __main__ - INFO - Trading cycle completed
2025-10-08 11:50:31,094 - __main__ - INFO - Starting trading cycle...
2025-10-08 11:50:31,452 - kite_client - ERROR - Failed to get positions: Incorrect `api_key` or `access_token`.
2025-10-08 11:50:31,900 - kite_client - ERROR - Failed to get holdings: Incorrect `api_key` or `access_token`.
2025-10-08 11:50:32,310 - kite_client - ERROR - Failed to get margins: Incorrect `api_key` or `access_token`.
2025-10-08 11:50:32,578 - kite_client - ERROR - Failed to get positions: Incorrect `api_key` or `access_token`.
2025-10-08 11:50:32,924 - kite_client - ERROR - Failed to get holdings: Incorrect `api_key` or `access_token`.
2025-10-08 11:50:33,231 - kite_client - ERROR - Failed to get margins: Incorrect `api_key` or `access_token`.
2025-10-08 11:50:33,232 - __main__ - INFO - Portfolio value: ₹0.00
2025-10-08 11:50:33,232 - __main__ - INFO - Day PnL: ₹0.00
2025-10-08 11:50:35,484 - kite_client - ERROR - Failed to get historical data: Incorrect `api_key` or `access_token`.
2025-10-08 11:50:35,489 - trading_strategies - WARNING - Analysis failed for NSE:RELIANCE: Insufficient data
2025-10-08 11:50:36,245 - kite_client - ERROR - Failed to get historical data: Incorrect `api_key` or `access_token`.
2025-10-08 11:50:36,251 - trading_strategies - WARNING - Analysis failed for NSE:TCS: Insufficient data
2025-10-08 11:50:36,926 - kite_client - ERROR - Failed to get historical data: Incorrect `api_key` or `access_token`.
2025-10-08 11:50:36,932 - trading_strategies - WARNING - Analysis failed for NSE:HDFCBANK: Insufficient data
2025-10-08 11:50:37,662 - kite_client - ERROR - Failed to get historical data: Incorrect `api_key` or `access_token`.
2025-10-08 11:50:37,670 - trading_strategies - WARNING - Analysis failed for NSE:INFY: Insufficient data
2025-10-08 11:50:38,301 - kite_client - ERROR - Failed to get historical data: Incorrect `api_key` or `access_token`.
2025-10-08 11:50:38,307 - trading_strategies - WARNING - Analysis failed for NSE:HINDUNILVR: Insufficient data
2025-10-08 11:50:38,908 - kite_client - ERROR - Failed to get historical data: Incorrect `api_key` or `access_token`.
2025-10-08 11:50:38,914 - trading_strategies - WARNING - Analysis failed for NSE:ITC: Insufficient data
2025-10-08 11:50:39,683 - kite_client - ERROR - Failed to get historical data: Incorrect `api_key` or `access_token`.
2025-10-08 11:50:39,691 - trading_strategies - WARNING - Analysis failed for NSE:KOTAKBANK: Insufficient data
2025-10-08 11:50:40,365 - kite_client - ERROR - Failed to get historical data: Incorrect `api_key` or `access_token`.
2025-10-08 11:50:40,370 - trading_strategies - WARNING - Analysis failed for NSE:LT: Insufficient data
2025-10-08 11:50:41,296 - kite_client - ERROR - Failed to get historical data: Incorrect `api_key` or `access_token`.
2025-10-08 11:50:41,304 - trading_strategies - WARNING - Analysis failed for NSE:SBIN: Insufficient data
2025-10-08 11:50:42,142 - kite_client - ERROR - Failed to get historical data: Incorrect `api_key` or `access_token`.
2025-10-08 11:50:42,147 - trading_strategies - WARNING - Analysis failed for NSE:BHARTIARTL: Insufficient data
2025-10-08 11:50:42,549 - kite_client - ERROR - Failed to get positions: Incorrect `api_key` or `access_token`.
2025-10-08 11:50:42,960 - kite_client - ERROR - Failed to get positions: Incorrect `api_key` or `access_token`.
2025-10-08 11:50:43,213 - kite_client - ERROR - Failed to get holdings: Incorrect `api_key` or `access_token`.
2025-10-08 11:50:43,476 - kite_client - ERROR - Failed to get margins: Incorrect `api_key` or `access_token`.
2025-10-08 11:50:43,477 - __main__ - INFO - Portfolio rebalancing suggestions:
2025-10-08 11:50:43,477 - __main__ - INFO -   - {'type': 'diversify', 'current_positions': 0, 'suggested_positions': 8, 'reason': 'Portfolio under-diversified'}
2025-10-08 11:50:43,477 - __main__ - INFO - Trading cycle completed
2025-10-08 11:59:06,471 - __main__ - INFO - Starting trading cycle...
2025-10-08 11:59:06,884 - kite_client - ERROR - Failed to get positions: ('Connection aborted.', ConnectionResetError(54, 'Connection reset by peer'))
2025-10-08 11:59:07,482 - kite_client - ERROR - Failed to get holdings: Incorrect `api_key` or `access_token`.
2025-10-08 11:59:07,745 - kite_client - ERROR - Failed to get margins: Incorrect `api_key` or `access_token`.
2025-10-08 11:59:08,009 - kite_client - ERROR - Failed to get positions: Incorrect `api_key` or `access_token`.
2025-10-08 11:59:08,283 - kite_client - ERROR - Failed to get holdings: Incorrect `api_key` or `access_token`.
2025-10-08 11:59:08,559 - kite_client - ERROR - Failed to get margins: Incorrect `api_key` or `access_token`.
2025-10-08 11:59:08,559 - __main__ - INFO - Portfolio value: ₹0.00
2025-10-08 11:59:08,559 - __main__ - INFO - Day PnL: ₹0.00
2025-10-08 11:59:09,392 - kite_client - ERROR - Failed to get historical data: Incorrect `api_key` or `access_token`.
2025-10-08 11:59:09,396 - trading_strategies - WARNING - Analysis failed for NSE:RELIANCE: Insufficient data
2025-10-08 11:59:10,081 - kite_client - ERROR - Failed to get historical data: Incorrect `api_key` or `access_token`.
2025-10-08 11:59:10,085 - trading_strategies - WARNING - Analysis failed for NSE:TCS: Insufficient data
2025-10-08 11:59:10,709 - kite_client - ERROR - Failed to get historical data: Incorrect `api_key` or `access_token`.
2025-10-08 11:59:10,713 - trading_strategies - WARNING - Analysis failed for NSE:HDFCBANK: Insufficient data
2025-10-08 11:59:11,331 - kite_client - ERROR - Failed to get historical data: Incorrect `api_key` or `access_token`.
2025-10-08 11:59:11,336 - trading_strategies - WARNING - Analysis failed for NSE:INFY: Insufficient data
2025-10-08 11:59:12,093 - kite_client - ERROR - Failed to get historical data: Incorrect `api_key` or `access_token`.
2025-10-08 11:59:12,098 - trading_strategies - WARNING - Analysis failed for NSE:HINDUNILVR: Insufficient data
2025-10-08 11:59:12,726 - kite_client - ERROR - Failed to get historical data: Incorrect `api_key` or `access_token`.
2025-10-08 11:59:12,729 - trading_strategies - WARNING - Analysis failed for NSE:ITC: Insufficient data
2025-10-08 11:59:13,352 - kite_client - ERROR - Failed to get historical data: Incorrect `api_key` or `access_token`.
2025-10-08 11:59:13,357 - trading_strategies - WARNING - Analysis failed for NSE:KOTAKBANK: Insufficient data
2025-10-08 11:59:13,986 - kite_client - ERROR - Failed to get historical data: Incorrect `api_key` or `access_token`.
2025-10-08 11:59:13,990 - trading_strategies - WARNING - Analysis failed for NSE:LT: Insufficient data
2025-10-08 11:59:14,633 - kite_client - ERROR - Failed to get historical data: Incorrect `api_key` or `access_token`.
2025-10-08 11:59:14,637 - trading_strategies - WARNING - Analysis failed for NSE:SBIN: Insufficient data
2025-10-08 11:59:15,278 - kite_client - ERROR - Failed to get historical data: Incorrect `api_key` or `access_token`.
2025-10-08 11:59:15,283 - trading_strategies - WARNING - Analysis failed for NSE:BHARTIARTL: Insufficient data
2025-10-08 11:59:15,573 - kite_client - ERROR - Failed to get positions: Incorrect `api_key` or `access_token`.
2025-10-08 11:59:15,854 - kite_client - ERROR - Failed to get positions: Incorrect `api_key` or `access_token`.
2025-10-08 11:59:16,133 - kite_client - ERROR - Failed to get holdings: Incorrect `api_key` or `access_token`.
2025-10-08 11:59:16,400 - kite_client - ERROR - Failed to get margins: Incorrect `api_key` or `access_token`.
2025-10-08 11:59:16,400 - __main__ - INFO - Portfolio rebalancing suggestions:
2025-10-08 11:59:16,400 - __main__ - INFO -   - {'type': 'diversify', 'current_positions': 0, 'suggested_positions': 8, 'reason': 'Portfolio under-diversified'}
2025-10-08 11:59:16,400 - __main__ - INFO - Trading cycle completed
2025-10-08 12:04:16,589 - __main__ - INFO - Starting trading cycle...
2025-10-08 12:04:17,000 - kite_client - ERROR - Failed to get positions: Incorrect `api_key` or `access_token`.
2025-10-08 12:04:17,354 - kite_client - ERROR - Failed to get holdings: Incorrect `api_key` or `access_token`.
2025-10-08 12:04:17,626 - kite_client - ERROR - Failed to get margins: Incorrect `api_key` or `access_token`.
2025-10-08 12:04:17,973 - kite_client - ERROR - Failed to get positions: Incorrect `api_key` or `access_token`.
2025-10-08 12:04:18,311 - kite_client - ERROR - Failed to get holdings: Incorrect `api_key` or `access_token`.
2025-10-08 12:04:19,359 - kite_client - ERROR - Failed to get margins: Incorrect `api_key` or `access_token`.
2025-10-08 12:04:19,359 - __main__ - INFO - Portfolio value: ₹0.00
2025-10-08 12:04:19,359 - __main__ - INFO - Day PnL: ₹0.00
2025-10-08 12:04:20,037 - kite_client - ERROR - Failed to get historical data: Incorrect `api_key` or `access_token`.
2025-10-08 12:04:20,043 - trading_strategies - WARNING - Analysis failed for NSE:RELIANCE: Insufficient data
2025-10-08 12:04:21,453 - kite_client - ERROR - Failed to get historical data: Incorrect `api_key` or `access_token`.
2025-10-08 12:04:21,459 - trading_strategies - WARNING - Analysis failed for NSE:TCS: Insufficient data
2025-10-08 12:04:22,206 - kite_client - ERROR - Failed to get historical data: Incorrect `api_key` or `access_token`.
2025-10-08 12:04:22,211 - trading_strategies - WARNING - Analysis failed for NSE:HDFCBANK: Insufficient data
2025-10-08 12:04:22,974 - kite_client - ERROR - Failed to get historical data: Incorrect `api_key` or `access_token`.
2025-10-08 12:04:22,980 - trading_strategies - WARNING - Analysis failed for NSE:INFY: Insufficient data
2025-10-08 12:04:23,650 - kite_client - ERROR - Failed to get historical data: Incorrect `api_key` or `access_token`.
2025-10-08 12:04:23,658 - trading_strategies - WARNING - Analysis failed for NSE:HINDUNILVR: Insufficient data
2025-10-08 12:04:24,417 - kite_client - ERROR - Failed to get historical data: Incorrect `api_key` or `access_token`.
2025-10-08 12:04:24,421 - trading_strategies - WARNING - Analysis failed for NSE:ITC: Insufficient data
2025-10-08 12:04:25,080 - kite_client - ERROR - Failed to get historical data: Incorrect `api_key` or `access_token`.
2025-10-08 12:04:25,085 - trading_strategies - WARNING - Analysis failed for NSE:KOTAKBANK: Insufficient data
2025-10-08 12:04:25,730 - kite_client - ERROR - Failed to get historical data: Incorrect `api_key` or `access_token`.
2025-10-08 12:04:25,738 - trading_strategies - WARNING - Analysis failed for NSE:LT: Insufficient data
2025-10-08 12:04:26,431 - kite_client - ERROR - Failed to get historical data: Incorrect `api_key` or `access_token`.
2025-10-08 12:04:26,436 - trading_strategies - WARNING - Analysis failed for NSE:SBIN: Insufficient data
2025-10-08 12:04:27,165 - kite_client - ERROR - Failed to get historical data: Incorrect `api_key` or `access_token`.
2025-10-08 12:04:27,171 - trading_strategies - WARNING - Analysis failed for NSE:BHARTIARTL: Insufficient data
2025-10-08 12:04:27,435 - kite_client - ERROR - Failed to get positions: Incorrect `api_key` or `access_token`.
2025-10-08 12:04:27,800 - kite_client - ERROR - Failed to get positions: Incorrect `api_key` or `access_token`.
2025-10-08 12:04:28,074 - kite_client - ERROR - Failed to get holdings: Incorrect `api_key` or `access_token`.
2025-10-08 12:04:28,416 - kite_client - ERROR - Failed to get margins: Incorrect `api_key` or `access_token`.
2025-10-08 12:04:28,416 - __main__ - INFO - Portfolio rebalancing suggestions:
2025-10-08 12:04:28,417 - __main__ - INFO -   - {'type': 'diversify', 'current_positions': 0, 'suggested_positions': 8, 'reason': 'Portfolio under-diversified'}
2025-10-08 12:04:28,417 - __main__ - INFO - Trading cycle completed
2025-10-08 12:09:28,630 - __main__ - INFO - Starting trading cycle...
2025-10-08 12:09:29,023 - kite_client - ERROR - Failed to get positions: Incorrect `api_key` or `access_token`.
2025-10-08 12:09:29,410 - kite_client - ERROR - Failed to get holdings: Incorrect `api_key` or `access_token`.
2025-10-08 12:09:29,712 - kite_client - ERROR - Failed to get margins: Incorrect `api_key` or `access_token`.
2025-10-08 12:09:30,063 - kite_client - ERROR - Failed to get positions: Incorrect `api_key` or `access_token`.
2025-10-08 12:09:30,336 - kite_client - ERROR - Failed to get holdings: Incorrect `api_key` or `access_token`.
2025-10-08 12:09:30,607 - kite_client - ERROR - Failed to get margins: Incorrect `api_key` or `access_token`.
2025-10-08 12:09:30,607 - __main__ - INFO - Portfolio value: ₹0.00
2025-10-08 12:09:30,607 - __main__ - INFO - Day PnL: ₹0.00
2025-10-08 12:09:31,320 - kite_client - ERROR - Failed to get historical data: Incorrect `api_key` or `access_token`.
2025-10-08 12:09:31,329 - trading_strategies - WARNING - Analysis failed for NSE:RELIANCE: Insufficient data
2025-10-08 12:09:31,980 - kite_client - ERROR - Failed to get historical data: Incorrect `api_key` or `access_token`.
2025-10-08 12:09:31,986 - trading_strategies - WARNING - Analysis failed for NSE:TCS: Insufficient data
2025-10-08 12:09:32,691 - kite_client - ERROR - Failed to get historical data: Incorrect `api_key` or `access_token`.
2025-10-08 12:09:32,697 - trading_strategies - WARNING - Analysis failed for NSE:HDFCBANK: Insufficient data
2025-10-08 12:09:33,441 - kite_client - ERROR - Failed to get historical data: Incorrect `api_key` or `access_token`.
2025-10-08 12:09:33,449 - trading_strategies - WARNING - Analysis failed for NSE:INFY: Insufficient data
2025-10-08 12:09:34,131 - kite_client - ERROR - Failed to get historical data: Incorrect `api_key` or `access_token`.
2025-10-08 12:09:34,136 - trading_strategies - WARNING - Analysis failed for NSE:HINDUNILVR: Insufficient data
2025-10-08 12:09:34,804 - kite_client - ERROR - Failed to get historical data: Incorrect `api_key` or `access_token`.
2025-10-08 12:09:34,810 - trading_strategies - WARNING - Analysis failed for NSE:ITC: Insufficient data
2025-10-08 12:09:35,444 - kite_client - ERROR - Failed to get historical data: Incorrect `api_key` or `access_token`.
2025-10-08 12:09:35,450 - trading_strategies - WARNING - Analysis failed for NSE:KOTAKBANK: Insufficient data
2025-10-08 12:09:36,093 - kite_client - ERROR - Failed to get historical data: Incorrect `api_key` or `access_token`.
2025-10-08 12:09:36,099 - trading_strategies - WARNING - Analysis failed for NSE:LT: Insufficient data
2025-10-08 12:09:36,751 - kite_client - ERROR - Failed to get historical data: Incorrect `api_key` or `access_token`.
2025-10-08 12:09:36,759 - trading_strategies - WARNING - Analysis failed for NSE:SBIN: Insufficient data
2025-10-08 12:09:38,270 - kite_client - ERROR - Failed to get historical data: Incorrect `api_key` or `access_token`.
2025-10-08 12:09:38,276 - trading_strategies - WARNING - Analysis failed for NSE:BHARTIARTL: Insufficient data
2025-10-08 12:09:38,548 - kite_client - ERROR - Failed to get positions: Incorrect `api_key` or `access_token`.
2025-10-08 12:09:38,814 - kite_client - ERROR - Failed to get positions: Incorrect `api_key` or `access_token`.
2025-10-08 12:09:39,102 - kite_client - ERROR - Failed to get holdings: Incorrect `api_key` or `access_token`.
2025-10-08 12:09:39,510 - kite_client - ERROR - Failed to get margins: Incorrect `api_key` or `access_token`.
2025-10-08 12:09:39,510 - __main__ - INFO - Portfolio rebalancing suggestions:
2025-10-08 12:09:39,510 - __main__ - INFO -   - {'type': 'diversify', 'current_positions': 0, 'suggested_positions': 8, 'reason': 'Portfolio under-diversified'}
2025-10-08 12:09:39,511 - __main__ - INFO - Trading cycle completed
2025-10-08 12:14:39,701 - __main__ - INFO - Starting trading cycle...
2025-10-08 12:14:40,072 - kite_client - ERROR - Failed to get positions: Incorrect `api_key` or `access_token`.
2025-10-08 12:14:40,461 - kite_client - ERROR - Failed to get holdings: Incorrect `api_key` or `access_token`.
2025-10-08 12:14:40,731 - kite_client - ERROR - Failed to get margins: Incorrect `api_key` or `access_token`.
2025-10-08 12:14:40,995 - kite_client - ERROR - Failed to get positions: Incorrect `api_key` or `access_token`.
2025-10-08 12:14:41,281 - kite_client - ERROR - Failed to get holdings: Incorrect `api_key` or `access_token`.
2025-10-08 12:14:42,322 - kite_client - ERROR - Failed to get margins: Incorrect `api_key` or `access_token`.
2025-10-08 12:14:42,323 - __main__ - INFO - Portfolio value: ₹0.00
2025-10-08 12:14:42,323 - __main__ - INFO - Day PnL: ₹0.00
2025-10-08 12:14:43,004 - kite_client - ERROR - Failed to get historical data: Incorrect `api_key` or `access_token`.
2025-10-08 12:14:43,012 - trading_strategies - WARNING - Analysis failed for NSE:RELIANCE: Insufficient data
2025-10-08 12:14:43,679 - kite_client - ERROR - Failed to get historical data: Incorrect `api_key` or `access_token`.
2025-10-08 12:14:43,687 - trading_strategies - WARNING - Analysis failed for NSE:TCS: Insufficient data
2025-10-08 12:14:45,073 - kite_client - ERROR - Failed to get historical data: Incorrect `api_key` or `access_token`.
2025-10-08 12:14:45,081 - trading_strategies - WARNING - Analysis failed for NSE:HDFCBANK: Insufficient data
2025-10-08 12:14:45,891 - kite_client - ERROR - Failed to get historical data: Incorrect `api_key` or `access_token`.
2025-10-08 12:14:45,898 - trading_strategies - WARNING - Analysis failed for NSE:INFY: Insufficient data
2025-10-08 12:14:46,738 - kite_client - ERROR - Failed to get historical data: Incorrect `api_key` or `access_token`.
2025-10-08 12:14:46,745 - trading_strategies - WARNING - Analysis failed for NSE:HINDUNILVR: Insufficient data
2025-10-08 12:14:47,532 - kite_client - ERROR - Failed to get historical data: Incorrect `api_key` or `access_token`.
2025-10-08 12:14:47,537 - trading_strategies - WARNING - Analysis failed for NSE:ITC: Insufficient data
2025-10-08 12:14:48,246 - kite_client - ERROR - Failed to get historical data: Incorrect `api_key` or `access_token`.
2025-10-08 12:14:48,253 - trading_strategies - WARNING - Analysis failed for NSE:KOTAKBANK: Insufficient data
2025-10-08 12:14:48,997 - kite_client - ERROR - Failed to get historical data: Incorrect `api_key` or `access_token`.
2025-10-08 12:14:49,003 - trading_strategies - WARNING - Analysis failed for NSE:LT: Insufficient data
2025-10-08 12:14:49,659 - kite_client - ERROR - Failed to get historical data: Incorrect `api_key` or `access_token`.
2025-10-08 12:14:49,668 - trading_strategies - WARNING - Analysis failed for NSE:SBIN: Insufficient data
2025-10-08 12:14:50,294 - kite_client - ERROR - Failed to get historical data: Incorrect `api_key` or `access_token`.
2025-10-08 12:14:50,302 - trading_strategies - WARNING - Analysis failed for NSE:BHARTIARTL: Insufficient data
2025-10-08 12:14:50,562 - kite_client - ERROR - Failed to get positions: Incorrect `api_key` or `access_token`.
2025-10-08 12:14:50,822 - kite_client - ERROR - Failed to get positions: Incorrect `api_key` or `access_token`.
2025-10-08 12:14:51,111 - kite_client - ERROR - Failed to get holdings: Incorrect `api_key` or `access_token`.
2025-10-08 12:14:51,419 - kite_client - ERROR - Failed to get margins: Incorrect `api_key` or `access_token`.
2025-10-08 12:14:51,420 - __main__ - INFO - Portfolio rebalancing suggestions:
2025-10-08 12:14:51,420 - __main__ - INFO -   - {'type': 'diversify', 'current_positions': 0, 'suggested_positions': 8, 'reason': 'Portfolio under-diversified'}
2025-10-08 12:14:51,420 - __main__ - INFO - Trading cycle completed
2025-10-08 12:19:51,575 - __main__ - INFO - Starting trading cycle...
2025-10-08 12:19:51,944 - kite_client - ERROR - Failed to get positions: Incorrect `api_key` or `access_token`.
2025-10-08 12:19:52,204 - kite_client - ERROR - Failed to get holdings: Incorrect `api_key` or `access_token`.
2025-10-08 12:19:52,465 - kite_client - ERROR - Failed to get margins: Incorrect `api_key` or `access_token`.
2025-10-08 12:19:52,725 - kite_client - ERROR - Failed to get positions: Incorrect `api_key` or `access_token`.
2025-10-08 12:19:53,091 - kite_client - ERROR - Failed to get holdings: Incorrect `api_key` or `access_token`.
2025-10-08 12:19:53,374 - kite_client - ERROR - Failed to get margins: Incorrect `api_key` or `access_token`.
2025-10-08 12:19:53,375 - __main__ - INFO - Portfolio value: ₹0.00
2025-10-08 12:19:53,375 - __main__ - INFO - Day PnL: ₹0.00
2025-10-08 12:19:54,117 - kite_client - ERROR - Failed to get historical data: Incorrect `api_key` or `access_token`.
2025-10-08 12:19:54,122 - trading_strategies - WARNING - Analysis failed for NSE:RELIANCE: Insufficient data
2025-10-08 12:19:54,834 - kite_client - ERROR - Failed to get historical data: Incorrect `api_key` or `access_token`.
2025-10-08 12:19:54,838 - trading_strategies - WARNING - Analysis failed for NSE:TCS: Insufficient data
2025-10-08 12:19:57,041 - kite_client - ERROR - Failed to get historical data: Incorrect `api_key` or `access_token`.
2025-10-08 12:19:57,044 - trading_strategies - WARNING - Analysis failed for NSE:HDFCBANK: Insufficient data
2025-10-08 12:19:57,904 - kite_client - ERROR - Failed to get historical data: Incorrect `api_key` or `access_token`.
2025-10-08 12:19:57,909 - trading_strategies - WARNING - Analysis failed for NSE:INFY: Insufficient data
2025-10-08 12:19:58,529 - kite_client - ERROR - Failed to get historical data: Incorrect `api_key` or `access_token`.
2025-10-08 12:19:58,532 - trading_strategies - WARNING - Analysis failed for NSE:HINDUNILVR: Insufficient data
2025-10-08 12:19:59,294 - kite_client - ERROR - Failed to get historical data: Incorrect `api_key` or `access_token`.
2025-10-08 12:19:59,299 - trading_strategies - WARNING - Analysis failed for NSE:ITC: Insufficient data
2025-10-08 12:19:59,952 - kite_client - ERROR - Failed to get historical data: Incorrect `api_key` or `access_token`.
2025-10-08 12:19:59,955 - trading_strategies - WARNING - Analysis failed for NSE:KOTAKBANK: Insufficient data
2025-10-08 12:20:00,670 - kite_client - ERROR - Failed to get historical data: Incorrect `api_key` or `access_token`.
2025-10-08 12:20:00,675 - trading_strategies - WARNING - Analysis failed for NSE:LT: Insufficient data
2025-10-08 12:20:01,296 - kite_client - ERROR - Failed to get historical data: Incorrect `api_key` or `access_token`.
2025-10-08 12:20:01,300 - trading_strategies - WARNING - Analysis failed for NSE:SBIN: Insufficient data
2025-10-08 12:20:01,980 - kite_client - ERROR - Failed to get historical data: Incorrect `api_key` or `access_token`.
2025-10-08 12:20:01,984 - trading_strategies - WARNING - Analysis failed for NSE:BHARTIARTL: Insufficient data
2025-10-08 12:20:02,252 - kite_client - ERROR - Failed to get positions: Incorrect `api_key` or `access_token`.
2025-10-08 12:20:02,521 - kite_client - ERROR - Failed to get positions: Incorrect `api_key` or `access_token`.
2025-10-08 12:20:02,811 - kite_client - ERROR - Failed to get holdings: Incorrect `api_key` or `access_token`.
2025-10-08 12:20:03,077 - kite_client - ERROR - Failed to get margins: Incorrect `api_key` or `access_token`.
2025-10-08 12:20:03,077 - __main__ - INFO - Portfolio rebalancing suggestions:
2025-10-08 12:20:03,077 - __main__ - INFO -   - {'type': 'diversify', 'current_positions': 0, 'suggested_positions': 8, 'reason': 'Portfolio under-diversified'}
2025-10-08 12:20:03,077 - __main__ - INFO - Trading cycle completed
2025-10-08 12:25:03,191 - __main__ - INFO - Starting trading cycle...
2025-10-08 12:25:03,579 - kite_client - ERROR - Failed to get positions: Incorrect `api_key` or `access_token`.
2025-10-08 12:25:03,877 - kite_client - ERROR - Failed to get holdings: Incorrect `api_key` or `access_token`.
2025-10-08 12:25:04,934 - kite_client - ERROR - Failed to get margins: Incorrect `api_key` or `access_token`.
2025-10-08 12:25:05,210 - kite_client - ERROR - Failed to get positions: Incorrect `api_key` or `access_token`.
2025-10-08 12:25:05,476 - kite_client - ERROR - Failed to get holdings: Incorrect `api_key` or `access_token`.
2025-10-08 12:25:05,786 - kite_client - ERROR - Failed to get margins: Incorrect `api_key` or `access_token`.
2025-10-08 12:25:05,787 - __main__ - INFO - Portfolio value: ₹0.00
2025-10-08 12:25:05,787 - __main__ - INFO - Day PnL: ₹0.00
2025-10-08 12:25:06,560 - kite_client - ERROR - Failed to get historical data: Incorrect `api_key` or `access_token`.
2025-10-08 12:25:06,564 - trading_strategies - WARNING - Analysis failed for NSE:RELIANCE: Insufficient data
2025-10-08 12:25:07,229 - kite_client - ERROR - Failed to get historical data: Incorrect `api_key` or `access_token`.
2025-10-08 12:25:07,237 - trading_strategies - WARNING - Analysis failed for NSE:TCS: Insufficient data
2025-10-08 12:25:08,077 - kite_client - ERROR - Failed to get historical data: Incorrect `api_key` or `access_token`.
2025-10-08 12:25:08,081 - trading_strategies - WARNING - Analysis failed for NSE:HDFCBANK: Insufficient data
2025-10-08 12:25:08,896 - kite_client - ERROR - Failed to get historical data: Incorrect `api_key` or `access_token`.
2025-10-08 12:25:08,900 - trading_strategies - WARNING - Analysis failed for NSE:INFY: Insufficient data
2025-10-08 12:25:09,653 - kite_client - ERROR - Failed to get historical data: Incorrect `api_key` or `access_token`.
2025-10-08 12:25:09,659 - trading_strategies - WARNING - Analysis failed for NSE:HINDUNILVR: Insufficient data
2025-10-08 12:25:10,328 - kite_client - ERROR - Failed to get historical data: Incorrect `api_key` or `access_token`.
2025-10-08 12:25:10,334 - trading_strategies - WARNING - Analysis failed for NSE:ITC: Insufficient data
2025-10-08 12:25:11,147 - kite_client - ERROR - Failed to get historical data: Incorrect `api_key` or `access_token`.
2025-10-08 12:25:11,152 - trading_strategies - WARNING - Analysis failed for NSE:KOTAKBANK: Insufficient data
2025-10-08 12:25:11,864 - kite_client - ERROR - Failed to get historical data: Incorrect `api_key` or `access_token`.
2025-10-08 12:25:11,869 - trading_strategies - WARNING - Analysis failed for NSE:LT: Insufficient data
2025-10-08 12:25:12,509 - kite_client - ERROR - Failed to get historical data: Incorrect `api_key` or `access_token`.
2025-10-08 12:25:12,513 - trading_strategies - WARNING - Analysis failed for NSE:SBIN: Insufficient data
2025-10-08 12:25:13,299 - kite_client - ERROR - Failed to get historical data: Incorrect `api_key` or `access_token`.
2025-10-08 12:25:13,305 - trading_strategies - WARNING - Analysis failed for NSE:BHARTIARTL: Insufficient data
2025-10-08 12:25:13,605 - kite_client - ERROR - Failed to get positions: Incorrect `api_key` or `access_token`.
2025-10-08 12:25:13,864 - kite_client - ERROR - Failed to get positions: Incorrect `api_key` or `access_token`.
2025-10-08 12:25:14,134 - kite_client - ERROR - Failed to get holdings: Incorrect `api_key` or `access_token`.
2025-10-08 12:25:14,424 - kite_client - ERROR - Failed to get margins: Incorrect `api_key` or `access_token`.
2025-10-08 12:25:14,425 - __main__ - INFO - Portfolio rebalancing suggestions:
2025-10-08 12:25:14,425 - __main__ - INFO -   - {'type': 'diversify', 'current_positions': 0, 'suggested_positions': 8, 'reason': 'Portfolio under-diversified'}
2025-10-08 12:25:14,425 - __main__ - INFO - Trading cycle completed
